scenario,seed,agents_spawned,riders_total,drivers_total,passengers_served,passengers_unserved,service_rate,drivers_active,vehicle_km_total,vehicle_km_loaded,vehicle_km_empty,empty_distance_share,passenger_km,mean_occupancy,mean_wait_s,mean_journey_time_s,taxi_km_empty_to_pickup,mean_time_to_pickup_s,fleet_utilisation,incentive_paid,cost_per_passenger_served,model_decisions,model_calls,usd_per_decision,tokens_per_decision,decision_latency_ms,invalid_action_rate,stranded,stopped_by_clock,private_drivers,private_drivers_arrived,private_party_km,passengers_served_as_published,fleet_misboardings,fleet_lost_assignments
lane-bourgoin,1,45,20,25,20,0,1.000000,9,891.429208,272.438954,618.990255,0.694380,605.419898,0.679156,282.000000,2723.150000,0.000000,0.000000,0.000000,0.000000,0.000000,0,0,0.000000,0.000000,0.000000,0.000000,0,false,0,0,0.000000,20,0,0
lane-bourgoin,2,45,20,25,19,1,0.950000,7,868.433474,211.896964,656.536510,0.756001,575.148903,0.662283,260.526316,2670.842105,0.000000,0.000000,0.000000,0.000000,0.000000,0,0,0.000000,0.000000,0.000000,0.000000,0,false,0,0,0.000000,19,0,0
lane-bourgoin,3,45,20,25,19,1,0.950000,8,914.145673,242.079971,672.065701,0.735184,575.060915,0.629069,254.210526,2667.736842,0.000000,0.000000,0.000000,0.000000,0.000000,0,0,0.000000,0.000000,0.000000,0.000000,1,true,0,0,0.000000,19,0,0
lane-bourgoin,4,45,20,25,20,0,1.000000,9,930.289434,272.438954,657.850480,0.707146,605.419898,0.650787,256.500000,2646.800000,0.000000,0.000000,0.000000,0.000000,0.000000,0,0,0.000000,0.000000,0.000000,0.000000,0,false,0,0,0.000000,20,0,0
lane-bourgoin,5,45,20,25,19,1,0.950000,7,857.347203,211.896964,645.450239,0.752846,575.148903,0.670847,478.421053,2918.894737,0.000000,0.000000,0.000000,0.000000,0.000000,0,0,0.000000,0.000000,0.000000,0.000000,1,true,0,0,0.000000,19,0,0
lane-bourgoin,6,45,20,25,15,5,0.750000,6,885.309505,181.625969,703.683536,0.794845,454.064923,0.512888,284.000000,2753.866667,0.000000,0.000000,0.000000,0.000000,0.000000,0,0,0.000000,0.000000,0.000000,0.000000,1,true,0,0,0.000000,15,0,0
lane-bourgoin,7,45,20,25,17,3,0.850000,5,910.583354,151.354974,759.228380,0.833782,514.606913,0.565140,317.647059,2733.764706,0.000000,0.000000,0.000000,0.000000,0.000000,0,0,0.000000,0.000000,0.000000,0.000000,1,true,0,0,0.000000,17,0,0
lane-bourgoin,8,45,20,25,17,3,0.850000,5,894.386631,151.354974,743.031656,0.830772,514.606913,0.575374,337.058824,2765.352941,0.000000,0.000000,0.000000,0.000000,0.000000,0,0,0.000000,0.000000,0.000000,0.000000,3,true,0,0,0.000000,17,0,0
lane-bourgoin,9,45,20,25,18,2,0.900000,6,867.775070,181.625969,686.149100,0.790699,544.877908,0.627902,325.000000,2751.388889,0.000000,0.000000,0.000000,0.000000,0.000000,0,0,0.000000,0.000000,0.000000,0.000000,2,true,0,0,0.000000,18,0,0
lane-bourgoin,10,45,20,25,20,0,1.000000,7,891.148431,211.896964,679.251467,0.762220,605.419898,0.679370,369.000000,2773.550000,0.000000,0.000000,0.000000,0.000000,0.000000,0,0,0.000000,0.000000,0.000000,0.000000,0,false,0,0,0.000000,20,0,0
lane-mermoz,1,20,10,10,0,10,0.000000,0,322.669074,0.000000,322.669074,1.000000,0.000000,0.000000,0.000000,0.000000,0.000000,0.000000,0.000000,0.000000,0.000000,0,0,0.000000,0.000000,0.000000,0.000000,10,true,0,0,0.000000,0,0,0
lane-mermoz,2,20,10,10,3,7,0.300000,1,325.288918,30.307357,294.981561,0.906829,90.922070,0.279512,1110.000000,3554.666667,0.000000,0.000000,0.000000,0.000000,0.000000,0,0,0.000000,0.000000,0.000000,0.000000,7,true,0,0,0.000000,3,0,0
lane-mermoz,3,20,10,10,4,6,0.400000,1,313.878586,30.356163,283.522423,0.903287,121.424653,0.386852,2760.000000,5253.250000,0.000000,0.000000,0.000000,0.000000,0.000000,0,0,0.000000,0.000000,0.000000,0.000000,6,true,0,0,0.000000,4,0,0
lane-mermoz,4,20,10,10,0,10,0.000000,0,320.896831,0.000000,320.896831,1.000000,0.000000,0.000000,0.000000,0.000000,0.000000,0.000000,0.000000,0.000000,0.000000,0,0,0.000000,0.000000,0.000000,0.000000,10,true,0,0,0.000000,0,0,0
lane-mermoz,5,20,10,10,0,10,0.000000,0,316.559619,0.000000,316.559619,1.000000,0.000000,0.000000,0.000000,0.000000,0.000000,0.000000,0.000000,0.000000,0.000000,0,0,0.000000,0.000000,0.000000,0.000000,10,true,0,0,0.000000,0,0,0
lane-mermoz,6,20,10,10,0,10,0.000000,0,326.045123,0.000000,326.045123,1.000000,0.000000,0.000000,0.000000,0.000000,0.000000,0.000000,0.000000,0.000000,0.000000,0,0,0.000000,0.000000,0.000000,0.000000,10,true,0,0,0.000000,0,0,0
lane-mermoz,7,20,10,10,0,10,0.000000,0,334.763751,0.000000,334.763751,1.000000,0.000000,0.000000,0.000000,0.000000,0.000000,0.000000,0.000000,0.000000,0.000000,0,0,0.000000,0.000000,0.000000,0.000000,10,true,0,0,0.000000,0,0,0
lane-mermoz,8,20,10,10,5,5,0.500000,1,312.323500,30.328757,281.994743,0.902893,151.643787,0.485534,2628.000000,5148.200000,0.000000,0.000000,0.000000,0.000000,0.000000,0,0,0.000000,0.000000,0.000000,0.000000,5,true,0,0,0.000000,5,0,0
lane-mermoz,9,20,10,10,0,10,0.000000,0,321.640672,0.000000,321.640672,1.000000,0.000000,0.000000,0.000000,0.000000,0.000000,0.000000,0.000000,0.000000,0.000000,0,0,0.000000,0.000000,0.000000,0.000000,10,true,0,0,0.000000,0,0,0
lane-mermoz,10,20,10,10,0,10,0.000000,0,318.953785,0.000000,318.953785,1.000000,0.000000,0.000000,0.000000,0.000000,0.000000,0.000000,0.000000,0.000000,0.000000,0,0,0.000000,0.000000,0.000000,0.000000,10,true,0,0,0.000000,0,0,0
private-cars-100,1,2976,0,2976,0,0,0.000000,0,41592.811943,0.000000,41592.811943,1.000000,0.000000,0.000000,0.000000,0.000000,0.000000,0.000000,0.000000,0.000000,0.000000,0,0,0.000000,0.000000,0.000000,0.000000,0,false,2976,2976,44496.519859,0,0,0
private-cars-100,2,2976,0,2976,0,0,0.000000,0,40968.787740,0.000000,40968.787740,1.000000,0.000000,0.000000,0.000000,0.000000,0.000000,0.000000,0.000000,0.000000,0.000000,0,0,0.000000,0.000000,0.000000,0.000000,0,false,2976,2976,44022.515224,0,0,0
private-cars-100,3,2976,0,2976,0,0,0.000000,0,41488.040546,0.000000,41488.040546,1.000000,0.000000,0.000000,0.000000,0.000000,0.000000,0.000000,0.000000,0.000000,0.000000,0,0,0.000000,0.000000,0.000000,0.000000,0,false,2976,2976,44344.590400,0,0,0
private-cars-100,4,2976,0,2976,0,0,0.000000,0,41496.675990,0.000000,41496.675990,1.000000,0.000000,0.000000,0.000000,0.000000,0.000000,0.000000,0.000000,0.000000,0.000000,0,0,0.000000,0.000000,0.000000,0.000000,0,false,2976,2976,44416.699343,0,0,0
private-cars-100,5,2976,0,2976,0,0,0.000000,0,42133.557280,0.000000,42133.557280,1.000000,0.000000,0.000000,0.000000,0.000000,0.000000,0.000000,0.000000,0.000000,0.000000,0,0,0.000000,0.000000,0.000000,0.000000,0,false,2976,2976,45173.541215,0,0,0
private-cars-100,6,2976,0,2976,0,0,0.000000,0,41669.269179,0.000000,41669.269179,1.000000,0.000000,0.000000,0.000000,0.000000,0.000000,0.000000,0.000000,0.000000,0.000000,0,0,0.000000,0.000000,0.000000,0.000000,0,false,2976,2976,44526.830163,0,0,0
private-cars-100,7,2976,0,2976,0,0,0.000000,0,41074.666067,0.000000,41074.666067,1.000000,0.000000,0.000000,0.000000,0.000000,0.000000,0.000000,0.000000,0.000000,0.000000,0,0,0.000000,0.000000,0.000000,0.000000,0,false,2976,2976,44075.382412,0,0,0
private-cars-100,8,2976,0,2976,0,0,0.000000,0,41024.874707,0.000000,41024.874707,1.000000,0.000000,0.000000,0.000000,0.000000,0.000000,0.000000,0.000000,0.000000,0.000000,0,0,0.000000,0.000000,0.000000,0.000000,0,false,2976,2976,43685.009977,0,0,0
private-cars-100,9,2976,0,2976,0,0,0.000000,0,41562.733837,0.000000,41562.733837,1.000000,0.000000,0.000000,0.000000,0.000000,0.000000,0.000000,0.000000,0.000000,0.000000,0,0,0.000000,0.000000,0.000000,0.000000,0,false,2976,2976,44475.149146,0,0,0
private-cars-100,10,2976,0,2976,0,0,0.000000,0,41030.297117,0.000000,41030.297117,1.000000,0.000000,0.000000,0.000000,0.000000,0.000000,0.000000,0.000000,0.000000,0.000000,0,0,0.000000,0.000000,0.000000,0.000000,0,false,2976,2976,44246.322312,0,0,0
fleet-door-to-door-100,1,3426,2976,450,2820,349,0.889871,421,46238.535048,37821.730857,8416.804191,0.182030,40248.125076,0.870446,259.244428,1299.884988,8416.804191,259.244428,0.935556,0.000000,0.000000,0,0,0.000000,0.000000,0.000000,0.000000,0,false,0,0,0.000000,3169,0,326
fleet-door-to-door-100,2,3426,2976,450,2928,231,0.926876,421,46251.951298,38438.878664,7813.072634,0.168924,40930.851396,0.884954,239.075082,1256.303726,7813.072634,239.075082,0.935556,0.000000,0.000000,0,0,0.000000,0.000000,0.000000,0.000000,0,false,0,0,0.000000,3159,0,219
fleet-door-to-door-100,3,3426,2976,450,2921,268,0.915961,420,45943.433983,38154.503126,7788.930857,0.169533,40755.170027,0.887073,238.319912,1257.616651,7788.930857,238.319912,0.933333,0.000000,0.000000,0,0,0.000000,0.000000,0.000000,0.000000,0,false,0,0,0.000000,3189,0,242
fleet-door-to-door-100,4,3426,2976,450,2871,321,0.899436,418,45809.668870,37162.371165,8647.297704,0.188766,39813.135416,0.869099,265.228293,1279.885617,8647.297704,265.228293,0.928889,0.000000,0.000000,0,0,0.000000,0.000000,0.000000,0.000000,0,false,0,0,0.000000,3192,0,303
fleet-door-to-door-100,5,3426,2976,450,2853,331,0.896043,416,45275.500048,36949.734141,8325.765907,0.183891,39650.546362,0.875762,258.807649,1270.139181,8325.765907,258.807649,0.924444,0.000000,0.000000,0,0,0.000000,0.000000,0.000000,0.000000,0,false,0,0,0.000000,3184,0,309
fleet-door-to-door-100,6,3426,2976,450,2913,284,0.911167,426,46209.239268,37973.409622,8235.829646,0.178229,40760.255759,0.882080,252.143911,1274.281358,8235.829646,252.143911,0.946667,0.000000,0.000000,0,0,0.000000,0.000000,0.000000,0.000000,0,false,0,0,0.000000,3197,0,265
fleet-door-to-door-100,7,3426,2976,450,2930,237,0.925166,424,46007.724146,38134.247058,7873.477088,0.171134,40547.732896,0.881324,241.200437,1253.507985,7873.477088,241.200437,0.942222,0.000000,0.000000,0,0,0.000000,0.000000,0.000000,0.000000,0,false,0,0,0.000000,3167,0,227
fleet-door-to-door-100,8,3426,2976,450,2879,308,0.903357,423,45859.812277,37423.212935,8436.599341,0.183965,40132.475669,0.875112,256.462054,1272.291867,8436.599341,256.462054,0.940000,0.000000,0.000000,0,0,0.000000,0.000000,0.000000,0.000000,0,false,0,0,0.000000,3187,0,285
fleet-door-to-door-100,9,3426,2976,450,2844,337,0.894058,412,45111.885682,37133.910907,7977.974775,0.176849,39655.735051,0.879053,249.409552,1268.148023,7977.974775,249.409552,0.915556,0.000000,0.000000,0,0,0.000000,0.000000,0.000000,0.000000,0,false,0,0,0.000000,3181,0,316
fleet-door-to-door-100,10,3426,2976,450,2870,310,0.902516,430,45679.542477,37281.576041,8397.966436,0.183845,39814.156321,0.871597,256.316964,1268.289708,8397.966436,256.316964,0.955556,0.000000,0.000000,0,0,0.000000,0.000000,0.000000,0.000000,0,false,0,0,0.000000,3180,0,286
fleet-network-100,1,3426,2976,450,1400,1769,0.441780,347,39469.480077,29853.139062,9616.341015,0.243640,51570.273246,1.306586,1356.649412,2379.642810,9616.341015,1356.649412,0.771111,0.000000,0.000000,0,0,0.000000,0.000000,0.000000,0.000000,0,false,0,0,0.000000,3169,605,2869
fleet-network-100,2,3426,2976,450,1465,1694,0.463754,358,39817.309775,30525.978303,9291.331472,0.233349,52930.847300,1.329343,1372.617240,2417.551111,9291.331472,1372.617240,0.795556,0.000000,0.000000,0,0,0.000000,0.000000,0.000000,0.000000,0,false,0,0,0.000000,3159,536,2847
fleet-network-100,3,3426,2976,450,1466,1720,0.460138,351,40321.145607,30948.137609,9373.007998,0.232459,53509.531634,1.327084,1370.488789,2435.170474,9373.007998,1370.488789,0.780000,0.000000,0.000000,0,0,0.000000,0.000000,0.000000,0.000000,0,false,0,0,0.000000,3186,683,2861
fleet-network-100,4,3426,2976,450,1470,1722,0.460526,352,39652.957917,30155.042263,9497.915653,0.239526,53683.097533,1.353823,1347.078702,2352.373152,9497.915653,1347.078702,0.782222,0.000000,0.000000,0,0,0.000000,0.000000,0.000000,0.000000,0,false,0,0,0.000000,3192,606,2861
fleet-network-100,5,3426,2976,450,1335,1849,0.419284,348,37758.632252,28494.859109,9263.773143,0.245342,49169.494915,1.302205,1422.433669,2353.789077,9263.773143,1422.433669,0.773333,0.000000,0.000000,0,0,0.000000,0.000000,0.000000,0.000000,0,false,0,0,0.000000,3184,450,2889
fleet-network-100,6,3426,2976,450,1443,1754,0.451361,346,39625.986286,29803.461108,9822.525178,0.247881,51613.095918,1.302506,1346.263636,2350.758471,9822.525178,1346.263636,0.768889,0.000000,0.000000,0,0,0.000000,0.000000,0.000000,0.000000,0,false,0,0,0.000000,3197,599,2818
fleet-network-100,7,3426,2976,450,1318,1850,0.416035,341,38855.402932,29713.007212,9142.395720,0.235293,51139.513556,1.316149,1432.021130,2369.586886,9142.395720,1432.021130,0.757778,0.000000,0.000000,0,0,0.000000,0.000000,0.000000,0.000000,0,false,0,0,0.000000,3168,517,2866
fleet-network-100,8,3426,2976,450,1416,1770,0.444444,338,38578.106173,29083.360182,9494.745991,0.246117,51303.335774,1.329856,1408.739726,2469.267256,9494.745991,1408.739726,0.751111,0.000000,0.000000,0,0,0.000000,0.000000,0.000000,0.000000,0,false,0,0,0.000000,3186,553,2941
fleet-network-100,9,3426,2976,450,1356,1822,0.426683,344,39014.333151,29191.437488,9822.895662,0.251777,50803.055846,1.302164,1429.459459,2417.147910,9822.895662,1429.459459,0.764444,0.000000,0.000000,0,0,0.000000,0.000000,0.000000,0.000000,0,false,0,0,0.000000,3178,512,2875
fleet-network-100,10,3426,2976,450,1381,1799,0.434277,352,39178.361353,29449.065503,9729.295850,0.248333,51307.960511,1.309599,1399.669234,2386.852581,9729.295850,1399.669234,0.782222,0.000000,0.000000,0,0,0.000000,0.000000,0.000000,0.000000,0,false,0,0,0.000000,3180,538,2888
fleet-network-200,1,1806,1356,450,862,587,0.594893,230,21440.926956,17563.402951,3877.524004,0.180847,27353.964183,1.275783,1001.773486,2090.089053,3877.524004,1001.773486,0.511111,0.000000,0.000000,0,0,0.000000,0.000000,0.000000,0.000000,0,false,0,0,0.000000,1449,245,1035
fleet-network-200,2,1806,1356,450,850,584,0.592748,236,21713.184779,17876.812509,3836.372270,0.176684,27870.997681,1.283598,1080.905861,2296.494541,3836.372270,1080.905861,0.524444,0.000000,0.000000,0,0,0.000000,0.000000,0.000000,0.000000,0,false,0,0,0.000000,1434,282,1114
fleet-network-200,3,1806,1356,450,810,631,0.562110,247,21104.609323,17145.346176,3959.263147,0.187602,26236.700887,1.243174,1080.989305,2179.909044,3959.263147,1080.989305,0.548889,0.000000,0.000000,0,0,0.000000,0.000000,0.000000,0.000000,0,false,0,0,0.000000,1441,237,1099
fleet-network-200,4,1806,1356,450,820,631,0.565127,252,21534.964399,17680.918693,3854.045706,0.178967,26458.024491,1.228608,1058.375224,2152.333840,3854.045706,1058.375224,0.560000,0.000000,0.000000,0,0,0.000000,0.000000,0.000000,0.000000,0,false,0,0,0.000000,1451,199,1083
fleet-network-200,5,1806,1356,450,844,600,0.584488,244,21355.923998,17314.449750,4041.474248,0.189244,26765.092978,1.253287,1073.312444,2226.876550,4041.474248,1073.312444,0.542222,0.000000,0.000000,0,0,0.000000,0.000000,0.000000,0.000000,0,false,0,0,0.000000,1444,246,1120
fleet-network-200,6,1806,1356,450,795,663,0.545267,238,21063.435316,17084.318483,3979.116833,0.188911,26047.766031,1.236634,1091.762590,2183.524520,3979.116833,1091.762590,0.528889,0.000000,0.000000,0,0,0.000000,0.000000,0.000000,0.000000,0,false,0,0,0.000000,1458,223,1069
fleet-network-200,7,1806,1356,450,842,595,0.585943,246,21225.192449,17308.047873,3917.144576,0.184552,26859.658348,1.265461,1074.550218,2224.148770,3917.144576,1074.550218,0.546667,0.000000,0.000000,0,0,0.000000,0.000000,0.000000,0.000000,0,false,0,0,0.000000,1437,252,1108
fleet-network-200,8,1806,1356,450,835,598,0.582694,244,21950.313294,17950.208934,4000.104360,0.182234,26912.522277,1.226066,1084.023091,2285.464413,4000.104360,1084.023091,0.542222,0.000000,0.000000,0,0,0.000000,0.000000,0.000000,0.000000,0,false,0,0,0.000000,1433,239,1115
fleet-network-200,9,1806,1356,450,765,674,0.531619,239,21658.076762,17393.516174,4264.560589,0.196904,27479.428029,1.268784,1158.411552,2313.019945,4264.560589,1158.411552,0.531111,0.000000,0.000000,0,0,0.000000,0.000000,0.000000,0.000000,0,false,0,0,0.000000,1439,276,1167
fleet-network-200,10,1806,1356,450,821,625,0.567773,243,20858.872792,17087.846179,3771.026613,0.180788,26141.436717,1.253253,1079.054054,2240.382147,3771.026613,1079.054054,0.540000,0.000000,0.000000,0,0,0.000000,0.000000,0.000000,0.000000,0,false,0,0,0.000000,1446,229,1113
