origin_code,origin_name,origin_latitude,origin_longitude,destination_code,destination_name,destination_latitude,destination_longitude,total_count,work_at_home_count,metro_count,train_count,bus_count,taxi_count,motorcycle_count,car_driver_count,car_passenger_count,bicycle_count,on_foot_count,other_count
W02000116,Ceredigion 001,52.458826,-4.015868,W02000116,Ceredigion 001,52.458826,-4.015868,457,0,1,3,9,1,3,299,43,17,81,0
W02000116,Ceredigion 001,52.458826,-4.015868,W02000117,Ceredigion 002,52.416115,-4.080168,1030,0,0,12,82,1,8,817,89,12,9,0
W02000116,Ceredigion 001,52.458826,-4.015868,W02000118,Ceredigion 003,52.406129,-4.069442,533,0,0,11,24,2,4,429,41,14,8,0
W02000116,Ceredigion 001,52.458826,-4.015868,W02000120,Ceredigion 005,52.251938,-4.198067,50,0,0,0,2,0,0,48,0,0,0,0
W02000116,Ceredigion 001,52.458826,-4.015868,W02000421,Ceredigion 011,52.341482,-3.977209,321,0,0,2,12,0,2,274,22,4,5,0
W02000117,Ceredigion 002,52.416115,-4.080168,W02000116,Ceredigion 001,52.458826,-4.015868,95,0,0,0,6,5,0,57,12,5,10,0
W02000117,Ceredigion 002,52.416115,-4.080168,W02000117,Ceredigion 002,52.416115,-4.080168,1397,0,0,1,38,7,4,224,34,27,1060,2
W02000117,Ceredigion 002,52.416115,-4.080168,W02000118,Ceredigion 003,52.406129,-4.069442,552,0,0,1,27,9,1,130,12,34,337,1
W02000117,Ceredigion 002,52.416115,-4.080168,W02000120,Ceredigion 005,52.251938,-4.198067,36,0,0,0,4,0,0,26,1,0,5,0
W02000117,Ceredigion 002,52.416115,-4.080168,W02000421,Ceredigion 011,52.341482,-3.977209,216,0,0,1,26,4,2,105,21,9,46,2
W02000118,Ceredigion 003,52.406129,-4.069442,W02000116,Ceredigion 001,52.458826,-4.015868,94,0,0,0,6,1,1,66,13,1,6,0
W02000118,Ceredigion 003,52.406129,-4.069442,W02000117,Ceredigion 002,52.416115,-4.080168,1135,0,0,1,74,16,5,478,85,31,444,1
W02000118,Ceredigion 003,52.406129,-4.069442,W02000118,Ceredigion 003,52.406129,-4.069442,669,0,1,1,23,5,6,277,39,26,290,1
W02000118,Ceredigion 003,52.406129,-4.069442,W02000120,Ceredigion 005,52.251938,-4.198067,59,0,0,0,4,0,1,42,8,0,4,0
W02000118,Ceredigion 003,52.406129,-4.069442,W02000421,Ceredigion 011,52.341482,-3.977209,322,0,0,0,18,5,7,206,35,15,36,0
W02000120,Ceredigion 005,52.251938,-4.198067,W02000116,Ceredigion 001,52.458826,-4.015868,57,0,0,0,1,0,1,47,4,1,3,0
W02000120,Ceredigion 005,52.251938,-4.198067,W02000117,Ceredigion 002,52.416115,-4.080168,456,0,0,0,54,2,1,355,30,1,13,0
W02000120,Ceredigion 005,52.251938,-4.198067,W02000118,Ceredigion 003,52.406129,-4.069442,317,0,0,0,23,0,2,273,14,1,4,0
W02000120,Ceredigion 005,52.251938,-4.198067,W02000120,Ceredigion 005,52.251938,-4.198067,724,0,0,0,17,1,7,490,45,7,156,1
W02000120,Ceredigion 005,52.251938,-4.198067,W02000421,Ceredigion 011,52.341482,-3.977209,155,0,1,0,9,0,0,128,17,0,0,0
W02000421,Ceredigion 011,52.341482,-3.977209,W02000116,Ceredigion 001,52.458826,-4.015868,177,0,0,0,2,1,3,148,15,4,3,1
W02000421,Ceredigion 011,52.341482,-3.977209,W02000117,Ceredigion 002,52.416115,-4.080168,1235,0,0,0,38,6,8,989,120,12,61,1
W02000421,Ceredigion 011,52.341482,-3.977209,W02000118,Ceredigion 003,52.406129,-4.069442,662,0,0,0,24,0,5,565,44,12,12,0
W02000421,Ceredigion 011,52.341482,-3.977209,W02000120,Ceredigion 005,52.251938,-4.198067,135,0,0,0,4,0,0,122,5,0,4,0
W02000421,Ceredigion 011,52.341482,-3.977209,W02000421,Ceredigion 011,52.341482,-3.977209,888,0,0,0,8,0,9,694,56,18,99,4
