rank,origin_code,origin_name,origin_latitude,origin_longitude,destination_code,destination_name,destination_latitude,destination_longitude,distance_km,motorised_flow
0,69266,Villeurbanne,45.771031,4.889045,69290,Saint-Priest,45.701788,4.948876,8.991,1403.927
1,69388,Lyon 8e Arrondissement,45.733937,4.868943,69290,Saint-Priest,45.701788,4.948876,7.162,1166.813
2,69259,Vénissieux,45.704217,4.881208,69290,Saint-Priest,45.701788,4.948876,5.262,1079.147
3,69266,Villeurbanne,45.771031,4.889045,69387,Lyon 7e Arrondissement,45.733391,4.837330,5.798,861.913
4,69290,Saint-Priest,45.701788,4.948876,69259,Vénissieux,45.704217,4.881208,5.262,839.793
5,69259,Vénissieux,45.704217,4.881208,69383,Lyon 3e Arrondissement,45.753366,4.869379,5.542,826.980
6,69383,Lyon 3e Arrondissement,45.753366,4.869379,69290,Saint-Priest,45.701788,4.948876,8.424,802.340
7,69290,Saint-Priest,45.701788,4.948876,69383,Lyon 3e Arrondissement,45.753366,4.869379,8.424,800.091
8,69282,Meyzieu,45.777246,5.006315,69290,Saint-Priest,45.701788,4.948876,9.501,782.440
9,69034,Caluire-et-Cuire,45.797651,4.851570,69383,Lyon 3e Arrondissement,45.753366,4.869379,5.114,782.142
10,69266,Villeurbanne,45.771031,4.889045,69259,Vénissieux,45.704217,4.881208,7.454,740.748
11,69282,Meyzieu,45.777246,5.006315,69266,Villeurbanne,45.771031,4.889045,9.121,723.564
12,69387,Lyon 7e Arrondissement,45.733391,4.837330,69290,Saint-Priest,45.701788,4.948876,9.346,714.494
13,69275,Décines-Charpieu,45.772003,4.961687,69266,Villeurbanne,45.771031,4.889045,5.635,623.922
14,69019,Belleville-en-Beaujolais,46.115745,4.726512,69264,Villefranche-sur-Saône,45.987181,4.730673,14.299,617.115
15,69290,Saint-Priest,45.701788,4.948876,69266,Villeurbanne,45.771031,4.889045,8.991,614.490
16,69282,Meyzieu,45.777246,5.006315,69256,Vaulx-en-Velin,45.786094,4.926690,6.253,608.797
17,69256,Vaulx-en-Velin,45.786094,4.926690,69290,Saint-Priest,45.701788,4.948876,9.531,607.991
18,69259,Vénissieux,45.704217,4.881208,69266,Villeurbanne,45.771031,4.889045,7.454,603.760
19,69290,Saint-Priest,45.701788,4.948876,69387,Lyon 7e Arrondissement,45.733391,4.837330,9.346,565.072
20,69266,Villeurbanne,45.771031,4.889045,69389,Lyon 9e Arrondissement,45.782682,4.808618,6.371,553.128
21,69266,Villeurbanne,45.771031,4.889045,69275,Décines-Charpieu,45.772003,4.961687,5.635,550.004
22,69383,Lyon 3e Arrondissement,45.753366,4.869379,69259,Vénissieux,45.704217,4.881208,5.542,532.368
23,69275,Décines-Charpieu,45.772003,4.961687,69290,Saint-Priest,45.701788,4.948876,7.871,521.172
24,69256,Vaulx-en-Velin,45.786094,4.926690,69383,Lyon 3e Arrondissement,45.753366,4.869379,5.745,509.494
25,69282,Meyzieu,45.777246,5.006315,69383,Lyon 3e Arrondissement,45.753366,4.869379,10.949,506.335
26,69387,Lyon 7e Arrondissement,45.733391,4.837330,69029,Bron,45.734653,4.911874,5.787,478.565
27,69256,Vaulx-en-Velin,45.786094,4.926690,69029,Bron,45.734653,4.911874,5.834,474.805
28,69266,Villeurbanne,45.771031,4.889045,69282,Meyzieu,45.777246,5.006315,9.121,461.978
29,69282,Meyzieu,45.777246,5.006315,69029,Bron,45.734653,4.911874,8.724,461.291
30,69034,Caluire-et-Cuire,45.797651,4.851570,69387,Lyon 7e Arrondissement,45.733391,4.837330,7.230,454.152
31,69387,Lyon 7e Arrondissement,45.733391,4.837330,69266,Villeurbanne,45.771031,4.889045,5.798,452.811
32,69277,Genas,45.729950,5.016110,69290,Saint-Priest,45.701788,4.948876,6.087,449.863
33,69286,Rillieux-la-Pape,45.820347,4.898825,69266,Villeurbanne,45.771031,4.889045,5.536,431.862
34,69286,Rillieux-la-Pape,45.820347,4.898825,69383,Lyon 3e Arrondissement,45.753366,4.869379,7.790,425.920
35,69266,Villeurbanne,45.771031,4.889045,69271,Chassieu,45.738124,4.962317,6.761,417.431
36,69266,Villeurbanne,45.771031,4.889045,69382,Lyon 2e Arrondissement,45.748483,4.825778,5.511,412.117
37,69290,Saint-Priest,45.701788,4.948876,69388,Lyon 8e Arrondissement,45.733937,4.868943,7.162,401.516
38,69157,Vindry-sur-Turdine,45.892480,4.494124,69243,Tarare,45.903638,4.423751,5.585,399.670
39,69206,Saint-Georges-de-Reneins,46.058176,4.721265,69264,Villefranche-sur-Saône,45.987181,4.730673,7.928,394.662
40,69256,Vaulx-en-Velin,45.786094,4.926690,69387,Lyon 7e Arrondissement,45.733391,4.837330,9.077,391.894
41,69385,Lyon 5e Arrondissement,45.756308,4.802918,69383,Lyon 3e Arrondissement,45.753366,4.869379,5.167,387.997
42,69266,Villeurbanne,45.771031,4.889045,69286,Rillieux-la-Pape,45.820347,4.898825,5.536,382.554
43,69266,Villeurbanne,45.771031,4.889045,69277,Genas,45.729950,5.016110,10.866,382.493
44,69275,Décines-Charpieu,45.772003,4.961687,69029,Bron,45.734653,4.911874,5.673,378.573
45,69277,Genas,45.729950,5.016110,69383,Lyon 3e Arrondissement,45.753366,4.869379,11.681,377.724
46,69034,Caluire-et-Cuire,45.797651,4.851570,69290,Saint-Priest,45.701788,4.948876,13.062,377.589
47,69159,Porte des Pierres Dorées,45.964619,4.649057,69264,Villefranche-sur-Saône,45.987181,4.730673,6.788,373.609
48,69383,Lyon 3e Arrondissement,45.753366,4.869379,69389,Lyon 9e Arrondissement,45.782682,4.808618,5.730,360.214
49,69034,Caluire-et-Cuire,45.797651,4.851570,69382,Lyon 2e Arrondissement,45.748483,4.825778,5.822,359.490
50,69275,Décines-Charpieu,45.772003,4.961687,69383,Lyon 3e Arrondissement,45.753366,4.869379,7.454,358.222
51,69244,Tassin-la-Demi-Lune,45.762993,4.754808,69383,Lyon 3e Arrondissement,45.753366,4.869379,8.953,352.998
52,69389,Lyon 9e Arrondissement,45.782682,4.808618,69116,Limonest,45.830863,4.771221,6.091,352.703
53,69029,Bron,45.734653,4.911874,69387,Lyon 7e Arrondissement,45.733391,4.837330,5.787,351.171
54,69383,Lyon 3e Arrondissement,45.753366,4.869379,69256,Vaulx-en-Velin,45.786094,4.926690,5.745,349.593
55,69256,Vaulx-en-Velin,45.786094,4.926690,69282,Meyzieu,45.777246,5.006315,6.253,347.488
56,69283,Mions,45.665076,4.949032,69259,Vénissieux,45.704217,4.881208,6.834,346.497
57,69384,Lyon 4e Arrondissement,45.779004,4.823924,69266,Villeurbanne,45.771031,4.889045,5.128,346.120
58,69388,Lyon 8e Arrondissement,45.733937,4.868943,69256,Vaulx-en-Velin,45.786094,4.926690,7.328,344.549
59,69389,Lyon 9e Arrondissement,45.782682,4.808618,69266,Villeurbanne,45.771031,4.889045,6.371,339.595
60,69290,Saint-Priest,45.701788,4.948876,69256,Vaulx-en-Velin,45.786094,4.926690,9.531,339.157
61,69389,Lyon 9e Arrondissement,45.782682,4.808618,69387,Lyon 7e Arrondissement,45.733391,4.837330,5.916,338.184
62,69256,Vaulx-en-Velin,45.786094,4.926690,69259,Vénissieux,45.704217,4.881208,9.764,337.630
63,69202,Sainte-Foy-lès-Lyon,45.735710,4.793641,69383,Lyon 3e Arrondissement,45.753366,4.869379,6.196,336.893
64,69029,Bron,45.734653,4.911874,69256,Vaulx-en-Velin,45.786094,4.926690,5.834,336.308
65,69266,Villeurbanne,45.771031,4.889045,69273,Corbas,45.668394,4.908519,11.512,333.163
66,69290,Saint-Priest,45.701788,4.948876,69277,Genas,45.729950,5.016110,6.087,323.894
67,69282,Meyzieu,45.777246,5.006315,69259,Vénissieux,45.704217,4.881208,12.657,323.484
68,69282,Meyzieu,45.777246,5.006315,69271,Chassieu,45.738124,4.962317,5.529,323.407
69,69259,Vénissieux,45.704217,4.881208,69256,Vaulx-en-Velin,45.786094,4.926690,9.764,319.451
70,69244,Tassin-la-Demi-Lune,45.762993,4.754808,69387,Lyon 7e Arrondissement,45.733391,4.837330,7.200,318.672
71,69199,Saint-Fons,45.701579,4.850573,69383,Lyon 3e Arrondissement,45.753366,4.869379,5.941,316.162
72,69386,Lyon 6e Arrondissement,45.772983,4.852070,69290,Saint-Priest,45.701788,4.948876,10.914,313.829
73,69389,Lyon 9e Arrondissement,45.782682,4.808618,69383,Lyon 3e Arrondissement,45.753366,4.869379,5.730,308.670
74,69287,Saint-Bonnet-de-Mure,45.696223,5.022109,69290,Saint-Priest,45.701788,4.948876,5.721,296.237
75,69286,Rillieux-la-Pape,45.820347,4.898825,69386,Lyon 6e Arrondissement,45.772983,4.852070,6.393,294.394
76,69385,Lyon 5e Arrondissement,45.756308,4.802918,69290,Saint-Priest,45.701788,4.948876,12.849,287.861
77,69388,Lyon 8e Arrondissement,45.733937,4.868943,69271,Chassieu,45.738124,4.962317,7.262,285.142
78,69277,Genas,45.729950,5.016110,69029,Bron,45.734653,4.911874,8.107,283.350
79,69266,Villeurbanne,45.771031,4.889045,69116,Limonest,45.830863,4.771221,11.300,280.685
80,69199,Saint-Fons,45.701579,4.850573,69290,Saint-Priest,45.701788,4.948876,7.634,278.118
81,69283,Mions,45.665076,4.949032,69383,Lyon 3e Arrondissement,45.753366,4.869379,11.603,277.350
82,69009,Anse,45.942489,4.708158,69264,Villefranche-sur-Saône,45.987181,4.730673,5.265,276.351
83,69202,Sainte-Foy-lès-Lyon,45.735710,4.793641,69389,Lyon 9e Arrondissement,45.782682,4.808618,5.351,274.679
84,69387,Lyon 7e Arrondissement,45.733391,4.837330,69389,Lyon 9e Arrondissement,45.782682,4.808618,5.916,274.295
85,69282,Meyzieu,45.777246,5.006315,69387,Lyon 7e Arrondissement,45.733391,4.837330,13.988,272.937
86,69271,Chassieu,45.738124,4.962317,69266,Villeurbanne,45.771031,4.889045,6.761,272.289
87,69243,Tarare,45.903638,4.423751,69157,Vindry-sur-Turdine,45.892480,4.494124,5.585,271.518
88,69277,Genas,45.729950,5.016110,69266,Villeurbanne,45.771031,4.889045,10.866,266.730
89,69282,Meyzieu,45.777246,5.006315,69277,Genas,45.729950,5.016110,5.314,263.439
90,69204,Saint-Genis-Laval,45.694297,4.789316,69387,Lyon 7e Arrondissement,45.733391,4.837330,5.727,263.365
91,69256,Vaulx-en-Velin,45.786094,4.926690,69388,Lyon 8e Arrondissement,45.733937,4.868943,7.328,261.877
92,69291,Saint-Symphorien-d'Ozon,45.642689,4.869463,69259,Vénissieux,45.704217,4.881208,6.902,259.227
93,69149,Oullins,45.715194,4.803396,69027,Brignais,45.677824,4.752826,5.718,258.408
94,69388,Lyon 8e Arrondissement,45.733937,4.868943,69389,Lyon 9e Arrondissement,45.782682,4.808618,7.161,257.542
95,69277,Genas,45.729950,5.016110,69282,Meyzieu,45.777246,5.006315,5.314,257.347
96,69264,Villefranche-sur-Saône,45.987181,4.730673,69019,Belleville-en-Beaujolais,46.115745,4.726512,14.299,255.197
97,69266,Villeurbanne,45.771031,4.889045,69081,Écully,45.781844,4.772639,9.107,254.717
98,69290,Saint-Priest,45.701788,4.948876,69282,Meyzieu,45.777246,5.006315,9.501,254.305
99,69259,Vénissieux,45.704217,4.881208,69382,Lyon 2e Arrondissement,45.748483,4.825778,6.538,252.316
100,69282,Meyzieu,45.777246,5.006315,69388,Lyon 8e Arrondissement,45.733937,4.868943,11.695,250.853
101,69204,Saint-Genis-Laval,45.694297,4.789316,69383,Lyon 3e Arrondissement,45.753366,4.869379,9.043,249.973
102,69384,Lyon 4e Arrondissement,45.779004,4.823924,69387,Lyon 7e Arrondissement,45.733391,4.837330,5.177,249.222
103,69385,Lyon 5e Arrondissement,45.756308,4.802918,69266,Villeurbanne,45.771031,4.889045,6.879,248.980
104,69149,Oullins,45.715194,4.803396,69290,Saint-Priest,45.701788,4.948876,11.394,245.898
105,69383,Lyon 3e Arrondissement,45.753366,4.869379,69081,Écully,45.781844,4.772639,8.145,245.276
106,69283,Mions,45.665076,4.949032,69266,Villeurbanne,45.771031,4.889045,12.669,243.667
107,69389,Lyon 9e Arrondissement,45.782682,4.808618,69290,Saint-Priest,45.701788,4.948876,14.120,243.262
108,69275,Décines-Charpieu,45.772003,4.961687,69259,Vénissieux,45.704217,4.881208,9.789,242.798
109,69027,Brignais,45.677824,4.752826,69387,Lyon 7e Arrondissement,45.733391,4.837330,9.013,242.073
110,69283,Mions,45.665076,4.949032,69387,Lyon 7e Arrondissement,45.733391,4.837330,11.531,239.929
111,69034,Caluire-et-Cuire,45.797651,4.851570,69029,Bron,45.734653,4.911874,8.423,238.113
112,69283,Mions,45.665076,4.949032,69029,Bron,45.734653,4.911874,8.257,237.124
113,69089,Francheville,45.738010,4.756296,69387,Lyon 7e Arrondissement,45.733391,4.837330,6.310,236.696
114,69387,Lyon 7e Arrondissement,45.733391,4.837330,69256,Vaulx-en-Velin,45.786094,4.926690,9.077,236.134
115,69286,Rillieux-la-Pape,45.820347,4.898825,69387,Lyon 7e Arrondissement,45.733391,4.837330,10.781,236.052
116,69282,Meyzieu,45.777246,5.006315,69299,Colombier-Saugnieu,45.717909,5.103443,10.017,234.523
117,69385,Lyon 5e Arrondissement,45.756308,4.802918,69259,Vénissieux,45.704217,4.881208,8.395,233.930
118,69264,Villefranche-sur-Saône,45.987181,4.730673,69116,Limonest,45.830863,4.771221,17.663,231.128
119,69081,Écully,45.781844,4.772639,69383,Lyon 3e Arrondissement,45.753366,4.869379,8.145,229.965
120,69289,Saint-Pierre-de-Chandieu,45.645130,5.008919,69290,Saint-Priest,45.701788,4.948876,7.839,229.856
121,69388,Lyon 8e Arrondissement,45.733937,4.868943,69273,Corbas,45.668394,4.908519,7.910,229.374
122,69385,Lyon 5e Arrondissement,45.756308,4.802918,69116,Limonest,45.830863,4.771221,8.647,228.789
123,69089,Francheville,45.738010,4.756296,69081,Écully,45.781844,4.772639,5.036,226.458
124,69271,Chassieu,45.738124,4.962317,69383,Lyon 3e Arrondissement,45.753366,4.869379,7.408,226.321
125,69290,Saint-Priest,45.701788,4.948876,69386,Lyon 6e Arrondissement,45.772983,4.852070,10.914,225.865
126,69277,Genas,45.729950,5.016110,69387,Lyon 7e Arrondissement,45.733391,4.837330,13.882,225.002
127,69244,Tassin-la-Demi-Lune,45.762993,4.754808,69072,Dardilly,45.812155,4.746907,5.501,223.929
128,69256,Vaulx-en-Velin,45.786094,4.926690,69277,Genas,45.729950,5.016110,9.333,223.683
129,69204,Saint-Genis-Laval,45.694297,4.789316,69290,Saint-Priest,45.701788,4.948876,12.420,223.194
130,69244,Tassin-la-Demi-Lune,45.762993,4.754808,69116,Limonest,45.830863,4.771221,7.653,222.542
131,69286,Rillieux-la-Pape,45.820347,4.898825,69290,Saint-Priest,45.701788,4.948876,13.743,221.315
132,69259,Vénissieux,45.704217,4.881208,69283,Mions,45.665076,4.949032,6.834,217.563
133,69197,Saint-Étienne-des-Oullières,46.063081,4.657024,69264,Villefranche-sur-Saône,45.987181,4.730673,10.177,215.641
134,69288,Saint-Laurent-de-Mure,45.683739,5.060670,69290,Saint-Priest,45.701788,4.948876,8.912,215.436
135,69256,Vaulx-en-Velin,45.786094,4.926690,69271,Chassieu,45.738124,4.962317,6.007,214.677
136,69089,Francheville,45.738010,4.756296,69389,Lyon 9e Arrondissement,45.782682,4.808618,6.415,214.181
137,69383,Lyon 3e Arrondissement,45.753366,4.869379,69116,Limonest,45.830863,4.771221,11.497,212.838
138,69275,Décines-Charpieu,45.772003,4.961687,69387,Lyon 7e Arrondissement,45.733391,4.837330,10.561,212.628
139,69091,Givors,45.581238,4.758164,69259,Vénissieux,45.704217,4.881208,16.688,212.004
140,69266,Villeurbanne,45.771031,4.889045,69384,Lyon 4e Arrondissement,45.779004,4.823924,5.128,211.881
141,69089,Francheville,45.738010,4.756296,69383,Lyon 3e Arrondissement,45.753366,4.869379,8.940,209.975
142,69091,Givors,45.581238,4.758164,69290,Saint-Priest,45.701788,4.948876,19.987,209.156
143,69149,Oullins,45.715194,4.803396,69259,Vénissieux,45.704217,4.881208,6.164,208.743
144,69034,Caluire-et-Cuire,45.797651,4.851570,69256,Vaulx-en-Velin,45.786094,4.926690,5.964,208.621
145,69266,Villeurbanne,45.771031,4.889045,69299,Colombier-Saugnieu,45.717909,5.103443,17.654,208.270
146,69100,Irigny,45.674947,4.818025,69387,Lyon 7e Arrondissement,45.733391,4.837330,6.669,206.510
147,69385,Lyon 5e Arrondissement,45.756308,4.802918,69388,Lyon 8e Arrondissement,45.733937,4.868943,5.695,206.169
148,69244,Tassin-la-Demi-Lune,45.762993,4.754808,69386,Lyon 6e Arrondissement,45.772983,4.852070,7.626,205.501
149,69389,Lyon 9e Arrondissement,45.782682,4.808618,69072,Dardilly,45.812155,4.746907,5.799,205.468
150,69259,Vénissieux,45.704217,4.881208,69271,Chassieu,45.738124,4.962317,7.339,204.642
151,69081,Écully,45.781844,4.772639,69382,Lyon 2e Arrondissement,45.748483,4.825778,5.545,202.691
152,69244,Tassin-la-Demi-Lune,45.762993,4.754808,69382,Lyon 2e Arrondissement,45.748483,4.825778,5.738,202.466
153,69388,Lyon 8e Arrondissement,45.733937,4.868943,69275,Décines-Charpieu,45.772003,4.961687,8.348,202.197
154,69275,Décines-Charpieu,45.772003,4.961687,69277,Genas,45.729950,5.016110,6.301,202.148
155,69388,Lyon 8e Arrondissement,45.733937,4.868943,69081,Écully,45.781844,4.772639,9.176,201.077
156,69029,Bron,45.734653,4.911874,69277,Genas,45.729950,5.016110,8.107,201.076
157,69290,Saint-Priest,45.701788,4.948876,69275,Décines-Charpieu,45.772003,4.961687,7.871,199.366
158,69383,Lyon 3e Arrondissement,45.753366,4.869379,69034,Caluire-et-Cuire,45.797651,4.851570,5.114,199.250
159,69074,Denicé,46.004767,4.651642,69264,Villefranche-sur-Saône,45.987181,4.730673,6.411,196.584
160,69270,Chaponnay,45.628376,4.950307,69290,Saint-Priest,45.701788,4.948876,8.164,196.234
161,69202,Sainte-Foy-lès-Lyon,45.735710,4.793641,69290,Saint-Priest,45.701788,4.948876,12.628,195.877
162,69387,Lyon 7e Arrondissement,45.733391,4.837330,69116,Limonest,45.830863,4.771221,11.990,195.528
163,69385,Lyon 5e Arrondissement,45.756308,4.802918,69204,Saint-Genis-Laval,45.694297,4.789316,6.976,195.375
164,69385,Lyon 5e Arrondissement,45.756308,4.802918,69127,Marcy-l'Étoile,45.785019,4.711496,7.776,194.716
165,69286,Rillieux-la-Pape,45.820347,4.898825,69389,Lyon 9e Arrondissement,45.782682,4.808618,8.151,194.566
166,69081,Écully,45.781844,4.772639,69116,Limonest,45.830863,4.771221,5.452,193.998
167,69273,Corbas,45.668394,4.908519,69387,Lyon 7e Arrondissement,45.733391,4.837330,9.099,192.875
168,69204,Saint-Genis-Laval,45.694297,4.789316,69259,Vénissieux,45.704217,4.881208,7.221,191.882
169,69100,Irigny,45.674947,4.818025,69383,Lyon 3e Arrondissement,45.753366,4.869379,9.588,191.617
170,69286,Rillieux-la-Pape,45.820347,4.898825,69384,Lyon 4e Arrondissement,45.779004,4.823924,7.406,191.577
171,69264,Villefranche-sur-Saône,45.987181,4.730673,69383,Lyon 3e Arrondissement,45.753366,4.869379,28.130,190.316
172,69286,Rillieux-la-Pape,45.820347,4.898825,69029,Bron,45.734653,4.911874,9.582,190.246
173,69259,Vénissieux,45.704217,4.881208,69282,Meyzieu,45.777246,5.006315,12.657,189.360
174,69266,Villeurbanne,45.771031,4.889045,69199,Saint-Fons,45.701579,4.850573,8.280,189.209
175,69387,Lyon 7e Arrondissement,45.733391,4.837330,69027,Brignais,45.677824,4.752826,9.013,187.735
176,69248,Thizy-les-Bourgs,46.048934,4.323437,69066,Cours,46.105797,4.345126,6.541,187.579
177,69291,Saint-Symphorien-d'Ozon,45.642689,4.869463,69290,Saint-Priest,45.701788,4.948876,9.014,186.415
178,69255,Vaugneray,45.729779,4.642713,69127,Marcy-l'Étoile,45.785019,4.711496,8.137,185.235
179,69069,Craponne,45.746011,4.727073,69387,Lyon 7e Arrondissement,45.733391,4.837330,8.671,184.826
180,69290,Saint-Priest,45.701788,4.948876,69389,Lyon 9e Arrondissement,45.782682,4.808618,14.120,184.392
181,69264,Villefranche-sur-Saône,45.987181,4.730673,69009,Anse,45.942489,4.708158,5.265,183.990
182,69034,Caluire-et-Cuire,45.797651,4.851570,69385,Lyon 5e Arrondissement,45.756308,4.802918,5.947,182.870
183,69290,Saint-Priest,45.701788,4.948876,69287,Saint-Bonnet-de-Mure,45.696223,5.022109,5.721,182.379
184,69273,Corbas,45.668394,4.908519,69383,Lyon 3e Arrondissement,45.753366,4.869379,9.925,181.816
185,69091,Givors,45.581238,4.758164,69027,Brignais,45.677824,4.752826,10.748,180.661
186,69275,Décines-Charpieu,45.772003,4.961687,69388,Lyon 8e Arrondissement,45.733937,4.868943,8.348,180.398
187,69027,Brignais,45.677824,4.752826,69152,Pierre-Bénite,45.701802,4.826929,6.343,180.057
188,69256,Vaulx-en-Velin,45.786094,4.926690,69382,Lyon 2e Arrondissement,45.748483,4.825778,8.875,179.419
189,69266,Villeurbanne,45.771031,4.889045,69152,Pierre-Bénite,45.701802,4.826929,9.083,179.241
190,69066,Cours,46.105797,4.345126,69248,Thizy-les-Bourgs,46.048934,4.323437,6.541,179.234
191,69383,Lyon 3e Arrondissement,45.753366,4.869379,69282,Meyzieu,45.777246,5.006315,10.949,179.131
192,69388,Lyon 8e Arrondissement,45.733937,4.868943,69277,Genas,45.729950,5.016110,11.431,178.722
193,69199,Saint-Fons,45.701579,4.850573,69266,Villeurbanne,45.771031,4.889045,8.280,177.907
194,69256,Vaulx-en-Velin,45.786094,4.926690,69273,Corbas,45.668394,4.908519,13.163,177.594
195,69387,Lyon 7e Arrondissement,45.733391,4.837330,69273,Corbas,45.668394,4.908519,9.099,177.482
196,69389,Lyon 9e Arrondissement,45.782682,4.808618,69286,Rillieux-la-Pape,45.820347,4.898825,8.151,176.777
197,69389,Lyon 9e Arrondissement,45.782682,4.808618,69256,Vaulx-en-Velin,45.786094,4.926690,9.164,176.172
198,69096,Grigny,45.608638,4.787170,69259,Vénissieux,45.704217,4.881208,12.898,176.092
199,69096,Grigny,45.608638,4.787170,69204,Saint-Genis-Laval,45.694297,4.789316,9.526,176.042
200,69029,Bron,45.734653,4.911874,69282,Meyzieu,45.777246,5.006315,8.724,174.064
201,69271,Chassieu,45.738124,4.962317,69256,Vaulx-en-Velin,45.786094,4.926690,6.007,173.332
202,69286,Rillieux-la-Pape,45.820347,4.898825,69388,Lyon 8e Arrondissement,45.733937,4.868943,9.884,172.755
203,69100,Irigny,45.674947,4.818025,69027,Brignais,45.677824,4.752826,5.076,171.548
204,69091,Givors,45.581238,4.758164,69383,Lyon 3e Arrondissement,45.753366,4.869379,21.000,171.422
205,69279,Jonage,45.791188,5.041461,69290,Saint-Priest,45.701788,4.948876,12.265,171.277
206,69096,Grigny,45.608638,4.787170,69152,Pierre-Bénite,45.701802,4.826929,10.810,171.189
207,69256,Vaulx-en-Velin,45.786094,4.926690,69386,Lyon 6e Arrondissement,45.772983,4.852070,5.968,171.002
208,69383,Lyon 3e Arrondissement,45.753366,4.869379,69271,Chassieu,45.738124,4.962317,7.408,170.998
209,69282,Meyzieu,45.777246,5.006315,69286,Rillieux-la-Pape,45.820347,4.898825,9.613,170.987
210,69034,Caluire-et-Cuire,45.797651,4.851570,69081,Écully,45.781844,4.772639,6.367,170.760
211,69244,Tassin-la-Demi-Lune,45.762993,4.754808,69266,Villeurbanne,45.771031,4.889045,10.451,170.567
212,69029,Bron,45.734653,4.911874,69389,Lyon 9e Arrondissement,45.782682,4.808618,9.627,170.535
213,69259,Vénissieux,45.704217,4.881208,69389,Lyon 9e Arrondissement,45.782682,4.808618,10.385,170.366
214,69081,Écully,45.781844,4.772639,69266,Villeurbanne,45.771031,4.889045,9.107,169.872
215,69282,Meyzieu,45.777246,5.006315,69285,Pusignan,45.754050,5.067248,5.385,169.420
216,69019,Belleville-en-Beaujolais,46.115745,4.726512,69013,Arnas,46.018568,4.710964,10.872,169.238
217,69069,Craponne,45.746011,4.727073,69389,Lyon 9e Arrondissement,45.782682,4.808618,7.526,169.106
218,69043,Chaponost,45.709075,4.745521,69387,Lyon 7e Arrondissement,45.733391,4.837330,7.623,169.088
219,69277,Genas,45.729950,5.016110,69388,Lyon 8e Arrondissement,45.733937,4.868943,11.431,169.058
220,69069,Craponne,45.746011,4.727073,69382,Lyon 2e Arrondissement,45.748483,4.825778,7.664,168.935
221,69285,Pusignan,45.754050,5.067248,69282,Meyzieu,45.777246,5.006315,5.385,168.522
222,69290,Saint-Priest,45.701788,4.948876,69199,Saint-Fons,45.701579,4.850573,7.634,168.298
223,69266,Villeurbanne,45.771031,4.889045,69385,Lyon 5e Arrondissement,45.756308,4.802918,6.879,168.061
224,69029,Bron,45.734653,4.911874,69273,Corbas,45.668394,4.908519,7.372,167.884
225,69081,Écully,45.781844,4.772639,69387,Lyon 7e Arrondissement,45.733391,4.837330,7.363,167.181
226,69287,Saint-Bonnet-de-Mure,45.696223,5.022109,69383,Lyon 3e Arrondissement,45.753366,4.869379,13.451,166.431
227,69266,Villeurbanne,45.771031,4.889045,69027,Brignais,45.677824,4.752826,14.806,166.031
228,69006,Amplepuis,45.964740,4.328561,69243,Tarare,45.903638,4.423751,10.018,165.350
229,69072,Dardilly,45.812155,4.746907,69389,Lyon 9e Arrondissement,45.782682,4.808618,5.799,165.005
230,69009,Anse,45.942489,4.708158,69116,Limonest,45.830863,4.771221,13.338,163.781
231,69387,Lyon 7e Arrondissement,45.733391,4.837330,69072,Dardilly,45.812155,4.746907,11.220,163.482
232,69277,Genas,45.729950,5.016110,69259,Vénissieux,45.704217,4.881208,10.857,163.127
233,69149,Oullins,45.715194,4.803396,69383,Lyon 3e Arrondissement,45.753366,4.869379,6.651,163.045
234,69034,Caluire-et-Cuire,45.797651,4.851570,69388,Lyon 8e Arrondissement,45.733937,4.868943,7.212,162.047
235,69383,Lyon 3e Arrondissement,45.753366,4.869379,69277,Genas,45.729950,5.016110,11.681,161.960
236,69388,Lyon 8e Arrondissement,45.733937,4.868943,69282,Meyzieu,45.777246,5.006315,11.695,161.764
237,69384,Lyon 4e Arrondissement,45.779004,4.823924,69290,Saint-Priest,45.701788,4.948876,12.952,161.441
238,69387,Lyon 7e Arrondissement,45.733391,4.837330,69081,Écully,45.781844,4.772639,7.363,161.425
239,69096,Grigny,45.608638,4.787170,69387,Lyon 7e Arrondissement,45.733391,4.837330,14.409,161.385
240,69029,Bron,45.734653,4.911874,69386,Lyon 6e Arrondissement,45.772983,4.852070,6.300,159.110
241,69286,Rillieux-la-Pape,45.820347,4.898825,69259,Vénissieux,45.704217,4.881208,12.985,159.059
242,69089,Francheville,45.738010,4.756296,69127,Marcy-l'Étoile,45.785019,4.711496,6.277,158.535
243,69034,Caluire-et-Cuire,45.797651,4.851570,69259,Vénissieux,45.704217,4.881208,10.641,158.228
244,69298,Toussieu,45.657506,4.982052,69290,Saint-Priest,45.701788,4.948876,5.558,157.441
245,69029,Bron,45.734653,4.911874,69275,Décines-Charpieu,45.772003,4.961687,5.673,157.367
246,69091,Givors,45.581238,4.758164,69387,Lyon 7e Arrondissement,45.733391,4.837330,18.003,157.128
247,69027,Brignais,45.677824,4.752826,69290,Saint-Priest,45.701788,4.948876,15.459,156.498
248,69027,Brignais,45.677824,4.752826,69383,Lyon 3e Arrondissement,45.753366,4.869379,12.347,156.008
249,69034,Caluire-et-Cuire,45.797651,4.851570,69116,Limonest,45.830863,4.771221,7.240,155.853
250,69204,Saint-Genis-Laval,45.694297,4.789316,69382,Lyon 2e Arrondissement,45.748483,4.825778,6.657,154.088
251,69385,Lyon 5e Arrondissement,45.756308,4.802918,69072,Dardilly,45.812155,4.746907,7.578,153.993
252,69275,Décines-Charpieu,45.772003,4.961687,69386,Lyon 6e Arrondissement,45.772983,4.852070,8.503,153.820
253,69176,Soucieu-en-Jarrest,45.677044,4.692048,69204,Saint-Genis-Laval,45.694297,4.789316,7.796,153.545
254,69202,Sainte-Foy-lès-Lyon,45.735710,4.793641,69386,Lyon 6e Arrondissement,45.772983,4.852070,6.142,153.506
255,69091,Givors,45.581238,4.758164,69204,Saint-Genis-Laval,45.694297,4.789316,12.803,153.149
256,69266,Villeurbanne,45.771031,4.889045,69204,Saint-Genis-Laval,45.694297,4.789316,11.520,153.031
257,69290,Saint-Priest,45.701788,4.948876,69382,Lyon 2e Arrondissement,45.748483,4.825778,10.875,152.709
258,69387,Lyon 7e Arrondissement,45.733391,4.837330,69204,Saint-Genis-Laval,45.694297,4.789316,5.727,152.326
259,69069,Craponne,45.746011,4.727073,69081,Écully,45.781844,4.772639,5.326,151.843
260,69383,Lyon 3e Arrondissement,45.753366,4.869379,69286,Rillieux-la-Pape,45.820347,4.898825,7.790,150.742
261,69089,Francheville,45.738010,4.756296,69382,Lyon 2e Arrondissement,45.748483,4.825778,5.516,150.305
262,69279,Jonage,45.791188,5.041461,69256,Vaulx-en-Velin,45.786094,4.926690,8.917,150.296
263,69259,Vénissieux,45.704217,4.881208,69275,Décines-Charpieu,45.772003,4.961687,9.789,149.664
264,69282,Meyzieu,45.777246,5.006315,69386,Lyon 6e Arrondissement,45.772983,4.852070,11.972,149.178
265,69259,Vénissieux,45.704217,4.881208,69386,Lyon 6e Arrondissement,45.772983,4.852070,7.974,148.842
266,69279,Jonage,45.791188,5.041461,69383,Lyon 3e Arrondissement,45.753366,4.869379,13.994,148.215
267,69271,Chassieu,45.738124,4.962317,69387,Lyon 7e Arrondissement,45.733391,4.837330,9.715,147.918
268,69034,Caluire-et-Cuire,45.797651,4.851570,69275,Décines-Charpieu,45.772003,4.961687,9.002,147.703
269,69272,Communay,45.598178,4.838471,69290,Saint-Priest,45.701788,4.948876,14.366,147.698
270,69194,Saint-Didier-au-Mont-d'Or,45.815174,4.797853,69386,Lyon 6e Arrondissement,45.772983,4.852070,6.299,146.548
271,69382,Lyon 2e Arrondissement,45.748483,4.825778,69290,Saint-Priest,45.701788,4.948876,10.875,146.299
272,69256,Vaulx-en-Velin,45.786094,4.926690,69389,Lyon 9e Arrondissement,45.782682,4.808618,9.164,145.341
273,69384,Lyon 4e Arrondissement,45.779004,4.823924,69029,Bron,45.734653,4.911874,8.419,145.335
274,69256,Vaulx-en-Velin,45.786094,4.926690,69034,Caluire-et-Cuire,45.797651,4.851570,5.964,145.310
275,69289,Saint-Pierre-de-Chandieu,45.645130,5.008919,69259,Vénissieux,45.704217,4.881208,11.901,144.924
276,69089,Francheville,45.738010,4.756296,69266,Villeurbanne,45.771031,4.889045,10.934,144.531
277,69290,Saint-Priest,45.701788,4.948876,69270,Chaponnay,45.628376,4.950307,8.164,143.217
278,69244,Tassin-la-Demi-Lune,45.762993,4.754808,69290,Saint-Priest,45.701788,4.948876,16.529,143.167
279,69248,Thizy-les-Bourgs,46.048934,4.323437,69006,Amplepuis,45.964740,4.328561,9.370,142.369
280,69069,Craponne,45.746011,4.727073,69383,Lyon 3e Arrondissement,45.753366,4.869379,11.072,141.596
281,69387,Lyon 7e Arrondissement,45.733391,4.837330,69275,Décines-Charpieu,45.772003,4.961687,10.561,141.127
282,69152,Pierre-Bénite,45.701802,4.826929,69290,Saint-Priest,45.701788,4.948876,9.470,140.988
283,69149,Oullins,45.715194,4.803396,69266,Villeurbanne,45.771031,4.889045,9.095,140.953
284,69287,Saint-Bonnet-de-Mure,45.696223,5.022109,69029,Bron,45.734653,4.911874,9.566,140.884
285,69043,Chaponost,45.709075,4.745521,69383,Lyon 3e Arrondissement,45.753366,4.869379,10.802,140.197
286,69386,Lyon 6e Arrondissement,45.772983,4.852070,69259,Vénissieux,45.704217,4.881208,7.974,140.157
287,69072,Dardilly,45.812155,4.746907,69383,Lyon 3e Arrondissement,45.753366,4.869379,11.530,140.157
288,69202,Sainte-Foy-lès-Lyon,45.735710,4.793641,69081,Écully,45.781844,4.772639,5.382,139.891
289,69273,Corbas,45.668394,4.908519,69388,Lyon 8e Arrondissement,45.733937,4.868943,7.910,139.635
290,69266,Villeurbanne,45.771031,4.889045,69072,Dardilly,45.812155,4.746907,11.931,138.409
291,69091,Givors,45.581238,4.758164,69152,Pierre-Bénite,45.701802,4.826929,14.433,138.331
292,69199,Saint-Fons,45.701579,4.850573,69273,Corbas,45.668394,4.908519,5.820,137.935
293,69149,Oullins,45.715194,4.803396,69389,Lyon 9e Arrondissement,45.782682,4.808618,7.515,137.929
294,69266,Villeurbanne,45.771031,4.889045,69285,Pusignan,45.754050,5.067248,13.952,137.880
295,69286,Rillieux-la-Pape,45.820347,4.898825,69382,Lyon 2e Arrondissement,45.748483,4.825778,9.795,137.405
296,69389,Lyon 9e Arrondissement,45.782682,4.808618,69029,Bron,45.734653,4.911874,9.627,136.915
297,69063,Collonges-au-Mont-d'Or,45.822018,4.842807,69389,Lyon 9e Arrondissement,45.782682,4.808618,5.114,136.865
298,69282,Meyzieu,45.777246,5.006315,69273,Corbas,45.668394,4.908519,14.288,136.808
299,69194,Saint-Didier-au-Mont-d'Or,45.815174,4.797853,69383,Lyon 3e Arrondissement,45.753366,4.869379,8.832,136.575
300,69287,Saint-Bonnet-de-Mure,45.696223,5.022109,69299,Colombier-Saugnieu,45.717909,5.103443,6.760,136.130
301,69204,Saint-Genis-Laval,45.694297,4.789316,69389,Lyon 9e Arrondissement,45.782682,4.808618,9.941,135.847
302,69383,Lyon 3e Arrondissement,45.753366,4.869379,69152,Pierre-Bénite,45.701802,4.826929,6.613,135.506
303,69259,Vénissieux,45.704217,4.881208,69277,Genas,45.729950,5.016110,10.857,135.269
304,69279,Jonage,45.791188,5.041461,69275,Décines-Charpieu,45.772003,4.961687,6.544,135.269
305,69072,Dardilly,45.812155,4.746907,69266,Villeurbanne,45.771031,4.889045,11.931,134.804
306,69088,Fontaines-sur-Saône,45.828328,4.856384,69266,Villeurbanne,45.771031,4.889045,6.856,134.685
307,69387,Lyon 7e Arrondissement,45.733391,4.837330,69384,Lyon 4e Arrondissement,45.779004,4.823924,5.177,134.346
308,69029,Bron,45.734653,4.911874,69382,Lyon 2e Arrondissement,45.748483,4.825778,6.856,134.210
309,69291,Saint-Symphorien-d'Ozon,45.642689,4.869463,69383,Lyon 3e Arrondissement,45.753366,4.869379,12.307,133.878
310,69386,Lyon 6e Arrondissement,45.772983,4.852070,69072,Dardilly,45.812155,4.746907,9.244,133.207
311,69290,Saint-Priest,45.701788,4.948876,69299,Colombier-Saugnieu,45.717909,5.103443,12.135,133.195
312,69273,Corbas,45.668394,4.908519,69029,Bron,45.734653,4.911874,7.372,132.706
313,69204,Saint-Genis-Laval,45.694297,4.789316,69388,Lyon 8e Arrondissement,45.733937,4.868943,7.593,132.627
314,69387,Lyon 7e Arrondissement,45.733391,4.837330,69034,Caluire-et-Cuire,45.797651,4.851570,7.230,132.232
315,69194,Saint-Didier-au-Mont-d'Or,45.815174,4.797853,69382,Lyon 2e Arrondissement,45.748483,4.825778,7.725,131.965
316,69383,Lyon 3e Arrondissement,45.753366,4.869379,69385,Lyon 5e Arrondissement,45.756308,4.802918,5.167,131.963
317,69277,Genas,45.729950,5.016110,69275,Décines-Charpieu,45.772003,4.961687,6.301,131.803
318,69199,Saint-Fons,45.701579,4.850573,69029,Bron,45.734653,4.911874,6.015,131.350
319,69389,Lyon 9e Arrondissement,45.782682,4.808618,69273,Corbas,45.668394,4.908519,14.887,130.917
320,69385,Lyon 5e Arrondissement,45.756308,4.802918,69029,Bron,45.734653,4.911874,8.791,130.177
321,69271,Chassieu,45.738124,4.962317,69388,Lyon 8e Arrondissement,45.733937,4.868943,7.262,130.146
322,69276,Feyzin,45.673299,4.857979,69290,Saint-Priest,45.701788,4.948876,7.739,129.612
323,69386,Lyon 6e Arrondissement,45.772983,4.852070,69029,Bron,45.734653,4.911874,6.300,129.342
324,69266,Villeurbanne,45.771031,4.889045,69040,Champagne-au-Mont-d'Or,45.798345,4.786582,8.506,129.294
325,69088,Fontaines-sur-Saône,45.828328,4.856384,69389,Lyon 9e Arrondissement,45.782682,4.808618,6.283,129.088
326,69143,Neuville-sur-Saône,45.883512,4.844221,69286,Rillieux-la-Pape,45.820347,4.898825,8.199,129.026
327,69383,Lyon 3e Arrondissement,45.753366,4.869379,69072,Dardilly,45.812155,4.746907,11.530,128.674
328,69387,Lyon 7e Arrondissement,45.733391,4.837330,69282,Meyzieu,45.777246,5.006315,13.988,128.539
329,69266,Villeurbanne,45.771031,4.889045,69283,Mions,45.665076,4.949032,12.669,128.112
330,69264,Villefranche-sur-Saône,45.987181,4.730673,69389,Lyon 9e Arrondissement,45.782682,4.808618,23.526,127.844
331,69028,Brindas,45.720577,4.703322,69387,Lyon 7e Arrondissement,45.733391,4.837330,10.499,127.500
332,69264,Villefranche-sur-Saône,45.987181,4.730673,69278,Genay,45.898314,4.837816,12.895,127.419
333,69029,Bron,45.734653,4.911874,69149,Oullins,45.715194,4.803396,8.694,127.376
334,69290,Saint-Priest,45.701788,4.948876,69034,Caluire-et-Cuire,45.797651,4.851570,13.062,127.292
335,69283,Mions,45.665076,4.949032,69388,Lyon 8e Arrondissement,45.733937,4.868943,9.865,127.238
336,69096,Grigny,45.608638,4.787170,69027,Brignais,45.677824,4.752826,8.143,127.153
337,69275,Décines-Charpieu,45.772003,4.961687,69389,Lyon 9e Arrondissement,45.782682,4.808618,11.930,126.378
338,69149,Oullins,45.715194,4.803396,69029,Bron,45.734653,4.911874,8.694,126.192
339,69277,Genas,45.729950,5.016110,69256,Vaulx-en-Velin,45.786094,4.926690,9.333,125.573
340,69386,Lyon 6e Arrondissement,45.772983,4.852070,69256,Vaulx-en-Velin,45.786094,4.926690,5.968,125.149
341,69283,Mions,45.665076,4.949032,69256,Vaulx-en-Velin,45.786094,4.926690,13.568,125.013
342,69141,Mornant,45.616276,4.673383,69027,Brignais,45.677824,4.752826,9.218,124.873
343,69383,Lyon 3e Arrondissement,45.753366,4.869379,69273,Corbas,45.668394,4.908519,9.925,124.867
344,69243,Tarare,45.903638,4.423751,69010,L'Arbresle,45.835290,4.608306,16.185,124.824
345,69243,Tarare,45.903638,4.423751,69175,Savigny,45.819853,4.565539,14.399,124.780
346,69297,Ternay,45.605109,4.806870,69383,Lyon 3e Arrondissement,45.753366,4.869379,17.186,124.602
347,69259,Vénissieux,45.704217,4.881208,69299,Colombier-Saugnieu,45.717909,5.103443,17.322,124.580
348,69023,Blacé,46.034960,4.635405,69264,Villefranche-sur-Saône,45.987181,4.730673,9.075,124.381
349,69384,Lyon 4e Arrondissement,45.779004,4.823924,69256,Vaulx-en-Velin,45.786094,4.926690,8.008,123.923
350,69094,Grézieu-la-Varenne,45.748046,4.690065,69387,Lyon 7e Arrondissement,45.733391,4.837330,11.544,123.828
351,69386,Lyon 6e Arrondissement,45.772983,4.852070,69081,Écully,45.781844,4.772639,6.238,123.772
352,69281,Marennes,45.623029,4.907237,69290,Saint-Priest,45.701788,4.948876,9.336,123.670
353,69388,Lyon 8e Arrondissement,45.733937,4.868943,69385,Lyon 5e Arrondissement,45.756308,4.802918,5.695,122.728
354,69383,Lyon 3e Arrondissement,45.753366,4.869379,69204,Saint-Genis-Laval,45.694297,4.789316,9.043,122.516
355,69089,Francheville,45.738010,4.756296,69386,Lyon 6e Arrondissement,45.772983,4.852070,8.387,122.030
356,69282,Meyzieu,45.777246,5.006315,69382,Lyon 2e Arrondissement,45.748483,4.825778,14.365,121.744
357,69259,Vénissieux,45.704217,4.881208,69270,Chaponnay,45.628376,4.950307,9.997,121.544
358,69046,Charly,45.651046,4.790409,69152,Pierre-Bénite,45.701802,4.826929,6.317,121.105
359,69266,Villeurbanne,45.771031,4.889045,69127,Marcy-l'Étoile,45.785019,4.711496,13.857,120.949
360,69383,Lyon 3e Arrondissement,45.753366,4.869379,69275,Décines-Charpieu,45.772003,4.961687,7.454,120.728
361,69389,Lyon 9e Arrondissement,45.782682,4.808618,69259,Vénissieux,45.704217,4.881208,10.385,120.132
362,69029,Bron,45.734653,4.911874,69287,Saint-Bonnet-de-Mure,45.696223,5.022109,9.566,120.036
363,69112,Lentilly,45.812492,4.670357,69389,Lyon 9e Arrondissement,45.782682,4.808618,11.219,119.993
364,69072,Dardilly,45.812155,4.746907,69382,Lyon 2e Arrondissement,45.748483,4.825778,9.356,119.706
365,69277,Genas,45.729950,5.016110,69299,Colombier-Saugnieu,45.717909,5.103443,6.910,119.676
366,69279,Jonage,45.791188,5.041461,69266,Villeurbanne,45.771031,4.889045,12.030,119.236
367,69010,L'Arbresle,45.835290,4.608306,69072,Dardilly,45.812155,4.746907,11.044,119.116
368,69202,Sainte-Foy-lès-Lyon,45.735710,4.793641,69259,Vénissieux,45.704217,4.881208,7.647,118.499
369,69255,Vaugneray,45.729779,4.642713,69069,Craponne,45.746011,4.727073,6.791,118.262
370,69290,Saint-Priest,45.701788,4.948876,69276,Feyzin,45.673299,4.857979,7.739,118.113
371,69273,Corbas,45.668394,4.908519,69266,Villeurbanne,45.771031,4.889045,11.512,118.065
372,69006,Amplepuis,45.964740,4.328561,69248,Thizy-les-Bourgs,46.048934,4.323437,9.370,117.671
373,69206,Saint-Georges-de-Reneins,46.058176,4.721265,69019,Belleville-en-Beaujolais,46.115745,4.726512,6.414,117.529
374,69027,Brignais,45.677824,4.752826,69388,Lyon 8e Arrondissement,45.733937,4.868943,10.965,117.498
375,69069,Craponne,45.746011,4.727073,69385,Lyon 5e Arrondissement,45.756308,4.802918,5.995,117.220
376,69288,Saint-Laurent-de-Mure,45.683739,5.060670,69029,Bron,45.734653,4.911874,12.866,117.047
377,69089,Francheville,45.738010,4.756296,69204,Saint-Genis-Laval,45.694297,4.789316,5.495,117.038
378,69266,Villeurbanne,45.771031,4.889045,69270,Chaponnay,45.628376,4.950307,16.561,116.870
379,69152,Pierre-Bénite,45.701802,4.826929,69027,Brignais,45.677824,4.752826,6.343,116.717
380,69292,Sathonay-Camp,45.825695,4.874583,69266,Villeurbanne,45.771031,4.889045,6.181,116.213
381,69089,Francheville,45.738010,4.756296,69027,Brignais,45.677824,4.752826,6.698,116.031
382,69204,Saint-Genis-Laval,45.694297,4.789316,69029,Bron,45.734653,4.911874,10.520,115.978
383,69386,Lyon 6e Arrondissement,45.772983,4.852070,69286,Rillieux-la-Pape,45.820347,4.898825,6.393,115.876
384,69275,Décines-Charpieu,45.772003,4.961687,69286,Rillieux-la-Pape,45.820347,4.898825,7.256,115.040
385,69388,Lyon 8e Arrondissement,45.733937,4.868943,69204,Saint-Genis-Laval,45.694297,4.789316,7.593,114.404
386,69204,Saint-Genis-Laval,45.694297,4.789316,69386,Lyon 6e Arrondissement,45.772983,4.852070,10.014,114.313
387,69271,Chassieu,45.738124,4.962317,69282,Meyzieu,45.777246,5.006315,5.529,113.701
388,69286,Rillieux-la-Pape,45.820347,4.898825,69277,Genas,45.729950,5.016110,13.556,113.613
389,69010,L'Arbresle,45.835290,4.608306,69127,Marcy-l'Étoile,45.785019,4.711496,9.758,113.589
390,69386,Lyon 6e Arrondissement,45.772983,4.852070,69116,Limonest,45.830863,4.771221,8.983,113.364
391,69387,Lyon 7e Arrondissement,45.733391,4.837330,69271,Chassieu,45.738124,4.962317,9.715,112.555
392,69389,Lyon 9e Arrondissement,45.782682,4.808618,69127,Marcy-l'Étoile,45.785019,4.711496,7.536,112.458
393,69199,Saint-Fons,45.701579,4.850573,69382,Lyon 2e Arrondissement,45.748483,4.825778,5.559,112.237
394,69388,Lyon 8e Arrondissement,45.733937,4.868943,69292,Sathonay-Camp,45.825695,4.874583,10.212,112.218
395,69290,Saint-Priest,45.701788,4.948876,69286,Rillieux-la-Pape,45.820347,4.898825,13.743,112.149
396,69388,Lyon 8e Arrondissement,45.733937,4.868943,69027,Brignais,45.677824,4.752826,10.965,112.116
397,69266,Villeurbanne,45.771031,4.889045,69287,Saint-Bonnet-de-Mure,45.696223,5.022109,13.261,111.897
398,69191,Saint-Cyr-au-Mont-d'Or,45.819306,4.818330,69266,Villeurbanne,45.771031,4.889045,7.673,111.812
399,69276,Feyzin,45.673299,4.857979,69387,Lyon 7e Arrondissement,45.733391,4.837330,6.872,111.715
400,69200,Saint-Forgeux,45.854021,4.462927,69243,Tarare,45.903638,4.423751,6.296,111.676
401,69052,Chazay-d'Azergues,45.876194,4.708945,69116,Limonest,45.830863,4.771221,6.976,111.555
402,69259,Vénissieux,45.704217,4.881208,69204,Saint-Genis-Laval,45.694297,4.789316,7.221,111.388
403,69287,Saint-Bonnet-de-Mure,45.696223,5.022109,69271,Chassieu,45.738124,4.962317,6.577,110.921
404,69100,Irigny,45.674947,4.818025,69290,Saint-Priest,45.701788,4.948876,10.593,110.781
405,69278,Genay,45.898314,4.837816,69286,Rillieux-la-Pape,45.820347,4.898825,9.873,110.421
406,69388,Lyon 8e Arrondissement,45.733937,4.868943,69116,Limonest,45.830863,4.771221,13.175,110.399
407,69029,Bron,45.734653,4.911874,69152,Pierre-Bénite,45.701802,4.826929,7.539,110.344
408,69133,Millery,45.631162,4.778411,69290,Saint-Priest,45.701788,4.948876,15.399,110.341
409,69027,Brignais,45.677824,4.752826,69382,Lyon 2e Arrondissement,45.748483,4.825778,9.686,110.222
410,69204,Saint-Genis-Laval,45.694297,4.789316,69266,Villeurbanne,45.771031,4.889045,11.520,109.977
411,69381,Lyon 1er Arrondissement,45.770030,4.828728,69290,Saint-Priest,45.701788,4.948876,12.022,109.840
412,69149,Oullins,45.715194,4.803396,69388,Lyon 8e Arrondissement,45.733937,4.868943,5.498,109.829
413,69105,Lacenas,45.986417,4.646554,69264,Villefranche-sur-Saône,45.987181,4.730673,6.500,109.677
414,69202,Sainte-Foy-lès-Lyon,45.735710,4.793641,69388,Lyon 8e Arrondissement,45.733937,4.868943,5.848,109.662
415,69088,Fontaines-sur-Saône,45.828328,4.856384,69383,Lyon 3e Arrondissement,45.753366,4.869379,8.396,109.543
416,69276,Feyzin,45.673299,4.857979,69388,Lyon 8e Arrondissement,45.733937,4.868943,6.796,109.471
417,69387,Lyon 7e Arrondissement,45.733391,4.837330,69276,Feyzin,45.673299,4.857979,6.872,109.283
418,69385,Lyon 5e Arrondissement,45.756308,4.802918,69034,Caluire-et-Cuire,45.797651,4.851570,5.947,108.922
419,69089,Francheville,45.738010,4.756296,69072,Dardilly,45.812155,4.746907,8.277,108.307
420,69028,Brindas,45.720577,4.703322,69127,Marcy-l'Étoile,45.785019,4.711496,7.194,108.254
421,69387,Lyon 7e Arrondissement,45.733391,4.837330,69277,Genas,45.729950,5.016110,13.882,108.251
422,69091,Givors,45.581238,4.758164,69273,Corbas,45.668394,4.908519,15.187,108.178
423,69027,Brignais,45.677824,4.752826,69259,Vénissieux,45.704217,4.881208,10.395,108.019
424,69152,Pierre-Bénite,45.701802,4.826929,69266,Villeurbanne,45.771031,4.889045,9.083,107.858
425,69087,Fontaines-Saint-Martin,45.843279,4.854561,69266,Villeurbanne,45.771031,4.889045,8.467,107.708
426,69202,Sainte-Foy-lès-Lyon,45.735710,4.793641,69069,Craponne,45.746011,4.727073,5.291,107.687
427,69384,Lyon 4e Arrondissement,45.779004,4.823924,69286,Rillieux-la-Pape,45.820347,4.898825,7.406,107.263
428,69194,Saint-Didier-au-Mont-d'Or,45.815174,4.797853,69266,Villeurbanne,45.771031,4.889045,8.607,107.249
429,69019,Belleville-en-Beaujolais,46.115745,4.726512,69206,Saint-Georges-de-Reneins,46.058176,4.721265,6.414,107.026
430,69149,Oullins,45.715194,4.803396,69386,Lyon 6e Arrondissement,45.772983,4.852070,7.454,106.955
431,69264,Villefranche-sur-Saône,45.987181,4.730673,69081,Écully,45.781844,4.772639,23.062,106.575
432,69133,Millery,45.631162,4.778411,69204,Saint-Genis-Laval,45.694297,4.789316,7.071,106.505
433,69292,Sathonay-Camp,45.825695,4.874583,69389,Lyon 9e Arrondissement,45.782682,4.808618,7.002,106.378
434,69290,Saint-Priest,45.701788,4.948876,69285,Pusignan,45.754050,5.067248,10.872,106.306
435,69382,Lyon 2e Arrondissement,45.748483,4.825778,69081,Écully,45.781844,4.772639,5.545,106.199
436,69388,Lyon 8e Arrondissement,45.733937,4.868943,69034,Caluire-et-Cuire,45.797651,4.851570,7.212,106.155
437,69257,Vaux-en-Beaujolais,46.046207,4.576860,69264,Villefranche-sur-Saône,45.987181,4.730673,13.570,106.050
438,69287,Saint-Bonnet-de-Mure,45.696223,5.022109,69387,Lyon 7e Arrondissement,45.733391,4.837330,14.930,105.925
439,69389,Lyon 9e Arrondissement,45.782682,4.808618,69388,Lyon 8e Arrondissement,45.733937,4.868943,7.161,105.455
440,69141,Mornant,45.616276,4.673383,69383,Lyon 3e Arrondissement,45.753366,4.869379,21.545,105.392
441,69275,Décines-Charpieu,45.772003,4.961687,69285,Pusignan,45.754050,5.067248,8.428,105.335
442,69027,Brignais,45.677824,4.752826,69100,Irigny,45.674947,4.818025,5.076,105.045
443,69383,Lyon 3e Arrondissement,45.753366,4.869379,69299,Colombier-Saugnieu,45.717909,5.103443,18.589,104.859
444,69157,Vindry-sur-Turdine,45.892480,4.494124,69010,L'Arbresle,45.835290,4.608306,10.891,104.471
445,69069,Craponne,45.746011,4.727073,69072,Dardilly,45.812155,4.746907,7.514,104.377
446,69388,Lyon 8e Arrondissement,45.733937,4.868943,69072,Dardilly,45.812155,4.746907,12.854,104.293
447,69297,Ternay,45.605109,4.806870,69259,Vénissieux,45.704217,4.881208,12.443,104.135
448,69131,Messimy,45.698981,4.672581,69069,Craponne,45.746011,4.727073,6.726,103.565
449,69259,Vénissieux,45.704217,4.881208,69286,Rillieux-la-Pape,45.820347,4.898825,12.985,103.528
450,69034,Caluire-et-Cuire,45.797651,4.851570,69282,Meyzieu,45.777246,5.006315,12.211,103.267
451,69267,Villié-Morgon,46.159446,4.671617,69019,Belleville-en-Beaujolais,46.115745,4.726512,6.442,103.180
452,69270,Chaponnay,45.628376,4.950307,69383,Lyon 3e Arrondissement,45.753366,4.869379,15.254,103.030
453,69028,Brindas,45.720577,4.703322,69382,Lyon 2e Arrondissement,45.748483,4.825778,9.998,102.970
454,69260,Vernaison,45.649537,4.809526,69204,Saint-Genis-Laval,45.694297,4.789316,5.219,102.918
455,69094,Grézieu-la-Varenne,45.748046,4.690065,69389,Lyon 9e Arrondissement,45.782682,4.808618,9.970,102.448
456,69091,Givors,45.581238,4.758164,69388,Lyon 8e Arrondissement,45.733937,4.868943,19.037,102.310
457,69272,Communay,45.598178,4.838471,69259,Vénissieux,45.704217,4.881208,12.250,102.108
458,69070,Cublize,46.024412,4.387362,69006,Amplepuis,45.964740,4.328561,8.041,101.961
459,69046,Charly,45.651046,4.790409,69387,Lyon 7e Arrondissement,45.733391,4.837330,9.855,101.640
460,69275,Décines-Charpieu,45.772003,4.961687,69273,Corbas,45.668394,4.908519,12.238,101.543
461,69288,Saint-Laurent-de-Mure,45.683739,5.060670,69266,Villeurbanne,45.771031,4.889045,16.483,101.515
462,69112,Lentilly,45.812492,4.670357,69244,Tassin-la-Demi-Lune,45.762993,4.754808,8.554,101.373
463,69292,Sathonay-Camp,45.825695,4.874583,69383,Lyon 3e Arrondissement,45.753366,4.869379,8.053,101.227
464,69112,Lentilly,45.812492,4.670357,69081,Écully,45.781844,4.772639,8.631,101.187
465,69387,Lyon 7e Arrondissement,45.733391,4.837330,69127,Marcy-l'Étoile,45.785019,4.711496,11.325,100.881
466,69382,Lyon 2e Arrondissement,45.748483,4.825778,69259,Vénissieux,45.704217,4.881208,6.538,100.527
467,69384,Lyon 4e Arrondissement,45.779004,4.823924,69072,Dardilly,45.812155,4.746907,7.017,100.506
468,69231,Saint-Pierre-la-Palud,45.781284,4.616691,69127,Marcy-l'Étoile,45.785019,4.711496,7.363,100.388
469,69152,Pierre-Bénite,45.701802,4.826929,69383,Lyon 3e Arrondissement,45.753366,4.869379,6.613,100.175
470,69264,Villefranche-sur-Saône,45.987181,4.730673,69387,Lyon 7e Arrondissement,45.733391,4.837330,29.404,100.077
471,69029,Bron,45.734653,4.911874,69299,Colombier-Saugnieu,45.717909,5.103443,14.986,99.697
472,69215,Saint-Julien,46.023128,4.651664,69264,Villefranche-sur-Saône,45.987181,4.730673,7.295,99.695
473,69202,Sainte-Foy-lès-Lyon,45.735710,4.793641,69266,Villeurbanne,45.771031,4.889045,8.379,99.519
474,69094,Grézieu-la-Varenne,45.748046,4.690065,69089,Francheville,45.738010,4.756296,5.259,99.486
475,69191,Saint-Cyr-au-Mont-d'Or,45.819306,4.818330,69383,Lyon 3e Arrondissement,45.753366,4.869379,8.333,99.446
476,69383,Lyon 3e Arrondissement,45.753366,4.869379,69149,Oullins,45.715194,4.803396,6.651,99.389
477,69290,Saint-Priest,45.701788,4.948876,69152,Pierre-Bénite,45.701802,4.826929,9.470,99.223
478,69143,Neuville-sur-Saône,45.883512,4.844221,69383,Lyon 3e Arrondissement,45.753366,4.869379,14.602,99.198
479,69091,Givors,45.581238,4.758164,69382,Lyon 2e Arrondissement,45.748483,4.825778,19.325,99.044
480,69385,Lyon 5e Arrondissement,45.756308,4.802918,69027,Brignais,45.677824,4.752826,9.554,98.842
481,69276,Feyzin,45.673299,4.857979,69029,Bron,45.734653,4.911874,8.004,98.676
482,69091,Givors,45.581238,4.758164,69100,Irigny,45.674947,4.818025,11.412,98.446
483,69028,Brindas,45.720577,4.703322,69383,Lyon 3e Arrondissement,45.753366,4.869379,13.393,98.335
484,69383,Lyon 3e Arrondissement,45.753366,4.869379,69199,Saint-Fons,45.701579,4.850573,5.941,98.324
485,69275,Décines-Charpieu,45.772003,4.961687,69279,Jonage,45.791188,5.041461,6.544,98.312
486,69202,Sainte-Foy-lès-Lyon,45.735710,4.793641,69072,Dardilly,45.812155,4.746907,9.241,98.290
487,69270,Chaponnay,45.628376,4.950307,69259,Vénissieux,45.704217,4.881208,9.997,98.118
488,69385,Lyon 5e Arrondissement,45.756308,4.802918,69256,Vaulx-en-Velin,45.786094,4.926690,10.155,97.946
489,69096,Grigny,45.608638,4.787170,69388,Lyon 8e Arrondissement,45.733937,4.868943,15.313,97.832
490,69096,Grigny,45.608638,4.787170,69383,Lyon 3e Arrondissement,45.753366,4.869379,17.314,97.825
491,69096,Grigny,45.608638,4.787170,69100,Irigny,45.674947,4.818025,7.754,97.822
492,69149,Oullins,45.715194,4.803396,69273,Corbas,45.668394,4.908519,9.682,97.656
493,69385,Lyon 5e Arrondissement,45.756308,4.802918,69069,Craponne,45.746011,4.727073,5.995,97.271
494,69117,Lissieu,45.855257,4.745239,69389,Lyon 9e Arrondissement,45.782682,4.808618,9.447,97.005
495,69260,Vernaison,45.649537,4.809526,69027,Brignais,45.677824,4.752826,5.414,96.839
496,69044,Charbonnières-les-Bains,45.780081,4.743270,69389,Lyon 9e Arrondissement,45.782682,4.808618,5.076,96.781
497,69259,Vénissieux,45.704217,4.881208,69381,Lyon 1er Arrondissement,45.770030,4.828728,8.375,96.537
498,69027,Brignais,45.677824,4.752826,69266,Villeurbanne,45.771031,4.889045,14.806,96.282
499,69141,Mornant,45.616276,4.673383,69152,Pierre-Bénite,45.701802,4.826929,15.259,95.911
500,69287,Saint-Bonnet-de-Mure,45.696223,5.022109,69266,Villeurbanne,45.771031,4.889045,13.261,95.797
501,69100,Irigny,45.674947,4.818025,69259,Vénissieux,45.704217,4.881208,5.889,95.668
502,69228,Chabanière,45.589700,4.625548,69091,Givors,45.581238,4.758164,10.363,95.587
503,69287,Saint-Bonnet-de-Mure,45.696223,5.022109,69259,Vénissieux,45.704217,4.881208,10.978,95.506
504,69299,Colombier-Saugnieu,45.717909,5.103443,69290,Saint-Priest,45.701788,4.948876,12.135,95.501
505,69112,Lentilly,45.812492,4.670357,69072,Dardilly,45.812155,4.746907,5.933,95.049
506,69297,Ternay,45.605109,4.806870,69290,Saint-Priest,45.701788,4.948876,15.408,95.007
507,69202,Sainte-Foy-lès-Lyon,45.735710,4.793641,69027,Brignais,45.677824,4.752826,7.175,94.925
508,69143,Neuville-sur-Saône,45.883512,4.844221,69266,Villeurbanne,45.771031,4.889045,12.981,94.848
509,69266,Villeurbanne,45.771031,4.889045,69194,Saint-Didier-au-Mont-d'Or,45.815174,4.797853,8.607,94.283
510,69244,Tassin-la-Demi-Lune,45.762993,4.754808,69152,Pierre-Bénite,45.701802,4.826929,8.811,94.024
511,69264,Villefranche-sur-Saône,45.987181,4.730673,69290,Saint-Priest,45.701788,4.948876,35.955,93.970
512,69089,Francheville,45.738010,4.756296,69152,Pierre-Bénite,45.701802,4.826929,6.803,93.654
513,69151,Le Perréon,46.069326,4.580387,69264,Villefranche-sur-Saône,45.987181,4.730673,14.767,93.605
514,69381,Lyon 1er Arrondissement,45.770030,4.828728,69029,Bron,45.734653,4.911874,7.556,93.517
515,69282,Meyzieu,45.777246,5.006315,69384,Lyon 4e Arrondissement,45.779004,4.823924,14.146,93.343
516,69286,Rillieux-la-Pape,45.820347,4.898825,69271,Chassieu,45.738124,4.962317,10.384,93.011
517,69154,Pollionnay,45.768416,4.659164,69069,Craponne,45.746011,4.727073,5.828,92.868
518,69238,Saint-Symphorien-sur-Coise,45.631268,4.450390,69227,Saint-Martin-en-Haut,45.657760,4.557838,8.857,92.866
519,69383,Lyon 3e Arrondissement,45.753366,4.869379,69027,Brignais,45.677824,4.752826,12.347,92.208
520,69275,Décines-Charpieu,45.772003,4.961687,69034,Caluire-et-Cuire,45.797651,4.851570,9.002,92.142
521,69018,Beaujeu,46.156984,4.583761,69264,Villefranche-sur-Saône,45.987181,4.730673,22.021,91.948
522,69288,Saint-Laurent-de-Mure,45.683739,5.060670,69383,Lyon 3e Arrondissement,45.753366,4.869379,16.748,91.916
523,69043,Chaponost,45.709075,4.745521,69290,Saint-Priest,45.701788,4.948876,15.812,91.781
524,69286,Rillieux-la-Pape,45.820347,4.898825,69275,Décines-Charpieu,45.772003,4.961687,7.256,91.679
525,69219,Saint-Laurent-d'Agny,45.642842,4.684359,69027,Brignais,45.677824,4.752826,6.591,91.529
526,69063,Collonges-au-Mont-d'Or,45.822018,4.842807,69383,Lyon 3e Arrondissement,45.753366,4.869379,7.907,91.408
527,69191,Saint-Cyr-au-Mont-d'Or,45.819306,4.818330,69386,Lyon 6e Arrondissement,45.772983,4.852070,5.777,91.209
528,69388,Lyon 8e Arrondissement,45.733937,4.868943,69286,Rillieux-la-Pape,45.820347,4.898825,9.884,91.156
529,69256,Vaulx-en-Velin,45.786094,4.926690,69199,Saint-Fons,45.701579,4.850573,11.100,91.081
530,69046,Charly,45.651046,4.790409,69383,Lyon 3e Arrondissement,45.753366,4.869379,12.925,90.843
531,69077,Dracé,46.153813,4.773930,69019,Belleville-en-Beaujolais,46.115745,4.726512,5.592,90.529
532,69052,Chazay-d'Azergues,45.876194,4.708945,69072,Dardilly,45.812155,4.746907,7.704,90.503
533,69136,Montagny,45.624985,4.749831,69152,Pierre-Bénite,45.701802,4.826929,10.433,90.491
534,69278,Genay,45.898314,4.837816,69383,Lyon 3e Arrondissement,45.753366,4.869379,16.302,90.445
535,69256,Vaulx-en-Velin,45.786094,4.926690,69381,Lyon 1er Arrondissement,45.770030,4.828728,7.804,90.422
536,69244,Tassin-la-Demi-Lune,45.762993,4.754808,69388,Lyon 8e Arrondissement,45.733937,4.868943,9.427,90.236
537,69384,Lyon 4e Arrondissement,45.779004,4.823924,69116,Limonest,45.830863,4.771221,7.067,90.135
538,69199,Saint-Fons,45.701579,4.850573,69256,Vaulx-en-Velin,45.786094,4.926690,11.100,90.054
539,69133,Millery,45.631162,4.778411,69152,Pierre-Bénite,45.701802,4.826929,8.713,90.003
540,69256,Vaulx-en-Velin,45.786094,4.926690,69299,Colombier-Saugnieu,45.717909,5.103443,15.670,89.975
541,69297,Ternay,45.605109,4.806870,69387,Lyon 7e Arrondissement,45.733391,4.837330,14.459,89.838
542,69091,Givors,45.581238,4.758164,69266,Villeurbanne,45.771031,4.889045,23.426,89.776
543,69112,Lentilly,45.812492,4.670357,69116,Limonest,45.830863,4.771221,8.079,89.752
544,69143,Neuville-sur-Saône,45.883512,4.844221,69034,Caluire-et-Cuire,45.797651,4.851570,9.564,89.579
545,69286,Rillieux-la-Pape,45.820347,4.898825,69282,Meyzieu,45.777246,5.006315,9.613,89.318
546,69383,Lyon 3e Arrondissement,45.753366,4.869379,69127,Marcy-l'Étoile,45.785019,4.711496,12.742,89.175
547,69282,Meyzieu,45.777246,5.006315,69034,Caluire-et-Cuire,45.797651,4.851570,12.211,89.124
548,69387,Lyon 7e Arrondissement,45.733391,4.837330,69244,Tassin-la-Demi-Lune,45.762993,4.754808,7.200,89.044
549,69259,Vénissieux,45.704217,4.881208,69287,Saint-Bonnet-de-Mure,45.696223,5.022109,10.978,88.884
550,69296,Solaize,45.645924,4.838220,69387,Lyon 7e Arrondissement,45.733391,4.837330,9.726,88.745
551,69228,Chabanière,45.589700,4.625548,69204,Saint-Genis-Laval,45.694297,4.789316,17.244,88.728
552,69028,Brindas,45.720577,4.703322,69081,Écully,45.781844,4.772639,8.680,88.346
553,69069,Craponne,45.746011,4.727073,69202,Sainte-Foy-lès-Lyon,45.735710,4.793641,5.291,88.239
554,69259,Vénissieux,45.704217,4.881208,69384,Lyon 4e Arrondissement,45.779004,4.823924,9.430,88.136
555,69069,Craponne,45.746011,4.727073,69152,Pierre-Bénite,45.701802,4.826929,9.179,88.016
556,69388,Lyon 8e Arrondissement,45.733937,4.868943,69100,Irigny,45.674947,4.818025,7.659,87.908
557,69283,Mions,45.665076,4.949032,69282,Meyzieu,45.777246,5.006315,13.242,87.791
558,69028,Brindas,45.720577,4.703322,69152,Pierre-Bénite,45.701802,4.826929,9.822,87.681
559,69282,Meyzieu,45.777246,5.006315,69389,Lyon 9e Arrondissement,45.782682,4.808618,15.343,87.680
560,69244,Tassin-la-Demi-Lune,45.762993,4.754808,69259,Vénissieux,45.704217,4.881208,11.788,87.556
561,69290,Saint-Priest,45.701788,4.948876,69091,Givors,45.581238,4.758164,19.987,87.539
562,69285,Pusignan,45.754050,5.067248,69266,Villeurbanne,45.771031,4.889045,13.952,87.339
563,69081,Écully,45.781844,4.772639,69386,Lyon 6e Arrondissement,45.772983,4.852070,6.238,87.196
564,69009,Anse,45.942489,4.708158,69072,Dardilly,45.812155,4.746907,14.800,87.127
565,69152,Pierre-Bénite,45.701802,4.826929,69389,Lyon 9e Arrondissement,45.782682,4.808618,9.105,87.045
566,69176,Soucieu-en-Jarrest,45.677044,4.692048,69383,Lyon 3e Arrondissement,45.753366,4.869379,16.173,87.004
567,69089,Francheville,45.738010,4.756296,69388,Lyon 8e Arrondissement,45.733937,4.868943,8.754,86.729
568,69277,Genas,45.729950,5.016110,69386,Lyon 6e Arrondissement,45.772983,4.852070,13.597,86.626
569,69043,Chaponost,45.709075,4.745521,69382,Lyon 2e Arrondissement,45.748483,4.825778,7.616,86.573
570,69108,Lancié,46.172878,4.725125,69019,Belleville-en-Beaujolais,46.115745,4.726512,6.354,86.200
571,69275,Décines-Charpieu,45.772003,4.961687,69299,Colombier-Saugnieu,45.717909,5.103443,12.537,86.157
572,69388,Lyon 8e Arrondissement,45.733937,4.868943,69283,Mions,45.665076,4.949032,9.865,86.153
573,69159,Porte des Pierres Dorées,45.964619,4.649057,69115,Limas,45.972174,4.718894,5.462,86.144
574,69264,Villefranche-sur-Saône,45.987181,4.730673,69382,Lyon 2e Arrondissement,45.748483,4.825778,27.545,85.897
575,69264,Villefranche-sur-Saône,45.987181,4.730673,69206,Saint-Georges-de-Reneins,46.058176,4.721265,7.928,85.676
576,69141,Mornant,45.616276,4.673383,69204,Saint-Genis-Laval,45.694297,4.789316,12.508,85.585
577,69024,Val d'Oingt,45.935713,4.572441,69264,Villefranche-sur-Saône,45.987181,4.730673,13.503,85.492
578,69227,Saint-Martin-en-Haut,45.657760,4.557838,69238,Saint-Symphorien-sur-Coise,45.631268,4.450390,8.857,85.454
579,69133,Millery,45.631162,4.778411,69387,Lyon 7e Arrondissement,45.733391,4.837330,12.254,85.045
580,69027,Brignais,45.677824,4.752826,69386,Lyon 6e Arrondissement,45.772983,4.852070,13.089,84.874
581,69385,Lyon 5e Arrondissement,45.756308,4.802918,69286,Rillieux-la-Pape,45.820347,4.898825,10.296,84.799
582,69094,Grézieu-la-Varenne,45.748046,4.690065,69383,Lyon 3e Arrondissement,45.753366,4.869379,13.926,84.705
583,69088,Fontaines-sur-Saône,45.828328,4.856384,69290,Saint-Priest,45.701788,4.948876,15.794,84.351
584,69259,Vénissieux,45.704217,4.881208,69100,Irigny,45.674947,4.818025,5.889,84.343
585,69387,Lyon 7e Arrondissement,45.733391,4.837330,69296,Solaize,45.645924,4.838220,9.726,84.336
586,69088,Fontaines-sur-Saône,45.828328,4.856384,69384,Lyon 4e Arrondissement,45.779004,4.823924,6.034,84.296
587,69272,Communay,45.598178,4.838471,69383,Lyon 3e Arrondissement,45.753366,4.869379,17.422,83.929
588,69290,Saint-Priest,45.701788,4.948876,69384,Lyon 4e Arrondissement,45.779004,4.823924,12.952,83.897
589,69260,Vernaison,45.649537,4.809526,69266,Villeurbanne,45.771031,4.889045,14.854,83.873
590,69296,Solaize,45.645924,4.838220,69290,Saint-Priest,45.701788,4.948876,10.607,83.844
591,69386,Lyon 6e Arrondissement,45.772983,4.852070,69275,Décines-Charpieu,45.772003,4.961687,8.503,83.752
592,69294,Sérézin-du-Rhône,45.627764,4.825049,69290,Saint-Priest,45.701788,4.948876,12.663,83.693
593,69282,Meyzieu,45.777246,5.006315,69283,Mions,45.665076,4.949032,13.242,83.519
594,69270,Chaponnay,45.628376,4.950307,69388,Lyon 8e Arrondissement,45.733937,4.868943,13.332,83.403
595,69028,Brindas,45.720577,4.703322,69027,Brignais,45.677824,4.752826,6.114,83.322
596,69259,Vénissieux,45.704217,4.881208,69027,Brignais,45.677824,4.752826,10.395,83.269
597,69122,Lucenay,45.913354,4.708719,69264,Villefranche-sur-Saône,45.987181,4.730673,8.383,83.225
598,69294,Sérézin-du-Rhône,45.627764,4.825049,69383,Lyon 3e Arrondissement,45.753366,4.869379,14.384,82.916
599,69205,Saint-Genis-les-Ollières,45.761363,4.726904,69387,Lyon 7e Arrondissement,45.733391,4.837330,9.115,82.687
600,69171,Sain-Bel,45.811737,4.598388,69127,Marcy-l'Étoile,45.785019,4.711496,9.258,82.536
601,69271,Chassieu,45.738124,4.962317,69259,Vénissieux,45.704217,4.881208,7.339,82.301
602,69013,Arnas,46.018568,4.710964,69019,Belleville-en-Beaujolais,46.115745,4.726512,10.872,82.173
603,69387,Lyon 7e Arrondissement,45.733391,4.837330,69286,Rillieux-la-Pape,45.820347,4.898825,10.781,81.909
604,69273,Corbas,45.668394,4.908519,69270,Chaponnay,45.628376,4.950307,5.509,81.900
605,69290,Saint-Priest,45.701788,4.948876,69385,Lyon 5e Arrondissement,45.756308,4.802918,12.849,81.795
606,69204,Saint-Genis-Laval,45.694297,4.789316,69091,Givors,45.581238,4.758164,12.803,81.588
607,69009,Anse,45.942489,4.708158,69389,Lyon 9e Arrondissement,45.782682,4.808618,19.398,81.567
608,69256,Vaulx-en-Velin,45.786094,4.926690,69283,Mions,45.665076,4.949032,13.568,81.518
609,69162,Quincié-en-Beaujolais,46.113669,4.607814,69264,Villefranche-sur-Saône,45.987181,4.730673,16.962,81.493
610,69019,Belleville-en-Beaujolais,46.115745,4.726512,69092,Gleizé,45.991049,4.687725,14.185,81.408
611,69077,Dracé,46.153813,4.773930,69264,Villefranche-sur-Saône,45.987181,4.730673,18.827,81.152
612,69063,Collonges-au-Mont-d'Or,45.822018,4.842807,69387,Lyon 7e Arrondissement,45.733391,4.837330,9.864,81.051
613,69259,Vénissieux,45.704217,4.881208,69034,Caluire-et-Cuire,45.797651,4.851570,10.641,80.859
614,69081,Écully,45.781844,4.772639,69290,Saint-Priest,45.701788,4.948876,16.318,80.831
615,69384,Lyon 4e Arrondissement,45.779004,4.823924,69259,Vénissieux,45.704217,4.881208,9.430,80.816
616,69052,Chazay-d'Azergues,45.876194,4.708945,69389,Lyon 9e Arrondissement,45.782682,4.808618,12.952,80.808
617,69133,Millery,45.631162,4.778411,69027,Brignais,45.677824,4.752826,5.557,80.772
618,69382,Lyon 2e Arrondissement,45.748483,4.825778,69266,Villeurbanne,45.771031,4.889045,5.511,80.761
619,69264,Villefranche-sur-Saône,45.987181,4.730673,69386,Lyon 6e Arrondissement,45.772983,4.852070,25.605,80.748
620,69388,Lyon 8e Arrondissement,45.733937,4.868943,69270,Chaponnay,45.628376,4.950307,13.332,80.689
621,69287,Saint-Bonnet-de-Mure,45.696223,5.022109,69388,Lyon 8e Arrondissement,45.733937,4.868943,12.610,80.669
622,69029,Bron,45.734653,4.911874,69034,Caluire-et-Cuire,45.797651,4.851570,8.423,80.554
623,69197,Saint-Étienne-des-Oullières,46.063081,4.657024,69013,Arnas,46.018568,4.710964,6.468,80.478
624,69298,Toussieu,45.657506,4.982052,69259,Vénissieux,45.704217,4.881208,9.400,80.284
625,69003,Albigny-sur-Saône,45.863993,4.830745,69034,Caluire-et-Cuire,45.797651,4.851570,7.551,80.205
626,69266,Villeurbanne,45.771031,4.889045,69279,Jonage,45.791188,5.041461,12.030,80.151
627,69388,Lyon 8e Arrondissement,45.733937,4.868943,69299,Colombier-Saugnieu,45.717909,5.103443,18.290,80.000
628,69069,Craponne,45.746011,4.727073,69266,Villeurbanne,45.771031,4.889045,12.870,79.951
629,69283,Mions,45.665076,4.949032,69386,Lyon 6e Arrondissement,45.772983,4.852070,14.165,79.911
630,69289,Saint-Pierre-de-Chandieu,45.645130,5.008919,69266,Villeurbanne,45.771031,4.889045,16.812,79.788
631,69260,Vernaison,45.649537,4.809526,69387,Lyon 7e Arrondissement,45.733391,4.837330,9.571,79.381
632,69286,Rillieux-la-Pape,45.820347,4.898825,69381,Lyon 1er Arrondissement,45.770030,4.828728,7.800,79.305
633,69280,Jons,45.800203,5.078981,69282,Meyzieu,45.777246,5.006315,6.186,79.249
634,69143,Neuville-sur-Saône,45.883512,4.844221,69389,Lyon 9e Arrondissement,45.782682,4.808618,11.546,79.222
635,69385,Lyon 5e Arrondissement,45.756308,4.802918,69152,Pierre-Bénite,45.701802,4.826929,6.341,79.199
636,69291,Saint-Symphorien-d'Ozon,45.642689,4.869463,69152,Pierre-Bénite,45.701802,4.826929,7.357,79.132
637,69386,Lyon 6e Arrondissement,45.772983,4.852070,69127,Marcy-l'Étoile,45.785019,4.711496,10.983,78.994
638,69296,Solaize,45.645924,4.838220,69383,Lyon 3e Arrondissement,45.753366,4.869379,12.190,78.952
639,69250,La Tour-de-Salvagny,45.810239,4.712304,69389,Lyon 9e Arrondissement,45.782682,4.808618,8.071,78.753
640,69264,Villefranche-sur-Saône,45.987181,4.730673,69072,Dardilly,45.812155,4.746907,19.502,78.710
641,69137,Montmelas-Saint-Sorlin,46.018005,4.602013,69264,Villefranche-sur-Saône,45.987181,4.730673,10.512,78.610
642,69276,Feyzin,45.673299,4.857979,69266,Villeurbanne,45.771031,4.889045,11.132,78.598
643,69270,Chaponnay,45.628376,4.950307,69273,Corbas,45.668394,4.908519,5.509,78.496
644,69270,Chaponnay,45.628376,4.950307,69029,Bron,45.734653,4.911874,12.189,78.494
645,69110,Larajasse,45.608004,4.514255,69227,Saint-Martin-en-Haut,45.657760,4.557838,6.488,78.493
646,69034,Caluire-et-Cuire,45.797651,4.851570,69271,Chassieu,45.738124,4.962317,10.845,78.391
647,69096,Grigny,45.608638,4.787170,69273,Corbas,45.668394,4.908519,11.539,78.245
648,69096,Grigny,45.608638,4.787170,69290,Saint-Priest,45.701788,4.948876,16.286,78.240
649,69096,Grigny,45.608638,4.787170,69382,Lyon 2e Arrondissement,45.748483,4.825778,15.837,78.237
650,69199,Saint-Fons,45.701579,4.850573,69027,Brignais,45.677824,4.752826,8.039,78.045
651,69295,Simandres,45.611912,4.870994,69290,Saint-Priest,45.701788,4.948876,11.684,77.838
652,69149,Oullins,45.715194,4.803396,69256,Vaulx-en-Velin,45.786094,4.926690,12.396,77.836
653,69029,Bron,45.734653,4.911874,69199,Saint-Fons,45.701579,4.850573,6.015,77.820
654,69009,Anse,45.942489,4.708158,69081,Écully,45.781844,4.772639,18.548,77.622
655,69148,Orliénas,45.661172,4.720473,69387,Lyon 7e Arrondissement,45.733391,4.837330,12.118,77.621
656,69040,Champagne-au-Mont-d'Or,45.798345,4.786582,69383,Lyon 3e Arrondissement,45.753366,4.869379,8.139,77.591
657,69149,Oullins,45.715194,4.803396,69081,Écully,45.781844,4.772639,7.786,77.464
658,69290,Saint-Priest,45.701788,4.948876,69289,Saint-Pierre-de-Chandieu,45.645130,5.008919,7.839,77.364
659,69202,Sainte-Foy-lès-Lyon,45.735710,4.793641,69116,Limonest,45.830863,4.771221,10.722,77.271
660,69089,Francheville,45.738010,4.756296,69290,Saint-Priest,45.701788,4.948876,15.484,77.187
661,69091,Givors,45.581238,4.758164,69272,Communay,45.598178,4.838471,6.527,77.116
662,69241,Taluyers,45.636625,4.723306,69027,Brignais,45.677824,4.752826,5.123,77.085
663,69255,Vaugneray,45.729779,4.642713,69383,Lyon 3e Arrondissement,45.753366,4.869379,17.784,77.001
664,69291,Saint-Symphorien-d'Ozon,45.642689,4.869463,69387,Lyon 7e Arrondissement,45.733391,4.837330,10.390,76.896
665,69043,Chaponost,45.709075,4.745521,69152,Pierre-Bénite,45.701802,4.826929,6.373,76.877
666,69076,Dommartin,45.835575,4.714817,69383,Lyon 3e Arrondissement,45.753366,4.869379,15.072,76.759
667,69288,Saint-Laurent-de-Mure,45.683739,5.060670,69388,Lyon 8e Arrondissement,45.733937,4.868943,15.899,76.484
668,69109,Lantignié,46.154878,4.618544,69019,Belleville-en-Beaujolais,46.115745,4.726512,9.389,76.426
669,69046,Charly,45.651046,4.790409,69290,Saint-Priest,45.701788,4.948876,13.543,76.281
670,69086,Fleurieux-sur-l'Arbresle,45.839601,4.652168,69127,Marcy-l'Étoile,45.785019,4.711496,7.614,76.081
671,69063,Collonges-au-Mont-d'Or,45.822018,4.842807,69386,Lyon 6e Arrondissement,45.772983,4.852070,5.500,76.056
672,69069,Craponne,45.746011,4.727073,69290,Saint-Priest,45.701788,4.948876,17.906,75.972
673,69298,Toussieu,45.657506,4.982052,69387,Lyon 7e Arrondissement,45.733391,4.837330,14.055,75.823
674,69382,Lyon 2e Arrondissement,45.748483,4.825778,69152,Pierre-Bénite,45.701802,4.826929,5.192,75.789
675,69381,Lyon 1er Arrondissement,45.770030,4.828728,69259,Vénissieux,45.704217,4.881208,8.375,75.770
676,69283,Mions,45.665076,4.949032,69271,Chassieu,45.738124,4.962317,8.188,75.586
677,69299,Colombier-Saugnieu,45.717909,5.103443,69282,Meyzieu,45.777246,5.006315,10.017,75.524
678,69136,Montagny,45.624985,4.749831,69027,Brignais,45.677824,4.752826,5.880,75.488
679,69061,Cogny,45.987395,4.609672,69264,Villefranche-sur-Saône,45.987181,4.730673,9.349,75.240
680,69069,Craponne,45.746011,4.727073,69255,Vaugneray,45.729779,4.642713,6.791,75.056
681,69165,Régnié-Durette,46.147331,4.642235,69019,Belleville-en-Beaujolais,46.115745,4.726512,7.383,74.941
682,69388,Lyon 8e Arrondissement,45.733937,4.868943,69276,Feyzin,45.673299,4.857979,6.796,74.857
683,69290,Saint-Priest,45.701788,4.948876,69279,Jonage,45.791188,5.041461,12.265,74.827
684,69034,Caluire-et-Cuire,45.797651,4.851570,69244,Tassin-la-Demi-Lune,45.762993,4.754808,8.436,74.795
685,69256,Vaulx-en-Velin,45.786094,4.926690,69204,Saint-Genis-Laval,45.694297,4.789316,14.760,74.606
686,69010,L'Arbresle,45.835290,4.608306,69081,Écully,45.781844,4.772639,14.056,74.371
687,69266,Villeurbanne,45.771031,4.889045,69100,Irigny,45.674947,4.818025,12.023,74.306
688,69081,Écully,45.781844,4.772639,69388,Lyon 8e Arrondissement,45.733937,4.868943,9.176,74.231
689,69259,Vénissieux,45.704217,4.881208,69289,Saint-Pierre-de-Chandieu,45.645130,5.008919,11.901,74.036
690,69089,Francheville,45.738010,4.756296,69116,Limonest,45.830863,4.771221,10.389,73.984
691,69388,Lyon 8e Arrondissement,45.733937,4.868943,69381,Lyon 1er Arrondissement,45.770030,4.828728,5.084,73.822
692,69228,Chabanière,45.589700,4.625548,69027,Brignais,45.677824,4.752826,13.927,73.752
693,69384,Lyon 4e Arrondissement,45.779004,4.823924,69388,Lyon 8e Arrondissement,45.733937,4.868943,6.108,73.691
694,69194,Saint-Didier-au-Mont-d'Or,45.815174,4.797853,69387,Lyon 7e Arrondissement,45.733391,4.837330,9.595,73.234
695,69227,Saint-Martin-en-Haut,45.657760,4.557838,69027,Brignais,45.677824,4.752826,15.315,73.230
696,69029,Bron,45.734653,4.911874,69270,Chaponnay,45.628376,4.950307,12.189,73.222
697,69292,Sathonay-Camp,45.825695,4.874583,69290,Saint-Priest,45.701788,4.948876,14.935,73.195
698,69034,Caluire-et-Cuire,45.797651,4.851570,69072,Dardilly,45.812155,4.746907,8.272,73.129
699,69277,Genas,45.729950,5.016110,69382,Lyon 2e Arrondissement,45.748483,4.825778,14.914,73.003
700,69387,Lyon 7e Arrondissement,45.733391,4.837330,69283,Mions,45.665076,4.949032,11.531,72.933
701,69179,Beauvallon,45.591669,4.703346,69152,Pierre-Bénite,45.701802,4.826929,15.565,72.931
702,69282,Meyzieu,45.777246,5.006315,69287,Saint-Bonnet-de-Mure,45.696223,5.022109,9.092,72.897
703,69266,Villeurbanne,45.771031,4.889045,69244,Tassin-la-Demi-Lune,45.762993,4.754808,10.451,72.886
704,69027,Brignais,45.677824,4.752826,69149,Oullins,45.715194,4.803396,5.718,72.732
705,69292,Sathonay-Camp,45.825695,4.874583,69256,Vaulx-en-Velin,45.786094,4.926690,5.975,72.553
706,69246,Theizé,45.940622,4.627052,69264,Villefranche-sur-Saône,45.987181,4.730673,9.537,72.516
707,69298,Toussieu,45.657506,4.982052,69388,Lyon 8e Arrondissement,45.733937,4.868943,12.223,72.504
708,69091,Givors,45.581238,4.758164,69029,Bron,45.734653,4.911874,20.826,72.493
709,69131,Messimy,45.698981,4.672581,69027,Brignais,45.677824,4.752826,6.662,72.457
710,69027,Brignais,45.677824,4.752826,69389,Lyon 9e Arrondissement,45.782682,4.808618,12.438,72.249
711,69043,Chaponost,45.709075,4.745521,69266,Villeurbanne,45.771031,4.889045,13.097,72.183
712,69275,Décines-Charpieu,45.772003,4.961687,69382,Lyon 2e Arrondissement,45.748483,4.825778,10.863,72.093
713,69259,Vénissieux,45.704217,4.881208,69149,Oullins,45.715194,4.803396,6.164,71.940
714,69081,Écully,45.781844,4.772639,69259,Vénissieux,45.704217,4.881208,12.062,71.880
715,69291,Saint-Symphorien-d'Ozon,45.642689,4.869463,69199,Saint-Fons,45.701579,4.850573,6.711,71.825
716,69255,Vaugneray,45.729779,4.642713,69387,Lyon 7e Arrondissement,45.733391,4.837330,15.111,71.800
717,69176,Soucieu-en-Jarrest,45.677044,4.692048,69387,Lyon 7e Arrondissement,45.733391,4.837330,12.905,71.649
718,69091,Givors,45.581238,4.758164,69270,Chaponnay,45.628376,4.950307,15.840,71.577
719,69387,Lyon 7e Arrondissement,45.733391,4.837330,69040,Champagne-au-Mont-d'Or,45.798345,4.786582,8.226,71.488
720,69046,Charly,45.651046,4.790409,69149,Oullins,45.715194,4.803396,7.204,71.360
721,69385,Lyon 5e Arrondissement,45.756308,4.802918,69264,Villefranche-sur-Saône,45.987181,4.730673,26.274,71.321
722,69288,Saint-Laurent-de-Mure,45.683739,5.060670,69271,Chassieu,45.738124,4.962317,9.741,71.267
723,69387,Lyon 7e Arrondissement,45.733391,4.837330,69264,Villefranche-sur-Saône,45.987181,4.730673,29.404,71.130
724,69206,Saint-Georges-de-Reneins,46.058176,4.721265,69092,Gleizé,45.991049,4.687725,7.901,71.121
725,69248,Thizy-les-Bourgs,46.048934,4.323437,69243,Tarare,45.903638,4.423751,17.920,70.949
726,69033,Cailloux-sur-Fontaines,45.860323,4.884079,69389,Lyon 9e Arrondissement,45.782682,4.808618,10.427,70.939
727,69244,Tassin-la-Demi-Lune,45.762993,4.754808,69029,Bron,45.734653,4.911874,12.588,70.791
728,69033,Cailloux-sur-Fontaines,45.860323,4.884079,69266,Villeurbanne,45.771031,4.889045,9.936,70.728
729,69133,Millery,45.631162,4.778411,69383,Lyon 3e Arrondissement,45.753366,4.869379,15.316,70.683
730,69069,Craponne,45.746011,4.727073,69029,Bron,45.734653,4.911874,14.397,70.598
731,69389,Lyon 9e Arrondissement,45.782682,4.808618,69204,Saint-Genis-Laval,45.694297,4.789316,9.941,70.559
732,69288,Saint-Laurent-de-Mure,45.683739,5.060670,69259,Vénissieux,45.704217,4.881208,14.123,70.552
733,69100,Irigny,45.674947,4.818025,69266,Villeurbanne,45.771031,4.889045,12.023,70.509
734,69100,Irigny,45.674947,4.818025,69382,Lyon 2e Arrondissement,45.748483,4.825778,8.199,70.509
735,69299,Colombier-Saugnieu,45.717909,5.103443,69277,Genas,45.729950,5.016110,6.910,70.420
736,69112,Lentilly,45.812492,4.670357,69266,Villeurbanne,45.771031,4.889045,17.571,70.310
737,69197,Saint-Étienne-des-Oullières,46.063081,4.657024,69092,Gleizé,45.991049,4.687725,8.353,70.271
738,69271,Chassieu,45.738124,4.962317,69273,Corbas,45.668394,4.908519,8.808,70.265
739,69115,Limas,45.972174,4.718894,69013,Arnas,46.018568,4.710964,5.195,70.201
740,69289,Saint-Pierre-de-Chandieu,45.645130,5.008919,69029,Bron,45.734653,4.911874,12.487,70.131
741,69167,Rivolet,46.006497,4.580885,69264,Villefranche-sur-Saône,45.987181,4.730673,11.768,69.974
742,69387,Lyon 7e Arrondissement,45.733391,4.837330,69268,Vourles,45.657839,4.768197,9.970,69.968
743,69024,Val d'Oingt,45.935713,4.572441,69383,Lyon 3e Arrondissement,45.753366,4.869379,30.662,69.963
744,69297,Ternay,45.605109,4.806870,69270,Chaponnay,45.628376,4.950307,11.452,69.933
745,69289,Saint-Pierre-de-Chandieu,45.645130,5.008919,69383,Lyon 3e Arrondissement,45.753366,4.869379,16.195,69.888
746,69283,Mions,45.665076,4.949032,69199,Saint-Fons,45.701579,4.850573,8.659,69.858
747,69297,Ternay,45.605109,4.806870,69266,Villeurbanne,45.771031,4.889045,19.523,69.757
748,69088,Fontaines-sur-Saône,45.828328,4.856384,69382,Lyon 2e Arrondissement,45.748483,4.825778,9.190,69.683
749,69286,Rillieux-la-Pape,45.820347,4.898825,69143,Neuville-sur-Saône,45.883512,4.844221,8.199,69.636
750,69283,Mions,45.665076,4.949032,69277,Genas,45.729950,5.016110,8.898,69.617
751,69276,Feyzin,45.673299,4.857979,69383,Lyon 3e Arrondissement,45.753366,4.869379,8.947,69.327
752,69199,Saint-Fons,45.701579,4.850573,69389,Lyon 9e Arrondissement,45.782682,4.808618,9.588,69.252
753,69259,Vénissieux,45.704217,4.881208,69385,Lyon 5e Arrondissement,45.756308,4.802918,8.395,69.166
754,69389,Lyon 9e Arrondissement,45.782682,4.808618,69264,Villefranche-sur-Saône,45.987181,4.730673,23.526,68.986
755,69191,Saint-Cyr-au-Mont-d'Or,45.819306,4.818330,69382,Lyon 2e Arrondissement,45.748483,4.825778,7.896,68.806
756,69091,Givors,45.581238,4.758164,69199,Saint-Fons,45.701579,4.850573,15.188,68.801
757,69282,Meyzieu,45.777246,5.006315,69199,Saint-Fons,45.701579,4.850573,14.727,68.759
758,69270,Chaponnay,45.628376,4.950307,69387,Lyon 7e Arrondissement,45.733391,4.837330,14.608,68.681
759,69029,Bron,45.734653,4.911874,69283,Mions,45.665076,4.949032,8.257,68.650
760,69116,Limonest,45.830863,4.771221,69389,Lyon 9e Arrondissement,45.782682,4.808618,6.091,68.545
761,69027,Brignais,45.677824,4.752826,69202,Sainte-Foy-lès-Lyon,45.735710,4.793641,7.175,68.531
762,69096,Grigny,45.608638,4.787170,69266,Villeurbanne,45.771031,4.889045,19.715,68.471
763,69019,Belleville-en-Beaujolais,46.115745,4.726512,69018,Beaujeu,46.156984,4.583761,11.917,68.422
764,69256,Vaulx-en-Velin,45.786094,4.926690,69279,Jonage,45.791188,5.041461,8.917,68.386
765,69179,Beauvallon,45.591669,4.703346,69383,Lyon 3e Arrondissement,45.753366,4.869379,22.129,68.375
766,69028,Brindas,45.720577,4.703322,69204,Saint-Genis-Laval,45.694297,4.789316,7.289,68.177
767,69191,Saint-Cyr-au-Mont-d'Or,45.819306,4.818330,69387,Lyon 7e Arrondissement,45.733391,4.837330,9.666,68.085
768,69179,Beauvallon,45.591669,4.703346,69027,Brignais,45.677824,4.752826,10.324,68.073
769,69043,Chaponost,45.709075,4.745521,69386,Lyon 6e Arrondissement,45.772983,4.852070,10.903,67.999
770,69009,Anse,45.942489,4.708158,69266,Villeurbanne,45.771031,4.889045,23.658,67.946
771,69266,Villeurbanne,45.771031,4.889045,69276,Feyzin,45.673299,4.857979,11.132,67.938
772,69036,Cercié,46.125374,4.667545,69264,Villefranche-sur-Saône,45.987181,4.730673,16.120,67.898
773,69205,Saint-Genis-les-Ollières,45.761363,4.726904,69389,Lyon 9e Arrondissement,45.782682,4.808618,6.767,67.893
774,69388,Lyon 8e Arrondissement,45.733937,4.868943,69384,Lyon 4e Arrondissement,45.779004,4.823924,6.108,67.864
775,69043,Chaponost,45.709075,4.745521,69389,Lyon 9e Arrondissement,45.782682,4.808618,9.537,67.814
776,69292,Sathonay-Camp,45.825695,4.874583,69384,Lyon 4e Arrondissement,45.779004,4.823924,6.510,67.794
777,69202,Sainte-Foy-lès-Lyon,45.735710,4.793641,69127,Marcy-l'Étoile,45.785019,4.711496,8.407,67.707
778,69034,Caluire-et-Cuire,45.797651,4.851570,69277,Genas,45.729950,5.016110,14.818,67.689
779,69043,Chaponost,45.709075,4.745521,69388,Lyon 8e Arrondissement,45.733937,4.868943,9.972,67.561
780,69043,Chaponost,45.709075,4.745521,69259,Vénissieux,45.704217,4.881208,10.550,67.492
781,69127,Marcy-l'Étoile,45.785019,4.711496,69389,Lyon 9e Arrondissement,45.782682,4.808618,7.536,67.419
782,69286,Rillieux-la-Pape,45.820347,4.898825,69273,Corbas,45.668394,4.908519,16.913,67.387
783,69290,Saint-Priest,45.701788,4.948876,69288,Saint-Laurent-de-Mure,45.683739,5.060670,8.912,67.299
784,69285,Pusignan,45.754050,5.067248,69256,Vaulx-en-Velin,45.786094,4.926690,11.470,67.208
785,69121,Lozanne,45.852895,4.684771,69116,Limonest,45.830863,4.771221,7.131,67.193
786,69044,Charbonnières-les-Bains,45.780081,4.743270,69382,Lyon 2e Arrondissement,45.748483,4.825778,7.301,67.192
787,69034,Caluire-et-Cuire,45.797651,4.851570,69127,Marcy-l'Étoile,45.785019,4.711496,10.951,66.892
788,69290,Saint-Priest,45.701788,4.948876,69298,Toussieu,45.657506,4.982052,5.558,66.858
789,69288,Saint-Laurent-de-Mure,45.683739,5.060670,69277,Genas,45.729950,5.016110,6.195,66.801
790,69259,Vénissieux,45.704217,4.881208,69279,Jonage,45.791188,5.041461,15.753,66.784
791,69285,Pusignan,45.754050,5.067248,69290,Saint-Priest,45.701788,4.948876,10.872,66.689
792,69145,Odenas,46.093647,4.644894,69264,Villefranche-sur-Saône,45.987181,4.730673,13.564,66.619
793,69290,Saint-Priest,45.701788,4.948876,69149,Oullins,45.715194,4.803396,11.394,66.605
794,69387,Lyon 7e Arrondissement,45.733391,4.837330,69299,Colombier-Saugnieu,45.717909,5.103443,20.729,66.424
795,69046,Charly,45.651046,4.790409,69259,Vénissieux,45.704217,4.881208,9.204,66.250
796,69244,Tassin-la-Demi-Lune,45.762993,4.754808,69149,Oullins,45.715194,4.803396,6.517,66.229
797,69385,Lyon 5e Arrondissement,45.756308,4.802918,69273,Corbas,45.668394,4.908519,12.759,66.114
798,69388,Lyon 8e Arrondissement,45.733937,4.868943,69149,Oullins,45.715194,4.803396,5.498,65.749
799,69279,Jonage,45.791188,5.041461,69029,Bron,45.734653,4.911874,11.856,65.720
800,69218,Saint-Lager,46.111711,4.676665,69264,Villefranche-sur-Saône,45.987181,4.730673,14.461,65.717
801,69284,Montanay,45.877323,4.867710,69286,Rillieux-la-Pape,45.820347,4.898825,6.778,65.489
802,69279,Jonage,45.791188,5.041461,69271,Chassieu,45.738124,4.962317,8.515,65.424
803,69024,Val d'Oingt,45.935713,4.572441,69243,Tarare,45.903638,4.423751,12.042,65.371
804,69266,Villeurbanne,45.771031,4.889045,69191,Saint-Cyr-au-Mont-d'Or,45.819306,4.818330,7.673,65.348
805,69202,Sainte-Foy-lès-Lyon,45.735710,4.793641,69029,Bron,45.734653,4.911874,9.177,65.327
806,69290,Saint-Priest,45.701788,4.948876,69081,Écully,45.781844,4.772639,16.318,65.229
807,69110,Larajasse,45.608004,4.514255,69238,Saint-Symphorien-sur-Coise,45.631268,4.450390,5.600,65.220
808,69297,Ternay,45.605109,4.806870,69291,Saint-Symphorien-d'Ozon,45.642689,4.869463,6.415,65.192
809,69284,Montanay,45.877323,4.867710,69383,Lyon 3e Arrondissement,45.753366,4.869379,13.784,65.191
810,69142,La Mulatière,45.730426,4.812845,69386,Lyon 6e Arrondissement,45.772983,4.852070,5.626,65.179
811,69091,Givors,45.581238,4.758164,69149,Oullins,45.715194,4.803396,15.305,65.130
812,69278,Genay,45.898314,4.837816,69386,Lyon 6e Arrondissement,45.772983,4.852070,13.980,65.111
813,69018,Beaujeu,46.156984,4.583761,69019,Belleville-en-Beaujolais,46.115745,4.726512,11.917,65.098
814,69142,La Mulatière,45.730426,4.812845,69389,Lyon 9e Arrondissement,45.782682,4.808618,5.820,65.082
815,69289,Saint-Pierre-de-Chandieu,45.645130,5.008919,69273,Corbas,45.668394,4.908519,8.221,65.035
816,69142,La Mulatière,45.730426,4.812845,69290,Saint-Priest,45.701788,4.948876,11.031,64.933
817,69387,Lyon 7e Arrondissement,45.733391,4.837330,69091,Givors,45.581238,4.758164,18.003,64.854
818,69112,Lentilly,45.812492,4.670357,69010,L'Arbresle,45.835290,4.608306,5.436,64.825
819,69276,Feyzin,45.673299,4.857979,69204,Saint-Genis-Laval,45.694297,4.789316,5.823,64.814
820,69072,Dardilly,45.812155,4.746907,69385,Lyon 5e Arrondissement,45.756308,4.802918,7.578,64.792
821,69088,Fontaines-sur-Saône,45.828328,4.856384,69143,Neuville-sur-Saône,45.883512,4.844221,6.208,64.668
822,69389,Lyon 9e Arrondissement,45.782682,4.808618,69271,Chassieu,45.738124,4.962317,12.912,64.607
823,69091,Givors,45.581238,4.758164,69256,Vaulx-en-Velin,45.786094,4.926690,26.273,64.581
824,69072,Dardilly,45.812155,4.746907,69387,Lyon 7e Arrondissement,45.733391,4.837330,11.220,64.575
825,69260,Vernaison,45.649537,4.809526,69259,Vénissieux,45.704217,4.881208,8.245,64.565
826,69202,Sainte-Foy-lès-Lyon,45.735710,4.793641,69034,Caluire-et-Cuire,45.797651,4.851570,8.224,64.522
827,69382,Lyon 2e Arrondissement,45.748483,4.825778,69029,Bron,45.734653,4.911874,6.856,64.299
828,69386,Lyon 6e Arrondissement,45.772983,4.852070,69282,Meyzieu,45.777246,5.006315,11.972,64.279
829,69250,La Tour-de-Salvagny,45.810239,4.712304,69116,Limonest,45.830863,4.771221,5.109,64.165
830,69116,Limonest,45.830863,4.771221,69383,Lyon 3e Arrondissement,45.753366,4.869379,11.497,64.159
831,69260,Vernaison,45.649537,4.809526,69382,Lyon 2e Arrondissement,45.748483,4.825778,11.075,63.971
832,69094,Grézieu-la-Varenne,45.748046,4.690065,69072,Dardilly,45.812155,4.746907,8.381,63.971
833,69260,Vernaison,45.649537,4.809526,69152,Pierre-Bénite,45.701802,4.826929,5.967,63.836
834,69106,Lachassagne,45.927432,4.679259,69264,Villefranche-sur-Saône,45.987181,4.730673,7.742,63.820
835,69089,Francheville,45.738010,4.756296,69040,Champagne-au-Mont-d'Or,45.798345,4.786582,7.108,63.607
836,69096,Grigny,45.608638,4.787170,69029,Bron,45.734653,4.911874,17.036,63.600
837,69272,Communay,45.598178,4.838471,69291,Saint-Symphorien-d'Ozon,45.642689,4.869463,5.505,63.588
838,69028,Brindas,45.720577,4.703322,69202,Sainte-Foy-lès-Lyon,45.735710,4.793641,7.210,63.442
839,69089,Francheville,45.738010,4.756296,69131,Messimy,45.698981,4.672581,7.815,63.434
840,69381,Lyon 1er Arrondissement,45.770030,4.828728,69388,Lyon 8e Arrondissement,45.733937,4.868943,5.084,63.390
841,69282,Meyzieu,45.777246,5.006315,69081,Écully,45.781844,4.772639,18.129,63.380
842,69384,Lyon 4e Arrondissement,45.779004,4.823924,69275,Décines-Charpieu,45.772003,4.961687,10.713,63.319
843,69266,Villeurbanne,45.771031,4.889045,69202,Sainte-Foy-lès-Lyon,45.735710,4.793641,8.379,63.243
844,69034,Caluire-et-Cuire,45.797651,4.851570,69143,Neuville-sur-Saône,45.883512,4.844221,9.564,63.107
845,69172,Salles-Arbuissonnas-en-Beaujolais,46.045289,4.631493,69264,Villefranche-sur-Saône,45.987181,4.730673,10.020,63.044
846,69009,Anse,45.942489,4.708158,69092,Gleizé,45.991049,4.687725,5.626,63.025
847,69043,Chaponost,45.709075,4.745521,69081,Écully,45.781844,4.772639,8.361,62.866
848,69383,Lyon 3e Arrondissement,45.753366,4.869379,69040,Champagne-au-Mont-d'Or,45.798345,4.786582,8.139,62.819
849,69034,Caluire-et-Cuire,45.797651,4.851570,69204,Saint-Genis-Laval,45.694297,4.789316,12.466,62.695
850,69108,Lancié,46.172878,4.725125,69264,Villefranche-sur-Saône,45.987181,4.730673,20.653,62.687
851,69149,Oullins,45.715194,4.803396,69276,Feyzin,45.673299,4.857979,6.299,62.669
852,69273,Corbas,45.668394,4.908519,69282,Meyzieu,45.777246,5.006315,14.288,62.633
853,69148,Orliénas,45.661172,4.720473,69204,Saint-Genis-Laval,45.694297,4.789316,6.494,62.501
854,69091,Givors,45.581238,4.758164,69141,Mornant,45.616276,4.673383,7.661,62.318
855,69291,Saint-Symphorien-d'Ozon,45.642689,4.869463,69266,Villeurbanne,45.771031,4.889045,14.352,62.281
856,69204,Saint-Genis-Laval,45.694297,4.789316,69273,Corbas,45.668394,4.908519,9.698,62.276
857,69094,Grézieu-la-Varenne,45.748046,4.690065,69244,Tassin-la-Demi-Lune,45.762993,4.754808,5.291,62.132
858,69389,Lyon 9e Arrondissement,45.782682,4.808618,69282,Meyzieu,45.777246,5.006315,15.343,62.093
859,69266,Villeurbanne,45.771031,4.889045,69278,Genay,45.898314,4.837816,14.699,62.093
860,69268,Vourles,45.657839,4.768197,69290,Saint-Priest,45.701788,4.948876,14.863,61.912
861,69286,Rillieux-la-Pape,45.820347,4.898825,69072,Dardilly,45.812155,4.746907,11.809,61.906
862,69027,Brignais,45.677824,4.752826,69385,Lyon 5e Arrondissement,45.756308,4.802918,9.554,61.850
863,69094,Grézieu-la-Varenne,45.748046,4.690065,69385,Lyon 5e Arrondissement,45.756308,4.802918,8.804,61.848
864,69044,Charbonnières-les-Bains,45.780081,4.743270,69290,Saint-Priest,45.701788,4.948876,18.176,61.818
865,69264,Villefranche-sur-Saône,45.987181,4.730673,69266,Villeurbanne,45.771031,4.889045,26.981,61.807
866,69255,Vaugneray,45.729779,4.642713,69027,Brignais,45.677824,4.752826,10.320,61.712
867,69385,Lyon 5e Arrondissement,45.756308,4.802918,69250,La Tour-de-Salvagny,45.810239,4.712304,9.238,61.636
868,69255,Vaugneray,45.729779,4.642713,69204,Saint-Genis-Laval,45.694297,4.789316,12.047,61.574
869,69255,Vaugneray,45.729779,4.642713,69244,Tassin-la-Demi-Lune,45.762993,4.754808,9.450,61.534
870,69385,Lyon 5e Arrondissement,45.756308,4.802918,69199,Saint-Fons,45.701579,4.850573,7.122,61.461
871,69163,Quincieux,45.914110,4.773581,69278,Genay,45.898314,4.837816,5.271,61.459
872,69021,Bessenay,45.774200,4.547074,69010,L'Arbresle,45.835290,4.608306,8.287,61.422
873,69176,Soucieu-en-Jarrest,45.677044,4.692048,69152,Pierre-Bénite,45.701802,4.826929,10.833,61.421
874,69091,Givors,45.581238,4.758164,69386,Lyon 6e Arrondissement,45.772983,4.852070,22.535,61.415
875,69385,Lyon 5e Arrondissement,45.756308,4.802918,69194,Saint-Didier-au-Mont-d'Or,45.815174,4.797853,6.557,61.359
876,69384,Lyon 4e Arrondissement,45.779004,4.823924,69282,Meyzieu,45.777246,5.006315,14.146,61.333
877,69204,Saint-Genis-Laval,45.694297,4.789316,69276,Feyzin,45.673299,4.857979,5.823,61.274
878,69264,Villefranche-sur-Saône,45.987181,4.730673,69143,Neuville-sur-Saône,45.883512,4.844221,14.491,61.269
879,69264,Villefranche-sur-Saône,45.987181,4.730673,69286,Rillieux-la-Pape,45.820347,4.898825,22.659,61.266
880,69214,Saint-Jean-la-Bussière,46.002542,4.332748,69248,Thizy-les-Bourgs,46.048934,4.323437,5.208,61.265
881,69288,Saint-Laurent-de-Mure,45.683739,5.060670,69299,Colombier-Saugnieu,45.717909,5.103443,5.047,61.216
882,69162,Quincié-en-Beaujolais,46.113669,4.607814,69019,Belleville-en-Beaujolais,46.115745,4.726512,9.152,61.175
883,69163,Quincieux,45.914110,4.773581,69383,Lyon 3e Arrondissement,45.753366,4.869379,19.354,61.161
884,69382,Lyon 2e Arrondissement,45.748483,4.825778,69116,Limonest,45.830863,4.771221,10.090,61.076
885,69099,Haute-Rivoire,45.714790,4.405312,69220,Saint-Laurent-de-Chamousset,45.737894,4.464602,5.271,61.031
886,69271,Chassieu,45.738124,4.962317,69382,Lyon 2e Arrondissement,45.748483,4.825778,10.658,61.021
887,69163,Quincieux,45.914110,4.773581,69389,Lyon 9e Arrondissement,45.782682,4.808618,14.864,60.960
888,69275,Décines-Charpieu,45.772003,4.961687,69287,Saint-Bonnet-de-Mure,45.696223,5.022109,9.643,60.939
889,69133,Millery,45.631162,4.778411,69259,Vénissieux,45.704217,4.881208,11.393,60.939
890,69299,Colombier-Saugnieu,45.717909,5.103443,69271,Chassieu,45.738124,4.962317,11.183,60.830
891,69052,Chazay-d'Azergues,45.876194,4.708945,69264,Villefranche-sur-Saône,45.987181,4.730673,12.455,60.716
892,69288,Saint-Laurent-de-Mure,45.683739,5.060670,69387,Lyon 7e Arrondissement,45.733391,4.837330,18.200,60.676
893,69287,Saint-Bonnet-de-Mure,45.696223,5.022109,69282,Meyzieu,45.777246,5.006315,9.092,60.648
894,69389,Lyon 9e Arrondissement,45.782682,4.808618,69152,Pierre-Bénite,45.701802,4.826929,9.105,60.634
895,69133,Millery,45.631162,4.778411,69266,Villeurbanne,45.771031,4.889045,17.768,60.597
896,69294,Sérézin-du-Rhône,45.627764,4.825049,69259,Vénissieux,45.704217,4.881208,9.556,60.588
897,69034,Caluire-et-Cuire,45.797651,4.851570,69299,Colombier-Saugnieu,45.717909,5.103443,21.458,60.569
898,69136,Montagny,45.624985,4.749831,69387,Lyon 7e Arrondissement,45.733391,4.837330,13.839,60.565
899,69091,Givors,45.581238,4.758164,69276,Feyzin,45.673299,4.857979,12.847,60.539
900,69100,Irigny,45.674947,4.818025,69273,Corbas,45.668394,4.908519,7.069,60.499
901,69287,Saint-Bonnet-de-Mure,45.696223,5.022109,69256,Vaulx-en-Velin,45.786094,4.926690,12.438,60.455
902,69136,Montagny,45.624985,4.749831,69259,Vénissieux,45.704217,4.881208,13.485,60.433
903,69278,Genay,45.898314,4.837816,69266,Villeurbanne,45.771031,4.889045,14.699,60.411
904,69279,Jonage,45.791188,5.041461,69277,Genas,45.729950,5.016110,7.088,60.369
905,69157,Vindry-sur-Turdine,45.892480,4.494124,69208,Saint-Germain-Nuelles,45.860383,4.616072,10.093,60.332
906,69031,Brussieu,45.747182,4.517657,69010,L'Arbresle,45.835290,4.608306,12.057,60.293
907,69076,Dommartin,45.835575,4.714817,69081,Écully,45.781844,4.772639,7.469,60.270
908,69278,Genay,45.898314,4.837816,69034,Caluire-et-Cuire,45.797651,4.851570,11.244,60.244
909,69034,Caluire-et-Cuire,45.797651,4.851570,69273,Corbas,45.668394,4.908519,15.037,60.233
910,69141,Mornant,45.616276,4.673383,69387,Lyon 7e Arrondissement,45.733391,4.837330,18.217,60.172
911,69386,Lyon 6e Arrondissement,45.772983,4.852070,69271,Chassieu,45.738124,4.962317,9.391,60.151
912,69231,Saint-Pierre-la-Palud,45.781284,4.616691,69112,Lentilly,45.812492,4.670357,5.418,60.023
913,69297,Ternay,45.605109,4.806870,69273,Corbas,45.668394,4.908519,10.582,60.020
914,69072,Dardilly,45.812155,4.746907,69386,Lyon 6e Arrondissement,45.772983,4.852070,9.244,59.961
915,69142,La Mulatière,45.730426,4.812845,69259,Vénissieux,45.704217,4.881208,6.055,59.941
916,69289,Saint-Pierre-de-Chandieu,45.645130,5.008919,69287,Saint-Bonnet-de-Mure,45.696223,5.022109,5.773,59.938
917,69278,Genay,45.898314,4.837816,69290,Saint-Priest,45.701788,4.948876,23.488,59.911
918,69290,Saint-Priest,45.701788,4.948876,69204,Saint-Genis-Laval,45.694297,4.789316,12.420,59.896
919,69233,Saint-Romain-au-Mont-d'Or,45.835523,4.820327,69383,Lyon 3e Arrondissement,45.753366,4.869379,9.895,59.871
920,69298,Toussieu,45.657506,4.982052,69383,Lyon 3e Arrondissement,45.753366,4.869379,13.790,59.763
921,69157,Vindry-sur-Turdine,45.892480,4.494124,69127,Marcy-l'Étoile,45.785019,4.711496,20.648,59.729
922,69091,Givors,45.581238,4.758164,69291,Saint-Symphorien-d'Ozon,45.642689,4.869463,11.029,59.726
923,69010,L'Arbresle,45.835290,4.608306,69243,Tarare,45.903638,4.423751,16.185,59.618
924,69283,Mions,45.665076,4.949032,69382,Lyon 2e Arrondissement,45.748483,4.825778,13.327,59.572
925,69045,Charentay,46.084252,4.689657,69264,Villefranche-sur-Saône,45.987181,4.730673,11.249,59.540
926,69259,Vénissieux,45.704217,4.881208,69291,Saint-Symphorien-d'Ozon,45.642689,4.869463,6.902,59.517
927,69027,Brignais,45.677824,4.752826,69029,Bron,45.734653,4.911874,13.873,59.411
928,69034,Caluire-et-Cuire,45.797651,4.851570,69040,Champagne-au-Mont-d'Or,45.798345,4.786582,5.039,59.364
929,69028,Brindas,45.720577,4.703322,69388,Lyon 8e Arrondissement,45.733937,4.868943,12.941,59.317
930,69034,Caluire-et-Cuire,45.797651,4.851570,69199,Saint-Fons,45.701579,4.850573,10.683,59.222
931,69264,Villefranche-sur-Saône,45.987181,4.730673,69163,Quincieux,45.914110,4.773581,8.776,59.149
932,69271,Chassieu,45.738124,4.962317,69386,Lyon 6e Arrondissement,45.772983,4.852070,9.391,59.122
933,69013,Arnas,46.018568,4.710964,69115,Limas,45.972174,4.718894,5.195,58.968
934,69290,Saint-Priest,45.701788,4.948876,69116,Limonest,45.830863,4.771221,19.897,58.866
935,69275,Décines-Charpieu,45.772003,4.961687,69152,Pierre-Bénite,45.701802,4.826929,13.050,58.618
936,69149,Oullins,45.715194,4.803396,69381,Lyon 1er Arrondissement,45.770030,4.828728,6.407,58.517
937,69070,Cublize,46.024412,4.387362,69248,Thizy-les-Bourgs,46.048934,4.323437,5.638,58.494
938,69194,Saint-Didier-au-Mont-d'Or,45.815174,4.797853,69381,Lyon 1er Arrondissement,45.770030,4.828728,5.561,58.473
939,69291,Saint-Symphorien-d'Ozon,45.642689,4.869463,69382,Lyon 2e Arrondissement,45.748483,4.825778,12.243,58.364
940,69171,Sain-Bel,45.811737,4.598388,69112,Lentilly,45.812492,4.670357,5.579,58.293
941,69149,Oullins,45.715194,4.803396,69127,Marcy-l'Étoile,45.785019,4.711496,10.542,58.241
942,69116,Limonest,45.830863,4.771221,69081,Écully,45.781844,4.772639,5.452,58.140
943,69091,Givors,45.581238,4.758164,69133,Millery,45.631162,4.778411,5.770,58.062
944,69094,Grézieu-la-Varenne,45.748046,4.690065,69266,Villeurbanne,45.771031,4.889045,15.647,57.762
945,69387,Lyon 7e Arrondissement,45.733391,4.837330,69270,Chaponnay,45.628376,4.950307,14.608,57.753
946,69140,Morancé,45.894410,4.700075,69264,Villefranche-sur-Saône,45.987181,4.730673,10.584,57.721
947,69152,Pierre-Bénite,45.701802,4.826929,69029,Bron,45.734653,4.911874,7.539,57.652
948,69029,Bron,45.734653,4.911874,69116,Limonest,45.830863,4.771221,15.278,57.649
949,69388,Lyon 8e Arrondissement,45.733937,4.868943,69287,Saint-Bonnet-de-Mure,45.696223,5.022109,12.610,57.618
950,69202,Sainte-Foy-lès-Lyon,45.735710,4.793641,69273,Corbas,45.668394,4.908519,11.645,57.614
951,69121,Lozanne,45.852895,4.684771,69072,Dardilly,45.812155,4.746907,6.610,57.574
952,69389,Lyon 9e Arrondissement,45.782682,4.808618,69275,Décines-Charpieu,45.772003,4.961687,11.930,57.470
953,69386,Lyon 6e Arrondissement,45.772983,4.852070,69299,Colombier-Saugnieu,45.717909,5.103443,20.445,57.437
954,69131,Messimy,45.698981,4.672581,69382,Lyon 2e Arrondissement,45.748483,4.825778,13.104,57.425
955,69388,Lyon 8e Arrondissement,45.733937,4.868943,69244,Tassin-la-Demi-Lune,45.762993,4.754808,9.427,57.373
956,69388,Lyon 8e Arrondissement,45.733937,4.868943,69127,Marcy-l'Étoile,45.785019,4.711496,13.470,57.283
957,69259,Vénissieux,45.704217,4.881208,69244,Tassin-la-Demi-Lune,45.762993,4.754808,11.788,57.208
958,69131,Messimy,45.698981,4.672581,69152,Pierre-Bénite,45.701802,4.826929,11.991,57.140
959,69273,Corbas,45.668394,4.908519,69199,Saint-Fons,45.701579,4.850573,5.820,57.034
960,69244,Tassin-la-Demi-Lune,45.762993,4.754808,69286,Rillieux-la-Pape,45.820347,4.898825,12.859,57.016
961,69293,Sathonay-Village,45.840322,4.886293,69290,Saint-Priest,45.701788,4.948876,16.151,57.011
962,69256,Vaulx-en-Velin,45.786094,4.926690,69384,Lyon 4e Arrondissement,45.779004,4.823924,8.008,56.999
963,69383,Lyon 3e Arrondissement,45.753366,4.869379,69296,Solaize,45.645924,4.838220,12.190,56.855
964,69249,Thurins,45.683877,4.625756,69069,Craponne,45.746011,4.727073,10.470,56.829
965,69256,Vaulx-en-Velin,45.786094,4.926690,69027,Brignais,45.677824,4.752826,18.084,56.794
966,69044,Charbonnières-les-Bains,45.780081,4.743270,69266,Villeurbanne,45.771031,4.889045,11.350,56.786
967,69001,Affoux,45.843771,4.413224,69243,Tarare,45.903638,4.423751,6.707,56.751
968,69149,Oullins,45.715194,4.803396,69034,Caluire-et-Cuire,45.797651,4.851570,9.901,56.685
969,69255,Vaugneray,45.729779,4.642713,69081,Écully,45.781844,4.772639,11.624,56.629
970,69241,Taluyers,45.636625,4.723306,69152,Pierre-Bénite,45.701802,4.826929,10.833,56.604
971,69383,Lyon 3e Arrondissement,45.753366,4.869379,69264,Villefranche-sur-Saône,45.987181,4.730673,28.130,56.584
972,69293,Sathonay-Village,45.840322,4.886293,69034,Caluire-et-Cuire,45.797651,4.851570,5.455,56.572
973,69069,Craponne,45.746011,4.727073,69027,Brignais,45.677824,4.752826,7.841,56.571
974,69288,Saint-Laurent-de-Mure,45.683739,5.060670,69256,Vaulx-en-Velin,45.786094,4.926690,15.416,56.554
975,69044,Charbonnières-les-Bains,45.780081,4.743270,69387,Lyon 7e Arrondissement,45.733391,4.837330,8.956,56.546
976,69204,Saint-Genis-Laval,45.694297,4.789316,69081,Écully,45.781844,4.772639,9.820,56.539
977,69255,Vaugneray,45.729779,4.642713,69043,Chaponost,45.709075,4.745521,8.307,56.510
978,69255,Vaugneray,45.729779,4.642713,69152,Pierre-Bénite,45.701802,4.826929,14.637,56.490
979,69127,Marcy-l'Étoile,45.785019,4.711496,69383,Lyon 3e Arrondissement,45.753366,4.869379,12.742,56.350
980,69176,Soucieu-en-Jarrest,45.677044,4.692048,69141,Mornant,45.616276,4.673383,6.911,56.299
981,69176,Soucieu-en-Jarrest,45.677044,4.692048,69127,Marcy-l'Étoile,45.785019,4.711496,12.101,56.295
982,69202,Sainte-Foy-lès-Lyon,45.735710,4.793641,69131,Messimy,45.698981,4.672581,10.248,56.282
983,69204,Saint-Genis-Laval,45.694297,4.789316,69116,Limonest,45.830863,4.771221,15.250,56.216
984,69286,Rillieux-la-Pape,45.820347,4.898825,69279,Jonage,45.791188,5.041461,11.522,56.215
985,69056,Chessy,45.890697,4.616867,69081,Écully,45.781844,4.772639,17.092,56.153
986,69117,Lissieu,45.855257,4.745239,69081,Écully,45.781844,4.772639,8.435,56.074
987,69388,Lyon 8e Arrondissement,45.733937,4.868943,69264,Villefranche-sur-Saône,45.987181,4.730673,30.126,56.032
988,69243,Tarare,45.903638,4.423751,69173,Sarcey,45.885314,4.554635,10.332,56.018
989,69384,Lyon 4e Arrondissement,45.779004,4.823924,69271,Chassieu,45.738124,4.962317,11.659,55.945
990,69389,Lyon 9e Arrondissement,45.782682,4.808618,69027,Brignais,45.677824,4.752826,12.438,55.891
991,69256,Vaulx-en-Velin,45.786094,4.926690,69287,Saint-Bonnet-de-Mure,45.696223,5.022109,12.438,55.816
992,69385,Lyon 5e Arrondissement,45.756308,4.802918,69043,Chaponost,45.709075,4.745521,6.887,55.801
993,69024,Val d'Oingt,45.935713,4.572441,69112,Lentilly,45.812492,4.670357,15.659,55.799
994,69387,Lyon 7e Arrondissement,45.733391,4.837330,69100,Irigny,45.674947,4.818025,6.669,55.797
995,69135,Deux-Grosnes,46.234878,4.559664,69264,Villefranche-sur-Saône,45.987181,4.730673,30.535,55.749
996,69278,Genay,45.898314,4.837816,69387,Lyon 7e Arrondissement,45.733391,4.837330,18.339,55.712
997,69056,Chessy,45.890697,4.616867,69127,Marcy-l'Étoile,45.785019,4.711496,13.850,55.704
998,69133,Millery,45.631162,4.778411,69029,Bron,45.734653,4.911874,15.489,55.640
999,69029,Bron,45.734653,4.911874,69027,Brignais,45.677824,4.752826,13.873,55.625
