scenario,drivers_per_hour_per_station,seed,agents_spawned,cost_per_passenger_served,decision_latency_ms,drivers_active,drivers_total,empty_distance_share,fleet_utilisation,incentive_paid,invalid_action_rate,mean_journey_time_s,mean_occupancy,mean_time_to_pickup_s,mean_wait_s,model_calls,model_decisions,passenger_km,passengers_served,passengers_unserved,riders_total,service_rate,stopped_by_clock,stranded,taxi_km_empty_to_pickup,tokens_per_decision,usd_per_decision,vehicle_km_empty,vehicle_km_loaded,vehicle_km_total
baseline,1,1,38,0.0,0.0,6,6,0.19413725028663395,0.0,0.0,0.0,2814.5411233028763,2.3411403088461094,0.0,158.25,0,0,193.86441588373606,20,12,32,0.625,false,0,0.0,0.0,0.0,16.076056819782394,66.73163101986147,82.80768783964386
baseline,1,2,38,0.0,0.0,6,6,0.15414637103391315,0.0,0.0,0.0,2755.898781843364,2.0799798416619395,0.0,514.2352941176471,0,0,158.64507874116762,17,15,32,0.53125,false,0,0.0,0.0,0.0,11.757115468388761,64.51529619806638,76.27241166645514
baseline,1,3,38,0.0,0.0,6,6,0.2335301814207252,0.0,0.0,0.0,3011.4046954883797,2.2681374799163065,0.0,732.047619047619,0,0,197.4722418850715,21,11,32,0.65625,false,0,0.0,0.0,0.0,20.33198114370022,66.73163101986147,87.06361216356169
baseline,1,4,38,0.0,0.0,5,6,0.48935300447575336,0.0,0.0,0.0,2581.059230381963,1.7290389112961604,0.0,424.3333333333333,0,0,147.56156108748644,18,14,32,0.5625,false,0,0.0,0.0,0.0,41.762908163334785,43.58020362173666,85.34311178507144
baseline,1,5,38,0.0,0.0,4,6,0.3919360931591957,0.0,0.0,0.0,3182.5328295960517,1.5652997027238436,0.0,240.5,0,0,131.91454489072638,12,20,32,0.375,false,0,0.0,0.0,0.0,33.0301419372761,51.24416327160904,84.27430520888514
baseline,1,6,38,0.0,0.0,4,6,0.5561262667781394,0.0,0.0,0.0,2688.339663802129,1.7754949328874425,0.0,370.125,0,0,143.34587899044175,16,16,32,0.5,false,0,0.0,0.0,0.0,44.89925995527413,35.83646974761044,80.73572970288457
baseline,1,7,38,0.0,0.0,6,6,0.2245465183810295,0.0,0.0,0.0,2722.592989310565,2.408274935139936,0.0,37.95238095238095,0,0,207.24404258346615,21,11,32,0.65625,false,0,0.0,0.0,0.0,19.32334532835351,66.73163101986147,86.05497634821498
baseline,1,8,38,0.0,0.0,4,6,0.383497894268256,0.0,0.0,0.0,3205.2297749836894,1.7479876149269238,0.0,446.7692307692308,0,0,145.29417159045644,13,19,32,0.40625,false,0,0.0,0.0,0.0,31.87666112652642,51.24416327160903,83.12082439813545
baseline,1,9,38,0.0,0.0,5,6,0.29486784966611174,0.0,0.0,0.0,2480.803169017486,1.9902829115693987,0.0,376.88235294117646,0,0,166.49730638856659,17,15,32,0.53125,false,0,0.0,0.0,0.0,24.667198027281323,58.98789714573525,83.65509517301658
baseline,1,10,38,0.0,0.0,6,6,0.25161906775080234,0.0,0.0,0.0,2957.551831756434,2.3874028265721767,0.0,164.61904761904762,0,0,212.87993540907001,21,11,32,0.65625,false,0,0.0,0.0,0.0,22.43636905104495,66.73163101986147,89.16800007090642
baseline,2,1,44,0.0,0.0,9,12,0.4836458759467471,0.0,0.0,0.0,3127.597986488679,1.6016146570293375,0.0,325.86206896551727,0,0,276.64263855137574,29,3,32,0.90625,false,0,0.0,0.0,0.0,83.53886539385525,89.18847406774182,172.72733946159707
baseline,2,2,44,0.0,0.0,7,12,0.6351140393113386,0.0,0.0,0.0,2442.9473519137046,1.1999483225507168,0.0,144.41666666666666,0,0,191.7008886087489,24,8,32,0.75,false,0,0.0,0.0,0.0,101.46430760040464,58.29331279549079,159.75762039589543
baseline,2,3,44,0.0,0.0,10,12,0.31810679968896566,0.0,0.0,0.0,2628.4817872981434,1.546763203353687,0.0,218.3448275862069,0,0,254.82469362727508,29,3,32,0.90625,false,0,0.0,0.0,0.0,52.40716070548899,112.33990146586663,164.74706217135562
baseline,2,4,44,0.0,0.0,9,12,0.46528453863482505,0.0,0.0,0.0,2828.1475533629987,1.6341695146296848,0.0,236.44827586206895,0,0,265.79971750768345,29,3,32,0.90625,false,0,0.0,0.0,0.0,75.67911273749006,86.97213924594674,162.6512519834368
baseline,2,5,44,0.0,0.0,9,12,0.3815319447226528,0.0,0.0,0.0,2989.0663986477725,1.319826430392167,0.0,184.13636363636363,0,0,223.21086000699054,22,10,32,0.6875,false,0,0.0,0.0,0.0,64.52520690647046,104.59616759174042,169.12137449821088
baseline,2,6,44,0.0,0.0,9,12,0.49226948678794835,0.0,0.0,0.0,2875.2599532659265,1.1173890442721957,0.0,113.125,0,0,191.40412683794952,24,8,32,0.75,false,0,0.0,0.0,0.0,84.32372929607875,86.97213924594674,171.2958685420255
baseline,2,7,44,0.0,0.0,10,12,0.4221751336963248,0.0,0.0,0.0,2761.342643744627,1.7488971624306258,0.0,137.83333333333334,0,0,293.38381454939844,30,2,32,0.9375,false,0,0.0,0.0,0.0,70.82140322052426,96.93220794186804,167.7536111623923
baseline,2,8,44,0.0,0.0,10,12,0.3975115172847846,0.0,0.0,0.0,2801.258261855164,1.331114073787643,0.0,345.3333333333333,0,0,221.7131975332289,27,5,32,0.84375,false,0,0.0,0.0,0.0,66.21036565462325,100.35176594567682,166.56213160030006
baseline,2,9,44,0.0,0.0,8,12,0.48537690398708794,0.0,0.0,0.0,2558.02131828952,1.5122948870633073,0.0,240.85185185185185,0,0,239.33722587902267,27,5,32,0.84375,false,0,0.0,0.0,0.0,76.8162100525275,81.4447401936156,158.2609502461431
baseline,2,10,44,0.0,0.0,9,12,0.49342107490116804,0.0,0.0,0.0,2621.3632705800023,1.4033876945699264,0.0,211.46428571428572,0,0,247.0809597531488,28,4,32,0.875,false,0,0.0,0.0,0.0,86.87189806546809,89.18847406774182,176.0603721332099
baseline,4,1,56,0.0,0.0,11,24,0.7162512103557769,0.0,0.0,0.0,2822.1675122120932,0.7790622462905681,0.0,311.3333333333333,0,0,263.7136419778987,30,2,32,0.9375,false,0,0.0,0.0,0.0,242.45201991671297,96.04935559409701,338.50137551080996
baseline,4,2,56,0.0,0.0,14,24,0.5889388534312041,0.0,0.0,0.0,2732.136356864279,0.7384280909685551,0.0,39.13793103448276,0,0,240.56221457977395,29,3,32,0.90625,false,0,0.0,0.0,0.0,191.86219561021068,133.913892165976,325.77608777618667
baseline,4,3,56,0.0,0.0,12,24,0.675140540427849,0.0,0.0,0.0,2606.174273144884,0.6454227147918069,0.0,75.89285714285714,0,0,217.4107871816491,28,4,32,0.875,false,0,0.0,0.0,0.0,227.42124345594215,109.4289822938271,336.85022574976927
baseline,4,4,56,0.0,0.0,12,24,0.6593431372851607,0.0,0.0,0.0,2697.9726287045205,0.620732612973951,0.0,109.29629629629629,0,0,209.66705330752293,27,5,32,0.84375,false,0,0.0,0.0,0.0,222.7086668618756,115.06487511943095,337.77354198130655
baseline,4,5,56,0.0,0.0,12,24,0.656515985754684,0.0,0.0,0.0,2514.553108039543,0.7502159864578987,0.0,35.63333333333333,0,0,256.15817610129915,30,2,32,0.9375,false,0,0.0,0.0,0.0,224.16469460519016,117.28120994122605,341.4459045464162
baseline,4,6,56,0.0,0.0,13,24,0.6030732499079957,0.0,0.0,0.0,2632.0088862407724,0.8988896000744881,0.0,105.46875,0,0,300.2446960757536,32,0,32,1.0,false,0,0.0,0.0,0.0,201.43691129037262,132.5804096919519,334.0173209823245
baseline,4,7,56,0.0,0.0,12,24,0.6225003062561432,0.0,0.0,0.0,2727.0990768215725,0.8178095599396489,0.0,182.0,0,0,270.4442642122435,31,1,32,0.96875,false,0,0.0,0.0,0.0,205.8567734397267,124.8366758178257,330.6934492575524
baseline,4,8,56,0.0,0.0,13,24,0.6293067033225096,0.0,0.0,0.0,2875.5319018880737,0.7127405748954633,0.0,139.25,0,0,242.59028140404243,28,4,32,0.875,false,0,0.0,0.0,0.0,214.19250653836963,126.17015829184976,340.3626648302194
baseline,4,9,56,0.0,0.0,11,24,0.7056474825111346,0.0,0.0,0.0,2545.1636520944835,0.584201768917788,0.0,36.111111111111114,0,0,201.814825660124,27,5,32,0.84375,false,0,0.0,0.0,0.0,243.7687306635505,101.68524841970087,345.4539790832514
baseline,4,10,56,0.0,0.0,14,24,0.5695720061276502,0.0,0.0,0.0,2652.0626408478415,0.7350142061885852,0.0,73.10714285714286,0,0,246.78419798234955,28,4,32,0.875,false,0,0.0,0.0,0.0,191.23626392786446,144.51806014438523,335.7543240722497
baseline,8,1,80,0.0,0.0,14,48,0.8073621945587466,0.0,0.0,0.0,2618.2988734725072,0.4126019665928426,0.0,90.3225806451613,0,0,274.8769338558337,31,1,32,0.96875,false,0,0.0,0.0,0.0,537.8676364148844,128.33600804588832,666.2036444607727
baseline,8,2,80,0.0,0.0,15,48,0.7346533627909518,0.0,0.0,0.0,2558.873603673102,0.44771939583169545,0.0,4.161290322580645,0,0,289.0814041978187,31,1,32,0.96875,false,0,0.0,0.0,0.0,474.34761078363636,171.3277986116019,645.6754093952383
baseline,8,3,80,0.0,0.0,15,48,0.82361479528041,0.0,0.0,0.0,2427.6870899221685,0.3774816512924904,0.0,4.5,0,0,251.72550645770897,30,2,32,0.9375,false,0,0.0,0.0,0.0,549.2316004185818,117.62334629420633,666.8549467127882
baseline,8,4,80,0.0,0.0,13,48,0.8019502272667167,0.0,0.0,0.0,2688.446087892078,0.3593539349926421,0.0,69.41379310344827,0,0,240.56221457977387,29,3,32,0.90625,false,0,0.0,0.0,0.0,536.8493395181116,132.58040969195193,669.4297492100635
baseline,8,5,80,0.0,0.0,18,48,0.7211719029812891,0.0,0.0,0.0,2460.064229972704,0.3900600660599768,0.0,1.0,0,0,260.10581597656335,29,3,32,0.90625,false,0,0.0,0.0,0.0,480.9028726757077,185.93241401208334,666.835286687791
baseline,8,6,80,0.0,0.0,18,48,0.7199091295892532,0.0,0.0,0.0,2516.7186120072315,0.44084580805793655,0.0,7.53125,0,0,298.0283612539586,32,0,32,1.0,false,0,0.0,0.0,0.0,486.68567154675543,189.3519720158921,676.0376435626475
baseline,8,7,80,0.0,0.0,20,48,0.6667363175984139,0.0,0.0,0.0,2443.44335761606,0.44523283512815875,0.0,169.53125,0,0,300.24469607575367,32,0,32,1.0,false,0,0.0,0.0,0.0,449.6165314994808,224.73781163724954,674.3543431367303
baseline,8,8,80,0.0,0.0,16,48,0.7784983056888096,0.0,0.0,0.0,2708.047048193642,0.4096544102168908,0.0,11.64516129032258,0,0,274.8769338558337,31,1,32,0.96875,false,0,0.0,0.0,0.0,522.3701294132395,148.6270013397301,670.9971307529696
baseline,8,9,80,0.0,0.0,17,48,0.7620634739026644,0.0,0.0,0.0,2676.0585873064556,0.4153032318657538,0.0,45.1,0,0,276.9050006801023,30,2,32,0.9375,false,0,0.0,0.0,0.0,508.10870363635905,158.64507874116765,666.7537823775267
baseline,8,10,80,0.0,0.0,17,48,0.7348190193205425,0.0,0.0,0.0,2490.1529679845403,0.3923360992326666,0.0,14.6,0,0,261.4973071561036,30,2,32,0.9375,false,0,0.0,0.0,0.0,489.766797333269,176.74670389066034,666.5135012239293
baseline,16,1,128,0.0,0.0,16,96,0.9080821761154193,0.0,0.0,0.0,2381.4853664401926,0.14897724635672654,0.0,12.666666666666666,0,0,199.59849083832887,27,5,32,0.84375,false,0,0.0,0.0,0.0,1216.6410397720408,123.15074534653748,1339.7917851185782
baseline,16,2,128,0.0,0.0,14,96,0.8889684134063313,0.0,0.0,0.0,2273.8524627839765,0.19194456227094311,0.0,16.733333333333334,0,0,256.1581761012991,30,2,32,0.9375,false,0,0.0,0.0,0.0,1186.3661293430846,148.1763712134771,1334.5425005565617
baseline,16,3,128,0.0,0.0,16,96,0.8960876837368489,0.0,0.0,0.0,2441.64305587479,0.17785274348958252,0.0,1.0,0,0,242.77854940156897,29,3,32,0.90625,false,0,0.0,0.0,0.0,1223.2078275867968,141.84589403762877,1365.0537216244256
baseline,16,4,128,0.0,0.0,19,96,0.8375647230784966,0.0,0.0,0.0,2555.7802858352698,0.21072224487872782,0.0,10.580645161290322,0,0,286.86506937602354,31,1,32,0.96875,false,0,0.0,0.0,0.0,1140.2121429139997,221.12998563591418,1361.342128549914
baseline,16,5,128,0.0,0.0,14,96,0.8905079074467943,0.0,0.0,0.0,2495.441138938989,0.2136111689375705,0.0,22.419354838709676,0,0,289.08140419781864,31,1,32,0.96875,false,0,0.0,0.0,0.0,1205.1302261691012,148.17637121347707,1353.3065973825783
baseline,16,6,128,0.0,0.0,19,96,0.8871622586082453,0.0,0.0,0.0,2388.789563618304,0.16806864159641488,0.0,11.068965517241379,0,0,228.57407905958414,29,3,32,0.90625,false,0,0.0,0.0,0.0,1206.5445065281344,153.4598160418168,1360.0043225699512
baseline,16,7,128,0.0,0.0,17,96,0.8753759439149958,0.0,0.0,0.0,2310.4261357443306,0.1870923171232072,0.0,1.0,0,0,249.5091716359139,30,2,32,0.9375,false,0,0.0,0.0,0.0,1167.4147286999655,166.20054461776726,1333.6152733177328
baseline,16,8,128,0.0,0.0,18,96,0.8808367340513844,0.0,0.0,0.0,2339.1139646969814,0.17108080838418274,0.0,1.2413793103448276,0,0,230.79041388137918,29,3,32,0.90625,false,0,0.0,0.0,0.0,1188.2611283735107,160.75291978968997,1349.0140481632006
baseline,16,9,128,0.0,0.0,17,96,0.8633935781158578,0.0,0.0,0.0,2335.231892660941,0.20505384103172836,0.0,30.096774193548388,0,0,277.0932686776289,31,1,32,0.96875,false,0,0.0,0.0,0.0,1166.72064035308,184.59893153805925,1351.3195718911393
baseline,16,10,128,0.0,0.0,18,96,0.8778657565463895,0.0,0.0,0.0,2406.1780977358767,0.19552928961702,0.0,1.0,0,0,261.4973071561037,30,2,32,0.9375,false,0,0.0,0.0,0.0,1174.0416580609026,163.34011051348423,1337.3817685743868
