test,scenario,metric,reference_min,reference_mean,reference_max,as_ran_mean,corrected_mean,agrees
level,fleet-door-to-door-100,service_rate,0.8899,0.9064,0.9269,0.9052,0.9989,True
level,fleet-door-to-door-100,mean_wait_s,238.3199,251.6208,265.2283,309.5025,235.1624,False
level,fleet-door-to-door-100,mean_journey_time_s,1253.5080,1270.0349,1299.8850,1344.1699,1121.9932,False
level,fleet-door-to-door-100,mean_occupancy,0.8691,0.8777,0.8871,0.8653,0.8434,False
level,fleet-door-to-door-100,empty_distance_share,0.1689,0.1787,0.1888,0.1907,0.2103,False
level,fleet-door-to-door-100,vehicle_km_total,45111.8857,45838.7293,46251.9513,42960.3246,48470.7028,False
level,fleet-door-to-door-100,passenger_km,39650.5464,40230.8184,40930.8514,37173.3060,40870.2560,False
level,fleet-network-100,service_rate,0.4160,0.4418,0.4638,0.3049,0.9541,False
level,fleet-network-100,mean_wait_s,1346.2636,1388.5421,1432.0211,870.0928,966.7581,False
level,fleet-network-100,mean_journey_time_s,2350.7585,2393.2140,2469.2673,2098.8601,2443.0961,False
level,fleet-network-100,mean_occupancy,1.3022,1.3179,1.3538,1.2184,0.7705,False
level,fleet-network-100,empty_distance_share,0.2325,0.2424,0.2518,0.2797,0.3610,False
level,fleet-network-100,vehicle_km_total,37758.6323,39227.1716,40321.1456,36261.4465,86266.5943,False
level,fleet-network-100,passenger_km,49169.4949,51703.0206,53683.0975,44177.9281,66465.9366,False
level,fleet-network-200,service_rate,0.5316,0.5713,0.5949,0.4396,1.0000,False
level,fleet-network-200,mean_wait_s,1001.7735,1078.3158,1158.4116,706.8059,237.8181,False
level,fleet-network-200,mean_journey_time_s,2090.0891,2219.2243,2313.0199,2017.6474,1677.9193,False
level,fleet-network-200,mean_occupancy,1.2261,1.2535,1.2836,1.1749,0.9245,False
level,fleet-network-200,empty_distance_share,0.1767,0.1847,0.1969,0.2063,0.1372,False
level,fleet-network-200,vehicle_km_total,20858.8728,21390.5500,21950.3133,19828.1954,32637.9602,False
level,fleet-network-200,passenger_km,26047.7660,26812.5592,27870.9977,23296.7822,30170.4461,False
level,private-cars-100,service_rate,0.0000,0.0000,0.0000,0.0000,0.0000,True
level,private-cars-100,mean_wait_s,0.0000,0.0000,0.0000,0.0000,0.0000,True
level,private-cars-100,mean_journey_time_s,0.0000,0.0000,0.0000,0.0000,0.0000,True
level,private-cars-100,mean_occupancy,0.0000,0.0000,0.0000,0.0000,0.0000,True
level,private-cars-100,empty_distance_share,1.0000,1.0000,1.0000,1.0000,1.0000,True
level,private-cars-100,vehicle_km_total,40968.7877,41404.1714,42133.5573,38367.1129,38367.1115,False
level,private-cars-100,passenger_km,0.0000,0.0000,0.0000,0.0000,0.0000,True
sign,network - door-to-door at 100,service_rate,,-0.4646,,-0.6003,-0.0448,True
sign,network - door-to-door at 100,mean_wait_s,,1136.9213,,560.5903,731.5957,True
sign,network - door-to-door at 100,mean_journey_time_s,,1123.1791,,754.6902,1321.1029,True
sign,network - door-to-door at 100,mean_occupancy,,0.4403,,0.3531,-0.0729,True
sign,network - door-to-door at 100,empty_distance_share,,0.0637,,0.0891,0.1507,True
sign,network - door-to-door at 100,vehicle_km_total,,-6611.5578,,-6698.8782,37795.8915,True
sign,network - door-to-door at 100,passenger_km,,11472.2022,,7004.6221,25595.6806,True
level,"lane grid, every cell",service_rate,,,,,,1709 of 1872
sign,"lane grid, full declaration - none",service_rate,,,,,,51 of 208
sign,"lane grid, full declaration - none, where the reference separates",service_rate,,,,,,25 of 62
level,"lane grid, every cell",mean_wait_s,,,,,,1780 of 1872
sign,"lane grid, full declaration - none",mean_wait_s,,,,,,130 of 208
sign,"lane grid, full declaration - none, where the reference separates",mean_wait_s,,,,,,43 of 46
