scenario,approach,drivers,seed,agents_spawned,cost_per_passenger_served,decision_latency_ms,drivers_active,drivers_total,empty_distance_share,fleet_utilisation,incentive_paid,invalid_action_rate,mean_journey_time_s,mean_occupancy,mean_time_to_pickup_s,mean_wait_s,model_calls,model_decisions,passenger_km,passengers_served,passengers_unserved,riders_total,service_rate,stopped_by_clock,stranded,taxi_km_empty_to_pickup,tokens_per_decision,usd_per_decision,vehicle_km_empty,vehicle_km_loaded,vehicle_km_total
baseline,always,6,1,38,0.0,0.0,6,6,0.19413725028663395,0.0,0.0,0.0,2814.5411233028763,2.3411403088461094,0.0,158.25,0,0,193.86441588373606,20,12,32,0.625,false,0,0.0,0.0,0.0,16.076056819782394,66.73163101986147,82.80768783964386
baseline,always,6,2,38,0.0,0.0,6,6,0.15414637103391315,0.0,0.0,0.0,2755.898781843364,2.0799798416619395,0.0,514.2352941176471,0,0,158.64507874116762,17,15,32,0.53125,false,0,0.0,0.0,0.0,11.757115468388761,64.51529619806638,76.27241166645514
baseline,always,6,3,38,0.0,0.0,6,6,0.2335301814207252,0.0,0.0,0.0,3011.4046954883797,2.2681374799163065,0.0,732.047619047619,0,0,197.4722418850715,21,11,32,0.65625,false,0,0.0,0.0,0.0,20.33198114370022,66.73163101986147,87.06361216356169
baseline,always,6,4,38,0.0,0.0,5,6,0.48935300447575336,0.0,0.0,0.0,2581.059230381963,1.7290389112961604,0.0,424.3333333333333,0,0,147.56156108748644,18,14,32,0.5625,false,0,0.0,0.0,0.0,41.762908163334785,43.58020362173666,85.34311178507144
baseline,always,6,5,38,0.0,0.0,4,6,0.3919360931591957,0.0,0.0,0.0,3182.5328295960517,1.5652997027238436,0.0,240.5,0,0,131.91454489072638,12,20,32,0.375,false,0,0.0,0.0,0.0,33.0301419372761,51.24416327160904,84.27430520888514
baseline,always,6,6,38,0.0,0.0,4,6,0.5561262667781394,0.0,0.0,0.0,2688.339663802129,1.7754949328874425,0.0,370.125,0,0,143.34587899044175,16,16,32,0.5,false,0,0.0,0.0,0.0,44.89925995527413,35.83646974761044,80.73572970288457
baseline,always,6,7,38,0.0,0.0,6,6,0.2245465183810295,0.0,0.0,0.0,2722.592989310565,2.408274935139936,0.0,37.95238095238095,0,0,207.24404258346615,21,11,32,0.65625,false,0,0.0,0.0,0.0,19.32334532835351,66.73163101986147,86.05497634821498
baseline,always,6,8,38,0.0,0.0,4,6,0.383497894268256,0.0,0.0,0.0,3205.2297749836894,1.7479876149269238,0.0,446.7692307692308,0,0,145.29417159045644,13,19,32,0.40625,false,0,0.0,0.0,0.0,31.87666112652642,51.24416327160903,83.12082439813545
baseline,always,6,9,38,0.0,0.0,5,6,0.29486784966611174,0.0,0.0,0.0,2480.803169017486,1.9902829115693987,0.0,376.88235294117646,0,0,166.49730638856659,17,15,32,0.53125,false,0,0.0,0.0,0.0,24.667198027281323,58.98789714573525,83.65509517301658
baseline,always,6,10,38,0.0,0.0,6,6,0.25161906775080234,0.0,0.0,0.0,2957.551831756434,2.3874028265721767,0.0,164.61904761904762,0,0,212.87993540907001,21,11,32,0.65625,false,0,0.0,0.0,0.0,22.43636905104495,66.73163101986147,89.16800007090642
baseline,always,13,1,45,0.0,0.0,9,13,0.5267730742190438,0.0,0.0,0.0,3001.547805090183,1.5977587406662601,0.0,298.4516129032258,0,0,301.1275484235247,31,1,32,0.96875,false,0,0.0,0.0,0.0,99.28024824884238,89.18847406774182,188.4687223165842
baseline,always,13,2,45,0.0,0.0,8,13,0.5897216168777204,0.0,0.0,0.0,2517.297490857086,1.089722734105878,0.0,178.7391304347826,0,0,190.3674061347249,23,9,32,0.71875,false,0,0.0,0.0,0.0,103.02049414312765,71.67293949522087,174.69343363834852
baseline,always,13,3,45,0.0,0.0,10,13,0.46560680544184946,0.0,0.0,0.0,2557.2124159596065,1.4048641310373227,0.0,224.75862068965517,0,0,254.82469362727508,29,3,32,0.90625,false,0,0.0,0.0,0.0,84.45522163049763,96.93220794186804,181.38742957236568
baseline,always,13,4,45,0.0,0.0,10,13,0.4354570149635109,0.0,0.0,0.0,2727.889272533743,1.5388571902547898,0.0,281.06666666666666,0,0,273.54345138180963,30,2,32,0.9375,false,0,0.0,0.0,0.0,77.40576289721653,100.35176594567682,177.75752884289335
baseline,always,13,5,45,0.0,0.0,9,13,0.4334417441317385,0.0,0.0,0.0,2858.776672429627,1.0836469998717564,0.0,134.38095238095238,0,0,200.0594326088657,21,11,32,0.65625,false,0,0.0,0.0,0.0,80.02062425333608,104.59616759174042,184.6167918450765
baseline,always,13,6,45,0.0,0.0,9,13,0.538853201676191,0.0,0.0,0.0,3049.095917528841,1.137624160522959,0.0,41.68,0,0,214.55555423607439,25,7,32,0.78125,false,0,0.0,0.0,0.0,101.62754216152663,86.97213924594675,188.59968140747338
baseline,always,13,7,45,0.0,0.0,11,13,0.40381141096809114,0.0,0.0,0.0,2581.4589485688502,1.585614843677402,0.0,111.13333333333334,0,0,293.3838145493984,30,2,32,0.9375,false,0,0.0,0.0,0.0,74.7165886979403,110.31183464159813,185.02842333953842
baseline,always,13,8,45,0.0,0.0,11,13,0.418710158860226,0.0,0.0,0.0,2842.4622381428194,1.2475792597364448,0.0,381.64285714285717,0,0,227.24059658556,28,4,32,0.875,false,0,0.0,0.0,0.0,76.26605328140249,105.87916499800795,182.14521827941044
baseline,always,13,9,45,0.0,0.0,9,13,0.4586137579592007,0.0,0.0,0.0,2589.071491416066,1.3664618657022312,0.0,287.81481481481484,0,0,239.33722587902267,27,5,32,0.84375,false,0,0.0,0.0,0.0,80.32667967905621,94.82436689334568,175.1510465724019
baseline,always,13,10,45,0.0,0.0,9,13,0.538214309026467,0.0,0.0,0.0,2590.5559948588666,1.3991656537289354,0.0,110.51724137931035,0,0,270.2323871512737,29,3,32,0.90625,false,0,0.0,0.0,0.0,103.9497625885638,89.18847406774182,193.13823665630562
baseline,always,32,1,64,0.0,0.0,13,32,0.6954104382555316,0.0,0.0,0.0,2739.8237240429276,0.6859725973335452,0.0,158.53125,0,0,293.5956916103684,32,0,32,1.0,false,0,0.0,0.0,0.0,297.63507954447846,130.36407487015683,427.99915441463526
baseline,always,32,2,64,0.0,0.0,12,32,0.7339914233420198,0.0,0.0,0.0,2897.9920329289653,0.6973341723375719,0.0,80.61290322580645,0,0,286.86506937602354,31,1,32,0.96875,false,0,0.0,0.0,0.0,301.944905227571,109.42898229382709,411.3738875213981
baseline,always,32,3,64,0.0,0.0,13,32,0.7089821130923789,0.0,0.0,0.0,2599.8038461172464,0.6017625201704615,0.0,39.46666666666667,0,0,253.94184127950402,30,2,32,0.9375,false,0,0.0,0.0,0.0,299.1881634334956,122.80860899355717,421.9967724270528
baseline,always,32,4,64,0.0,0.0,14,32,0.6600231504382627,0.0,0.0,0.0,2554.621646666334,0.6143065057789927,0.0,1.0,0,0,256.15817610129903,30,2,32,0.9375,false,0,0.0,0.0,0.0,275.2214485934886,141.7661198133749,416.98756840686355
baseline,always,32,5,64,0.0,0.0,15,32,0.648752252066872,0.0,0.0,0.0,2550.9560124310265,0.656189988723594,0.0,39.16129032258065,0,0,279.30960349942393,31,1,32,0.96875,false,0,0.0,0.0,0.0,276.1437044271703,149.50985368750113,425.65355811467145
baseline,always,32,6,64,0.0,0.0,14,32,0.6320363208087805,0.0,0.0,0.0,2672.4253378205544,0.7094191212923383,0.0,9.4375,0,0,300.2446960757536,32,0,32,1.0,false,0,0.0,0.0,0.0,267.4942743358491,155.7318370900767,423.22611142592586
baseline,always,32,7,64,0.0,0.0,13,32,0.7241578140483642,0.0,0.0,0.0,2626.3208305644594,0.6489412431463956,0.0,78.38709677419355,0,0,270.4442642122436,31,1,32,0.96875,false,0,0.0,0.0,0.0,301.79053845353417,114.95638134615822,416.74691979969236
baseline,always,32,8,64,0.0,0.0,16,32,0.6565217919006742,0.0,0.0,0.0,2826.119623846824,0.5915485380874103,0.0,48.89655172413793,0,0,255.96990810377253,29,3,32,0.90625,false,0,0.0,0.0,0.0,284.08458802768223,148.6270013397301,432.71158936741233
baseline,always,32,9,64,0.0,0.0,11,32,0.7602101400509688,0.0,0.0,0.0,2593.285809397291,0.577429420995401,0.0,70.57142857142857,0,0,244.86462493135377,28,4,32,0.875,false,0,0.0,0.0,0.0,322.3745864762145,101.68524841970087,424.0598348959154
baseline,always,32,10,64,0.0,0.0,14,32,0.6295526345072472,0.0,0.0,0.0,2649.5817584884917,0.623704966753027,0.0,2.6,0,0,265.92997679969375,30,2,32,0.9375,false,0,0.0,0.0,0.0,268.4232552456034,157.9481719118718,426.37142715747524
baseline,always,66,1,98,0.0,0.0,18,66,0.789588354641202,0.0,0.0,0.0,2517.696418785835,0.314818975991106,0.0,32.645161290322584,0,0,274.87693385583384,31,1,32,0.96875,false,0,0.0,0.0,0.0,689.4108757223644,183.7160791902882,873.1269549126526
baseline,always,66,2,98,0.0,0.0,14,66,0.8601618266452938,0.0,0.0,0.0,2471.260196037444,0.31019306526651724,0.0,15.451612903225806,0,0,277.0932686776288,31,1,32,0.96875,false,0,0.0,0.0,0.0,768.3764688036428,124.91645004207953,893.2929188457223
baseline,always,66,3,98,0.0,0.0,16,66,0.8493567482205059,0.0,0.0,0.0,2597.0402546827727,0.3243845624279041,0.0,11.064516129032258,0,0,286.8650693760235,31,1,32,0.96875,false,0,0.0,0.0,0.0,751.1170712922617,133.2193078157315,884.3363791079933
baseline,always,66,4,98,0.0,0.0,17,66,0.8119269563279595,0.0,0.0,0.0,2410.1515322339937,0.2697129251643934,0.0,16.79310344827586,0,0,238.34587975797888,29,3,32,0.90625,false,0,0.0,0.0,0.0,717.5015605472119,166.2005446177673,883.7021051649791
baseline,always,66,5,98,0.0,0.0,15,66,0.8329975547326928,0.0,0.0,0.0,2551.85129076549,0.299000413594642,0.0,9.466666666666667,0,0,263.71364197789876,30,2,32,0.9375,false,0,0.0,0.0,0.0,734.6906857963588,147.29351886570606,881.9842046620648
baseline,always,66,6,98,0.0,0.0,20,66,0.7733669211929254,0.0,0.0,0.0,2555.23220625559,0.3012693437794915,0.0,1.5333333333333334,0,0,271.26910785449843,30,2,32,0.9375,false,0,0.0,0.0,0.0,696.3554675836428,204.06508118964626,900.420548773289
baseline,always,66,7,98,0.0,0.0,17,66,0.8083407701661935,0.0,0.0,0.0,2518.3911904432457,0.3443207238431573,0.0,1.0,0,0,302.4610308975487,32,0,32,1.0,false,0,0.0,0.0,0.0,710.069321219116,168.35887073404615,878.4281919531621
baseline,always,66,8,98,0.0,0.0,17,66,0.8298017300835944,0.0,0.0,0.0,2427.0823845634936,0.30159604269888446,0.0,1.0,0,0,277.09326867762877,31,1,32,0.96875,false,0,0.0,0.0,0.0,762.385579351851,156.3707352138563,918.7563145657073
baseline,always,66,9,98,0.0,0.0,17,66,0.7948772009192006,0.0,0.0,0.0,2617.9748222584963,0.33503155467920337,0.0,15.4375,0,0,300.24469607575355,32,0,32,1.0,false,0,0.0,0.0,0.0,712.343838287258,183.82457296356097,896.168411250819
baseline,always,66,10,98,0.0,0.0,16,66,0.8196580690193578,0.0,0.0,0.0,2605.4998803801195,0.3048834994299031,0.0,13.225806451612904,0,0,274.8769338558337,31,1,32,0.96875,false,0,0.0,0.0,0.0,738.9875058621699,162.5927186164319,901.5802244786018
baseline,always,132,1,164,0.0,0.0,13,132,0.9360043568083515,0.0,0.0,0.0,2343.943747885581,0.14509808298498242,0.0,9.933333333333334,0,0,256.15817610129915,30,2,32,0.9375,false,0,0.0,0.0,0.0,1652.4351247818522,112.97879958964623,1765.4139243714985
baseline,always,132,2,164,0.0,0.0,21,132,0.8811098093307107,0.0,0.0,0.0,2458.1166538875505,0.15682272463453345,0.0,1.0,0,0,274.87693385583367,31,1,32,0.96875,false,0,0.0,0.0,0.0,1544.3983857795477,208.38925705996365,1752.7876428395114
baseline,always,132,3,164,0.0,0.0,20,132,0.8956622868160978,0.0,0.0,0.0,2417.7366906588527,0.13549992133642236,0.0,3.2413793103448274,0,0,240.5622145797739,29,3,32,0.90625,false,0,0.0,0.0,0.0,1590.1300982833031,185.23782966183887,1775.3679279451421
baseline,always,132,4,164,0.0,0.0,20,132,0.8921397657619143,0.0,0.0,0.0,2503.6240005128393,0.14629741518611322,0.0,1.0,0,0,261.49730715610366,30,2,32,0.9375,false,0,0.0,0.0,0.0,1594.642981605885,192.79329553843849,1787.4362771443236
baseline,always,132,5,164,0.0,0.0,16,132,0.9038512634190221,0.0,0.0,0.0,2329.2581089345344,0.13028028076574544,0.0,14.785714285714286,0,0,229.3989227018389,28,4,32,0.875,false,0,0.0,0.0,0.0,1591.5110475071697,169.2997317873334,1760.8107792945032
baseline,always,132,6,164,0.0,0.0,17,132,0.9026890511073178,0.0,0.0,0.0,2314.6053584773313,0.1562109226468175,0.0,2.096774193548387,0,0,279.3096034994239,31,1,32,0.96875,false,0,0.0,0.0,0.0,1614.0338759672052,173.99476355965,1788.0286395268552
baseline,always,132,7,164,0.0,0.0,20,132,0.889507281407203,0.0,0.0,0.0,2422.323957909234,0.15753607829234928,0.0,1.0,0,0,274.87693385583367,31,1,32,0.96875,false,0,0.0,0.0,0.0,1552.057387780768,192.7932955384385,1744.8506833192066
baseline,always,132,8,164,0.0,0.0,21,132,0.885236993113907,0.0,0.0,0.0,2458.4833161437523,0.1534216207522091,0.0,4.451612903225806,0,0,272.6605990340387,31,1,32,0.96875,false,0,0.0,0.0,0.0,1573.2414222071343,203.9565874163735,1777.1980096235077
baseline,always,132,9,164,0.0,0.0,21,132,0.8791582807290442,0.0,0.0,0.0,2381.0666820554443,0.1601374356879863,0.0,1.0,0,0,284.64873455422844,31,1,32,0.96875,false,0,0.0,0.0,0.0,1562.7282340775469,214.79950846006582,1777.5277425376128
baseline,always,132,10,164,0.0,0.0,14,132,0.9206043349482094,0.0,0.0,0.0,2341.7854915432986,0.14920967594008916,0.0,1.0,0,0,263.7136419778987,30,2,32,0.9375,false,0,0.0,0.0,0.0,1627.0789441786155,140.3241435660781,1767.4030877446937
baseline,on_demand,6,1,38,0.0,0.0,2,6,0.8546790579130665,0.0,0.0,0.0,2587.9590595315426,0.16666921913015698,0.0,1049.3333333333333,0,0,10.410698822174323,3,29,32,0.09375,false,0,0.0,0.0,0.0,53.386019974114475,9.07721634815027,62.46323632226475
baseline,on_demand,6,2,38,0.0,0.0,0,6,1.0,0.0,0.0,0.0,0.0,0.0,0.0,0.0,0,0,0.0,0,32,32,0.0,false,0,0.0,0.0,0.0,54.890931231380925,0.0,54.890931231380925
baseline,on_demand,6,3,38,0.0,0.0,2,6,0.7565918198825605,0.0,0.0,0.0,2734.4956061581865,0.9736327204697579,0.0,821.375,0,0,61.94987099300975,8,24,32,0.25,false,0,0.0,0.0,0.0,48.14008881447299,15.487467748252435,63.627556562725424
baseline,on_demand,6,4,38,0.0,0.0,3,6,0.7554706154131261,0.0,0.0,0.0,2458.7097362986424,0.7529732446396527,0.0,792.0,0,0,51.79633314085352,10,22,32,0.3125,false,0,0.0,0.0,0.0,51.9681249667649,16.820950222276487,68.78907518904138
baseline,on_demand,6,5,38,0.0,0.0,1,6,0.9777400219679973,0.0,0.0,0.0,1924.8013207490505,0.04451995606400541,0.0,281.5,0,0,2.6669649480481055,2,30,32,0.0625,false,0,0.0,0.0,0.0,58.57144969198855,1.3334824740240527,59.9049321660126
baseline,on_demand,6,6,38,0.0,0.0,1,6,0.8736924172211886,0.0,0.0,0.0,2888.7923769844137,0.5052303311152457,0.0,1063.75,0,0,30.97493549650487,4,28,32,0.125,false,0,0.0,0.0,0.0,53.56480915837696,7.743733874126217,61.308543032503174
baseline,on_demand,6,7,38,0.0,0.0,2,6,0.8624104383167748,0.0,0.0,0.0,1901.3909109916801,0.2549666196564754,0.0,225.0,0,0,16.820950222276487,3,29,32,0.09375,false,0,0.0,0.0,0.0,56.895930430592315,9.07721634815027,65.97314677874259
baseline,on_demand,6,8,38,0.0,0.0,0,6,1.0,0.0,0.0,0.0,0.0,0.0,0.0,0.0,0,0,0.0,0,32,32,0.0,false,0,0.0,0.0,0.0,49.26734384309755,0.0,49.26734384309755
baseline,on_demand,6,9,38,0.0,0.0,1,6,0.9749181658351379,0.0,0.0,0.0,1854.5979421160494,0.10032733665944821,0.0,651.5,0,0,5.333929896096211,4,28,32,0.125,false,0,0.0,0.0,0.0,51.83178706962723,1.3334824740240527,53.165269543651284
baseline,on_demand,6,10,38,0.0,0.0,1,6,0.8673738876770536,0.0,0.0,0.0,2750.971879466107,0.3978783369688392,0.0,870.0,0,0,23.231201622378652,3,29,32,0.09375,false,0,0.0,0.0,0.0,50.64396775185615,7.743733874126217,58.38770162598237
baseline,on_demand,13,1,45,0.0,0.0,3,13,0.8347568430691475,0.0,0.0,0.0,2783.375141344401,0.428937006584002,0.0,862.0,0,0,58.29331279549079,7,25,32,0.21875,false,0,0.0,0.0,0.0,113.44496048203906,22.456843047880355,135.90180352991942
baseline,on_demand,13,2,45,0.0,0.0,2,13,0.8368613127041997,0.0,0.0,0.0,2935.399980200076,0.3425565277349567,0.0,1107.2,0,0,44.35456219623495,5,27,32,0.15625,false,0,0.0,0.0,0.0,108.35764067728033,21.123360573856303,129.48100125113663
baseline,on_demand,13,3,45,0.0,0.0,7,13,0.6544783417592769,0.0,0.0,0.0,2506.001004001208,0.9400221155676661,0.0,773.2105263157895,0,0,143.25915073590664,19,13,32,0.59375,false,0,0.0,0.0,0.0,99.74234633709455,52.65741996988692,152.39976630698146
baseline,on_demand,13,4,45,0.0,0.0,3,13,0.8768065512473643,0.0,0.0,0.0,2482.3182074312285,0.4927737950105431,0.0,888.0833333333334,0,0,67.28380088910596,12,20,32,0.375,false,0,0.0,0.0,0.0,119.71999730856047,16.820950222276487,136.54094753083695
baseline,on_demand,13,5,45,0.0,0.0,1,13,0.8145707154574594,0.0,0.0,0.0,3887.0722248162124,0.18542928454254065,0.0,206.0,0,0,23.151427398124817,1,31,32,0.03125,false,0,0.0,0.0,0.0,101.70170707435105,23.151427398124817,124.85313447247586
baseline,on_demand,13,6,45,0.0,0.0,4,13,0.7739339432713029,0.0,0.0,0.0,2566.7368163700407,0.526337348602472,0.0,741.3333333333334,0,0,65.15419432184598,9,23,32,0.28125,false,0,0.0,0.0,0.0,95.80365646872539,27.984242100211485,123.78789856893688
baseline,on_demand,13,7,45,0.0,0.0,2,13,0.8783650896729082,0.0,0.0,0.0,2288.217806067596,0.12163491032709184,0.0,181.5,0,0,15.487467748252435,2,30,32,0.0625,false,0,0.0,0.0,0.0,111.8400215934559,15.487467748252435,127.32748934170833
baseline,on_demand,13,8,45,0.0,0.0,4,13,0.772828283899799,0.0,0.0,0.0,2684.337821140743,0.6756903467843944,0.0,854.25,0,0,89.82737219152142,12,20,32,0.375,false,0,0.0,0.0,0.0,102.74104732793165,30.200576922006572,132.94162424993823
baseline,on_demand,13,9,45,0.0,0.0,2,13,0.8328143418866,0.0,0.0,0.0,2726.5141841993454,0.5628465233906083,0.0,663.7142857142857,0,0,71.11381559569513,7,25,32,0.21875,false,0,0.0,0.0,0.0,105.2233656478904,21.123360573856303,126.3467262217467
baseline,on_demand,13,10,45,0.0,0.0,4,13,0.7702147537559363,0.0,0.0,0.0,2333.8355709675106,0.508343772557009,0.0,520.5,0,0,66.8114052441153,8,24,32,0.25,false,0,0.0,0.0,0.0,101.22899662828735,30.20057692200657,131.42957355029392
baseline,on_demand,32,1,64,0.0,0.0,8,32,0.8540668991863052,0.0,0.0,0.0,2178.2463549344625,0.3436841836911267,0.0,515.6470588235294,0,0,103.44064147095906,17,15,32,0.53125,false,0,0.0,0.0,0.0,257.0535162896565,43.922339974716934,300.9758562643734
baseline,on_demand,32,2,64,0.0,0.0,5,32,0.8918558304878678,0.0,0.0,0.0,2529.4033653044585,0.32708812492539446,0.0,691.8,0,0,95.37653676259019,15,17,32,0.46875,false,0,0.0,0.0,0.0,260.0587239994064,31.534059396030624,291.59278339543704
baseline,on_demand,32,3,64,0.0,0.0,5,32,0.933306283644229,0.0,0.0,0.0,1862.5330801512532,0.1461981250144242,0.0,314.5,0,0,42.71911679270325,8,24,32,0.25,false,0,0.0,0.0,0.0,272.7122535287507,19.48791517032459,292.2001686990753
baseline,on_demand,32,4,64,0.0,0.0,7,32,0.8478482689364802,0.0,0.0,0.0,2744.0483426295145,0.4080495264363822,0.0,784.1578947368421,0,0,124.02839653560015,19,13,32,0.59375,false,0,0.0,0.0,0.0,257.7071029098981,46.24716856978476,303.95427147968286
baseline,on_demand,32,5,64,0.0,0.0,7,32,0.8216125065001285,0.0,0.0,0.0,2251.3709271113066,0.4018471114798683,0.0,606.8,0,0,126.19192381058738,15,17,32,0.46875,false,0,0.0,0.0,0.0,258.010720645143,56.0189692681795,314.0296899133225
baseline,on_demand,32,6,64,0.0,0.0,7,32,0.8319207915400517,0.0,0.0,0.0,2741.0399605641,0.4575079256553023,0.0,834.0952380952381,0,0,137.29952946205754,21,11,32,0.65625,false,0,0.0,0.0,0.0,249.66197703470928,50.44108514809184,300.1030621828011
baseline,on_demand,32,7,64,0.0,0.0,9,32,0.7373322902746996,0.0,0.0,0.0,2442.2526231479396,0.43021914601650607,0.0,453.25,0,0,133.21930781573155,16,16,32,0.5,false,0,0.0,0.0,0.0,228.31828441409,81.33624642034287,309.6545308344329
baseline,on_demand,32,8,64,0.0,0.0,5,32,0.9372563601288936,0.0,0.0,0.0,2199.3459079810714,0.17535100761760172,0.0,560.4166666666666,0,0,54.463298088901624,12,20,32,0.375,false,0,0.0,0.0,0.0,291.1079509662017,19.48791517032459,310.5958661365263
baseline,on_demand,32,9,64,0.0,0.0,5,32,0.9225506965057378,0.0,0.0,0.0,2245.67653853707,0.16214693093914218,0.0,695.5,0,0,49.57999831905843,10,22,32,0.3125,false,0,0.0,0.0,0.0,282.0902111256615,23.681831748631673,305.77204287429316
baseline,on_demand,32,10,64,0.0,0.0,7,32,0.853668094733661,0.0,0.0,0.0,2380.6534753624364,0.3171659663774514,0.0,547.4666666666667,0,0,100.23807101369573,15,17,32,0.46875,false,0,0.0,0.0,0.0,269.79579202455864,46.24716856978476,316.0429605943434
baseline,on_demand,66,1,98,0.0,0.0,11,66,0.8853212714864633,0.0,0.0,0.0,2389.5771825117095,0.26215815471740456,0.0,519.304347826087,0,0,169.6946756871216,23,9,32,0.71875,false,0,0.0,0.0,0.0,573.0674531400779,74.23141066999624,647.2988638100741
baseline,on_demand,66,2,98,0.0,0.0,10,66,0.9169835244333001,0.0,0.0,0.0,2054.893830064052,0.1982325268202655,0.0,403.6666666666667,0,0,121.8338272325427,21,11,32,0.65625,false,0,0.0,0.0,0.0,563.578611860148,51.02197456635521,614.6005864265032
baseline,on_demand,66,3,98,0.0,0.0,11,66,0.9040723186921604,0.0,0.0,0.0,2142.132196659587,0.14787250588072637,0.0,389.70588235294116,0,0,95.76915818332698,17,15,32,0.53125,false,0,0.0,0.0,0.0,585.5195621546696,62.127257738774006,647.6468198934436
baseline,on_demand,66,4,98,0.0,0.0,11,66,0.8809730314414395,0.0,0.0,0.0,2350.3071283323625,0.21306984965652687,0.0,377.1578947368421,0,0,136.8488993358045,19,13,32,0.59375,false,0,0.0,0.0,0.0,565.8247278609981,76.44774549179134,642.2724733527895
baseline,on_demand,66,5,98,0.0,0.0,11,66,0.8533282991801564,0.0,0.0,0.0,2307.1687020232953,0.26975482743084145,0.0,387.17391304347825,0,0,170.46903426161987,23,9,32,0.71875,false,0,0.0,0.0,0.0,539.2528187716894,92.68780629580445,631.9406250674938
baseline,on_demand,66,6,98,0.0,0.0,7,66,0.9014848808257839,0.0,0.0,0.0,2464.676076982545,0.19234518412949225,0.0,534.0625,0,0,121.88951345900757,16,16,32,0.5,false,0,0.0,0.0,0.0,571.2727043923846,62.42922066828166,633.7019250606663
baseline,on_demand,66,7,98,0.0,0.0,10,66,0.859573537672389,0.0,0.0,0.0,2361.0182442571713,0.25497995782523514,0.0,285.11764705882354,0,0,165.77168001025186,17,15,32,0.53125,false,0,0.0,0.0,0.0,558.8398031266952,91.2963151162642,650.1361182429594
baseline,on_demand,66,8,98,0.0,0.0,8,66,0.9255584619307334,0.0,0.0,0.0,2352.369385881671,0.1546104590885444,0.0,558.1764705882352,0,0,95.82716688884321,17,15,32,0.53125,false,0,0.0,0.0,0.0,573.6587661642163,46.138674796512035,619.7974409607284
baseline,on_demand,66,9,98,0.0,0.0,7,66,0.953588416431755,0.0,0.0,0.0,2160.758737870717,0.10540490342560217,0.0,427.26666666666665,0,0,64.87399691107595,15,17,32,0.46875,false,0,0.0,0.0,0.0,586.9090523449531,28.56513151847486,615.474183863428
baseline,on_demand,66,10,98,0.0,0.0,11,66,0.8935872450384269,0.0,0.0,0.0,2471.722495958344,0.2573126158552399,0.0,512.3181818181819,0,0,160.50896556569856,22,10,32,0.6875,false,0,0.0,0.0,0.0,557.4105407428259,66.37918302259729,623.7897237654232
baseline,on_demand,132,1,164,0.0,0.0,15,132,0.9160486332410777,0.0,0.0,0.0,2105.940856978571,0.13360653129855105,0.0,349.9583333333333,0,0,166.10861520452383,24,8,32,0.75,false,0,0.0,0.0,0.0,1138.8931996719111,104.3739788864866,1243.2671785583977
baseline,on_demand,132,2,164,0.0,0.0,14,132,0.9130815377623195,0.0,0.0,0.0,2311.0059862941466,0.146374892676775,0.0,373.375,0,0,183.01629368133538,24,8,32,0.75,false,0,0.0,0.0,0.0,1141.6493348973693,108.67638923806642,1250.3257241354356
baseline,on_demand,132,3,164,0.0,0.0,13,132,0.936265997159606,0.0,0.0,0.0,2202.884766868501,0.10406151004888033,0.0,312.5263157894737,0,0,130.43864793570233,19,13,32,0.59375,false,0,0.0,0.0,0.0,1173.5873400290443,79.88906901433774,1253.476409043382
baseline,on_demand,132,4,164,0.0,0.0,16,132,0.9062656753471336,0.0,0.0,0.0,2265.149319068382,0.13503432304025503,0.0,303.9130434782609,0,0,169.63666698160534,23,9,32,0.71875,false,0,0.0,0.0,0.0,1138.4949034023832,117.7536055862167,1256.2485089886
baseline,on_demand,132,5,164,0.0,0.0,17,132,0.894900265901103,0.0,0.0,0.0,2193.7676522003444,0.14184428241204383,0.0,254.70833333333334,0,0,181.5163087285224,24,8,32,0.75,false,0,0.0,0.0,0.0,1145.1923911509662,134.49478158423935,1279.6871727352054
baseline,on_demand,132,6,164,0.0,0.0,14,132,0.9172676083667904,0.0,0.0,0.0,2160.1496439759076,0.15443378208491587,0.0,340.38461538461536,0,0,195.14221213129528,26,6,32,0.8125,false,0,0.0,0.0,0.0,1159.057479500539,104.54048136527555,1263.5979608658147
baseline,on_demand,132,7,164,0.0,0.0,12,132,0.9175711259071623,0.0,0.0,0.0,2516.4040594519715,0.15255813810972318,0.0,426.95454545454544,0,0,192.098711188194,22,10,32,0.6875,false,0,0.0,0.0,0.0,1155.3905474612754,103.79308946822322,1259.1836369294986
baseline,on_demand,132,8,164,0.0,0.0,13,132,0.9293041532782474,0.0,0.0,0.0,2092.8954767004548,0.11367966873371793,0.0,367.45454545454544,0,0,144.26890476168546,22,10,32,0.6875,false,0,0.0,0.0,0.0,1179.3638552728517,89.71887841824868,1269.0827336911004
baseline,on_demand,132,9,164,0.0,0.0,12,132,0.9402019082418682,0.0,0.0,0.0,1993.421221196912,0.10076976810926666,0.0,216.5,0,0,127.3394607661362,20,12,32,0.625,false,0,0.0,0.0,0.0,1188.102406636401,75.5648931440203,1263.6672997804212
baseline,on_demand,132,10,164,0.0,0.0,8,132,0.9618963385451582,0.0,0.0,0.0,2181.474667594549,0.08347656305446052,0.0,384.77777777777777,0,0,104.2385184357679,18,14,32,0.5625,false,0,0.0,0.0,0.0,1201.1353312824183,47.580651043808814,1248.715982326227
