scenario,declaring_pct,seed,agents_spawned,cost_per_passenger_served,decision_latency_ms,drivers_active,drivers_total,empty_distance_share,fleet_utilisation,incentive_paid,invalid_action_rate,mean_journey_time_s,mean_occupancy,mean_time_to_pickup_s,mean_wait_s,model_calls,model_decisions,passenger_km,passengers_served,passengers_unserved,riders_total,service_rate,stopped_by_clock,stranded,taxi_km_empty_to_pickup,tokens_per_decision,usd_per_decision,vehicle_km_empty,vehicle_km_loaded,vehicle_km_total
mixed-declaration,0,1,45,0.0,0.0,9,13,0.5267730742190438,0.0,0.0,0.0,3001.547805090183,1.5977587406662601,0.0,298.4516129032258,0,0,301.1275484235247,31,1,32,0.96875,false,0,0.0,0.0,0.0,99.28024824884238,89.18847406774182,188.4687223165842
mixed-declaration,0,2,45,0.0,0.0,8,13,0.5897216168777204,0.0,0.0,0.0,2517.297490857086,1.089722734105878,0.0,178.7391304347826,0,0,190.3674061347249,23,9,32,0.71875,false,0,0.0,0.0,0.0,103.02049414312765,71.67293949522087,174.69343363834852
mixed-declaration,0,3,45,0.0,0.0,10,13,0.46560680544184946,0.0,0.0,0.0,2557.2124159596065,1.4048641310373227,0.0,224.75862068965517,0,0,254.82469362727508,29,3,32,0.90625,false,0,0.0,0.0,0.0,84.45522163049763,96.93220794186804,181.38742957236568
mixed-declaration,0,4,45,0.0,0.0,10,13,0.4354570149635109,0.0,0.0,0.0,2727.889272533743,1.5388571902547898,0.0,281.06666666666666,0,0,273.54345138180963,30,2,32,0.9375,false,0,0.0,0.0,0.0,77.40576289721653,100.35176594567682,177.75752884289335
mixed-declaration,0,5,45,0.0,0.0,9,13,0.4334417441317385,0.0,0.0,0.0,2858.776672429627,1.0836469998717564,0.0,134.38095238095238,0,0,200.0594326088657,21,11,32,0.65625,false,0,0.0,0.0,0.0,80.02062425333608,104.59616759174042,184.6167918450765
mixed-declaration,0,6,45,0.0,0.0,9,13,0.538853201676191,0.0,0.0,0.0,3049.095917528841,1.137624160522959,0.0,41.68,0,0,214.55555423607439,25,7,32,0.78125,false,0,0.0,0.0,0.0,101.62754216152663,86.97213924594675,188.59968140747338
mixed-declaration,0,7,45,0.0,0.0,11,13,0.40381141096809114,0.0,0.0,0.0,2581.4589485688502,1.585614843677402,0.0,111.13333333333334,0,0,293.3838145493984,30,2,32,0.9375,false,0,0.0,0.0,0.0,74.7165886979403,110.31183464159813,185.02842333953842
mixed-declaration,0,8,45,0.0,0.0,11,13,0.418710158860226,0.0,0.0,0.0,2842.4622381428194,1.2475792597364448,0.0,381.64285714285717,0,0,227.24059658556,28,4,32,0.875,false,0,0.0,0.0,0.0,76.26605328140249,105.87916499800795,182.14521827941044
mixed-declaration,0,9,45,0.0,0.0,9,13,0.4586137579592007,0.0,0.0,0.0,2589.071491416066,1.3664618657022312,0.0,287.81481481481484,0,0,239.33722587902267,27,5,32,0.84375,false,0,0.0,0.0,0.0,80.32667967905621,94.82436689334568,175.1510465724019
mixed-declaration,0,10,45,0.0,0.0,9,13,0.538214309026467,0.0,0.0,0.0,2590.5559948588666,1.3991656537289354,0.0,110.51724137931035,0,0,270.2323871512737,29,3,32,0.90625,false,0,0.0,0.0,0.0,103.9497625885638,89.18847406774182,193.13823665630562
mixed-declaration,25,1,45,0.0,0.0,9,13,0.46896974737344194,0.0,0.0,0.0,3092.585909687605,1.387579101138625,0.0,354.46153846153845,0,0,247.7755441033933,26,6,32,0.8125,false,0,0.0,0.0,0.0,83.74242176761977,94.8243668933457,178.56678866096547
mixed-declaration,25,2,45,0.0,0.0,9,13,0.4485417088816053,0.0,0.0,0.0,2502.842283243468,1.175719099464841,0.0,1.0,0,0,202.16727365738808,22,10,32,0.6875,false,0,0.0,0.0,0.0,77.12765272546442,94.8243668933457,171.9520196188101
mixed-declaration,25,3,45,0.0,0.0,9,13,0.39781634304051045,0.0,0.0,0.0,3033.845340927417,1.4589466260455306,0.0,143.46153846153845,0,0,253.4114369289972,26,6,32,0.8125,false,0,0.0,0.0,0.0,69.09862864345013,104.59616759174042,173.69479623519055
mixed-declaration,25,4,45,0.0,0.0,8,13,0.5378388588545593,0.0,0.0,0.0,2728.1620070945514,1.1508309997539916,0.0,343.36,0,0,202.80617178116773,25,7,32,0.78125,false,0,0.0,0.0,0.0,94.78111036525948,81.44474019361562,176.2258505588751
mixed-declaration,25,5,45,0.0,0.0,7,13,0.6812081703353535,0.0,0.0,0.0,2726.1301974493026,0.8481494996695886,0.0,202.3,0,0,155.09006028664015,20,12,32,0.625,false,0,0.0,0.0,0.0,124.56367214296425,58.29331279549079,182.85698493845504
mixed-declaration,25,6,45,0.0,0.0,10,13,0.38402389945434634,0.0,0.0,0.0,2905.7900479256705,0.9791849437322391,0.0,150.8095238095238,0,0,171.53447451386353,21,11,32,0.65625,false,0,0.0,0.0,0.0,67.27364244652777,107.90723182227647,175.18087426880425
mixed-declaration,25,7,45,0.0,0.0,9,13,0.49695911745448956,0.0,0.0,0.0,2985.3806338043905,1.5222292789420804,0.0,105.04,0,0,275.87348113558585,25,7,32,0.78125,false,0,0.0,0.0,0.0,90.06385806054055,91.16605582425382,181.22991388479437
mixed-declaration,25,8,45,0.0,0.0,6,13,0.741068054233963,0.0,0.0,0.0,2808.6366736339323,0.7194057240670991,0.0,146.8421052631579,0,0,134.2870705470265,19,13,32,0.59375,false,0,0.0,0.0,0.0,138.33064535052546,48.333244099569484,186.66388945009496
mixed-declaration,25,9,45,0.0,0.0,9,13,0.45491667444188333,0.0,0.0,0.0,2691.960836761469,1.338124297178474,0.0,36.15384615384615,0,0,256.77298622728966,26,6,32,0.8125,false,0,0.0,0.0,0.0,87.29406769410929,104.59616759174042,191.8902352858497
mixed-declaration,25,10,45,0.0,0.0,9,13,0.5275319452373955,0.0,0.0,0.0,2752.5379036808813,1.184837138816858,0.0,101.5,0,0,218.10537153189358,26,6,32,0.8125,false,0,0.0,0.0,0.0,97.10832581247213,86.97213924594674,184.08046505841887
mixed-declaration,50,1,45,0.0,0.0,9,13,0.508238737657818,0.0,0.0,0.0,3283.6476890139315,1.382977444442108,0.0,124.88461538461539,0,0,250.82424620520285,26,6,32,0.8125,false,0,0.0,0.0,0.0,92.17691783594549,89.18847406774182,181.3653919036873
mixed-declaration,50,2,45,0.0,0.0,10,13,0.37262017621349064,0.0,0.0,0.0,2964.5615485060075,1.1391311469058267,0.0,87.77272727272727,0,0,199.95093883559304,22,10,32,0.6875,false,0,0.0,0.0,0.0,65.40577374725322,110.12356664407156,175.52934039132478
mixed-declaration,50,3,45,0.0,0.0,9,13,0.46931582136606415,0.0,0.0,0.0,2947.416059132014,0.9515827727380334,0.0,24.210526315789473,0,0,177.5521044932289,19,13,32,0.59375,false,0,0.0,0.0,0.0,87.5678019220014,99.01828347165278,186.58608539365417
mixed-declaration,50,4,45,0.0,0.0,9,13,0.35187904115069113,0.0,0.0,0.0,2693.2749195162664,1.1828636256201897,0.0,79.47619047619048,0,0,212.87993540907007,21,11,32,0.65625,false,0,0.0,0.0,0.0,63.327661726591245,116.64231181744647,179.9699735440377
mixed-declaration,50,5,45,0.0,0.0,6,13,0.6632105564568646,0.0,0.0,0.0,2668.394319339266,0.9990451231444447,0.0,174.57894736842104,0,0,178.93607203500946,19,13,32,0.59375,false,0,0.0,0.0,0.0,118.7857176370864,60.32137961975931,179.10709725684572
mixed-declaration,50,6,45,0.0,0.0,12,13,0.2539527817827023,0.0,0.0,0.0,3135.6719905632763,1.3421476680277824,0.0,19.25,0,0,246.25379363184263,24,8,32,0.75,false,0,0.0,0.0,0.0,46.59460162773641,136.88282004353172,183.47742167126813
mixed-declaration,50,7,45,0.0,0.0,11,13,0.3610370234938202,0.0,0.0,0.0,2850.805960352843,1.3113536770744803,0.0,51.76923076923077,0,0,241.9008982125063,26,6,32,0.8125,false,0,0.0,0.0,0.0,66.59925678171146,117.86730051819777,184.46655729990923
mixed-declaration,50,8,45,0.0,0.0,9,13,0.4894004920846138,0.0,0.0,0.0,3521.2425450264836,0.8265370711275166,0.0,144.72222222222223,0,0,149.90999874599765,18,14,32,0.5625,false,0,0.0,0.0,0.0,88.76314168778077,92.60803207155061,181.37117375933138
mixed-declaration,50,9,45,0.0,0.0,9,13,0.5299736141753132,0.0,0.0,0.0,2503.0210478215645,1.1299712159649662,0.0,54.875,0,0,209.08616388925955,24,8,32,0.75,false,0,0.0,0.0,0.0,98.0645775616627,86.97213924594675,185.03671680760945
mixed-declaration,50,10,45,0.0,0.0,8,13,0.5675747181007919,0.0,0.0,0.0,2836.802739545524,1.1407436882370106,0.0,70.0,0,0,214.85231600687376,25,7,32,0.78125,false,0,0.0,0.0,0.0,106.89933588794695,81.4447401936156,188.34407608156255
mixed-declaration,75,1,45,0.0,0.0,9,13,0.449293940146725,0.0,0.0,0.0,2920.737475370981,1.3513532113388766,0.0,71.75,0,0,242.83423562803378,24,8,32,0.75,false,0,0.0,0.0,0.0,80.73681226519668,98.96027476613656,179.69708703133324
mixed-declaration,75,2,45,0.0,0.0,8,13,0.5378865866576643,0.0,0.0,0.0,2418.0419989265056,1.1319548494029037,0.0,57.25,0,0,199.50030870933995,20,12,32,0.625,false,0,0.0,0.0,0.0,94.79931124940319,81.44474019361562,176.2440514430188
mixed-declaration,75,3,45,0.0,0.0,8,13,0.5555105027288713,0.0,0.0,0.0,2542.819603894356,1.0107992631737566,0.0,1.0,0,0,185.21086298439286,22,10,32,0.6875,false,0,0.0,0.0,0.0,101.78735121379087,81.4447401936156,183.23209140740647
mixed-declaration,75,4,45,0.0,0.0,8,13,0.5452985571171557,0.0,0.0,0.0,2940.42249279833,1.3475289698650135,0.0,57.84615384615385,0,0,241.3652927032911,26,6,32,0.8125,false,0,0.0,0.0,0.0,97.6722198873758,81.44474019361562,179.11696008099142
mixed-declaration,75,5,45,0.0,0.0,8,13,0.5830554807785143,0.0,0.0,0.0,2794.3673854531994,0.9967546914822727,0.0,106.72727272727273,0,0,189.40477956269993,22,10,32,0.6875,false,0,0.0,0.0,0.0,110.79305244648812,79.22840537182053,190.02145781830865
mixed-declaration,75,6,45,0.0,0.0,7,13,0.6977739568362937,0.0,0.0,0.0,2806.5956772423265,0.809537113585619,0.0,94.33333333333333,0,0,150.20676051679692,18,14,32,0.5625,false,0,0.0,0.0,0.0,129.46950037304487,56.076977973695705,185.54647834674057
mixed-declaration,75,7,45,0.0,0.0,9,13,0.506667179378651,0.0,0.0,0.0,2731.6200909379845,1.2039249311261782,0.0,1.0,0,0,217.65474140564058,24,8,32,0.75,false,0,0.0,0.0,0.0,91.59916125603331,89.18847406774182,180.78763532377513
mixed-declaration,75,8,45,0.0,0.0,10,13,0.4613482979013776,0.0,0.0,0.0,3028.056209620488,1.1002946792600248,0.0,118.875,0,0,200.4595776673623,24,8,32,0.75,false,0,0.0,0.0,0.0,84.05174240873619,98.13543112388173,182.18717353261792
mixed-declaration,75,9,45,0.0,0.0,10,13,0.44727257588169056,0.0,0.0,0.0,2593.6356305602044,1.1711775776713285,0.0,35.48,0,0,212.63598118507872,25,7,32,0.78125,false,0,0.0,0.0,0.0,81.2056556093587,100.35176594567682,181.55742155503552
mixed-declaration,75,10,45,0.0,0.0,6,13,0.726416008304619,0.0,0.0,0.0,2275.363957806599,0.7152613578443628,0.0,1.0,0,0,134.1819343877564,17,15,32,0.53125,false,0,0.0,0.0,0.0,136.2745297163889,51.32393749586287,187.5984672122518
mixed-declaration,100,1,45,0.0,0.0,8,13,0.5977643057362575,0.0,0.0,0.0,2523.732748600257,0.8261207189637162,0.0,1.0,0,0,155.69791638234952,21,11,32,0.65625,false,0,0.0,0.0,0.0,112.65987494857247,75.80884736801174,188.4687223165842
mixed-declaration,100,2,45,0.0,0.0,10,13,0.5264404856158095,0.0,0.0,0.0,2613.715743708097,1.0567154710535562,0.0,1.0,0,0,184.60125401711062,22,10,32,0.6875,false,0,0.0,0.0,0.0,91.96569603846538,82.72773759988314,174.69343363834852
mixed-declaration,100,3,45,0.0,0.0,11,13,0.3069005472871531,0.0,0.0,0.0,2745.915893917465,1.3047776325456633,0.0,1.0,0,0,236.6702609309745,25,7,32,0.78125,false,0,0.0,0.0,0.0,55.66790140676896,125.71952816559671,181.38742957236568
mixed-declaration,100,4,45,0.0,0.0,9,13,0.5231942918206238,0.0,0.0,0.0,2821.385920888771,1.4267936533598293,0.0,14.392857142857142,0,0,253.62331398996704,28,4,32,0.875,false,0,0.0,0.0,0.0,93.0017244187417,84.75580442415165,177.75752884289335
mixed-declaration,100,5,45,0.0,0.0,9,13,0.5289045033404626,0.0,0.0,0.0,2908.20568519687,1.197476660708992,0.0,6.833333333333333,0,0,221.07429940944925,24,8,32,0.75,false,0,0.0,0.0,0.0,97.64465259912976,86.97213924594675,184.6167918450765
mixed-declaration,100,6,45,0.0,0.0,9,13,0.538853201676191,0.0,0.0,0.0,2637.4193682125956,0.9784918189383628,0.0,1.0454545454545454,0,0,184.54324531159435,22,10,32,0.6875,false,0,0.0,0.0,0.0,101.62754216152663,86.97213924594675,188.59968140747338
mixed-declaration,100,7,45,0.0,0.0,11,13,0.320539374997031,0.0,0.0,0.0,2756.4905946633994,1.5365563466945193,0.0,6.142857142857143,0,0,284.3065982012481,28,4,32,0.875,false,0,0.0,0.0,0.0,59.30889517394171,125.71952816559671,185.02842333953842
mixed-declaration,100,8,45,0.0,0.0,10,13,0.42603114420708527,0.0,0.0,0.0,3015.7833395914345,1.0360710984005894,0.0,84.0,0,0,188.71539637116388,20,12,32,0.625,false,0,0.0,0.0,0.0,77.59953575542653,104.54568252398391,182.14521827941044
mixed-declaration,100,9,45,0.0,0.0,9,13,0.5034449353975443,0.0,0.0,0.0,2611.8485228855957,1.0858007523157123,0.0,1.3181818181818181,0,0,190.17913813719832,22,10,32,0.6875,false,0,0.0,0.0,0.0,88.17890732645515,86.97213924594675,175.1510465724019
mixed-declaration,100,10,45,0.0,0.0,11,13,0.37825032775004197,0.0,0.0,0.0,2765.4117507476217,1.4323556191706794,0.0,49.58620689655172,0,0,276.64263855137585,29,3,32,0.90625,false,0,0.0,0.0,0.0,73.05460131631277,120.08363533999285,193.13823665630562
