scenario,capacity,vehicles,seed,agents_spawned,cost_per_passenger_served,decision_latency_ms,drivers_active,drivers_total,empty_distance_share,fleet_utilisation,incentive_paid,invalid_action_rate,mean_journey_time_s,mean_occupancy,mean_time_to_pickup_s,mean_wait_s,model_calls,model_decisions,passenger_km,passengers_served,passengers_unserved,riders_total,service_rate,stopped_by_clock,stranded,taxi_km_empty_to_pickup,tokens_per_decision,usd_per_decision,vehicle_km_empty,vehicle_km_loaded,vehicle_km_total
fleet,2,4,1,36,0.0,0.0,4,4,0.644168324989543,1.0,0.0,0.0,1425.665635682411,0.3558316750104552,937.6470588235294,937.6470588235294,0,0,76.60898604048526,17,15,32,0.53125,false,0,138.68659167398934,0.0,0.0,138.68659167398934,76.60898604048563,215.29557771447497
fleet,2,4,2,36,0.0,0.0,4,4,0.5986412717063995,1.0,0.0,0.0,1191.1469771805178,0.4013587282935984,719.9444444444445,719.9444444444445,0,0,78.26593761892072,18,14,32,0.5625,false,0,116.7365180438054,0.0,0.0,116.73651804380538,78.26593761892113,195.0024556627265
fleet,2,4,3,36,0.0,0.0,4,4,0.5618358118416277,1.0,0.0,0.0,1452.9191527236064,0.43816418815837044,918.8125,918.8125,0,0,78.96742259729658,16,16,32,0.5,false,0,101.25593826019636,0.0,0.0,101.25593826019636,78.96742259729692,180.22336085749328
fleet,2,4,4,36,0.0,0.0,4,4,0.5551953096355894,1.0,0.0,0.0,1505.2943678580118,0.4448046903644086,992.1578947368421,992.1578947368421,0,0,90.05562881601374,19,13,32,0.59375,false,0,112.40543053620443,0.0,0.0,112.40543053620443,90.05562881601413,202.46105935221857
fleet,2,4,5,36,0.0,0.0,4,4,0.5954476034795804,1.0,0.0,0.0,1542.4861935401268,0.41790115209153156,974.9375,974.9375,0,0,80.97850721661938,16,16,32,0.5,false,0,115.38244825161134,0.0,0.0,115.38244825161136,78.39186132215816,193.77430957376953
fleet,2,4,6,36,0.0,0.0,4,4,0.5824327495385816,1.0,0.0,0.0,1364.8612852268573,0.4175672504614165,822.5,822.5,0,0,90.22570986163485,18,14,32,0.5625,false,0,125.84896975448508,0.0,0.0,125.84896975448507,90.22570986163527,216.07467961612033
fleet,2,4,7,36,0.0,0.0,4,4,0.5565394309012148,1.0,0.0,0.0,1563.4823453684387,0.44346056909878323,976.3333333333334,976.3333333333334,0,0,81.4320861902625,15,17,32,0.46875,false,0,102.19661016881086,0.0,0.0,102.19661016881086,81.43208619026286,183.62869635907373
fleet,2,4,8,36,0.0,0.0,4,4,0.6147992764944131,1.0,0.0,0.0,1358.8822044324033,0.3852007235055849,889.3888888888889,889.3888888888889,0,0,77.98650978324892,18,14,32,0.5625,false,0,124.47030045718682,0.0,0.0,124.47030045718684,77.98650978324933,202.45681024043617
fleet,2,4,9,36,0.0,0.0,4,4,0.5471317971342632,1.0,0.0,0.0,1371.5063507379364,0.4528682028657347,848.25,848.25,0,0,77.3574181263085,16,16,32,0.5,false,0,93.45920718938646,0.0,0.0,93.45920718938646,77.35741812630886,170.81662531569532
fleet,2,4,10,36,0.0,0.0,4,4,0.7159571662068673,1.0,0.0,0.0,1124.2479255323178,0.28404283379313117,730.0714285714286,730.0714285714286,0,0,50.830779372910186,14,18,32,0.4375,false,0,128.12384762510882,0.0,0.0,128.12384762510885,50.830779372910456,178.9546269980193
fleet,2,8,1,40,0.0,0.0,8,8,0.5843138013638569,1.0,0.0,0.0,1480.1137410808979,0.41568619863614176,804.2916666666666,804.2916666666666,0,0,150.17131337252988,24,8,32,0.75,false,0,211.08993096331477,0.0,0.0,211.0899309633148,150.17131337253036,361.26124433584516
fleet,2,8,2,40,0.0,0.0,8,8,0.5487034122183134,1.0,0.0,0.0,1588.268532370076,0.4512965877816849,881.9130434782609,881.9130434782609,0,0,150.45662777764645,23,9,32,0.71875,false,0,182.9308425712978,0.0,0.0,182.9308425712978,150.45662777764701,333.3874703489448
fleet,2,8,3,40,0.0,0.0,8,8,0.621469645917762,1.0,0.0,0.0,1510.4675169238624,0.3851104950845966,833.7619047619048,833.7619047619048,0,0,127.28689133290004,21,11,32,0.65625,false,0,205.4084225080732,0.0,0.0,205.40842250807313,125.11202021561618,330.5204427236893
fleet,2,8,4,40,0.0,0.0,8,8,0.6042524274704829,1.0,0.0,0.0,1247.7459769717652,0.39574757252951576,670.28,670.28,0,0,133.49678126197296,25,7,32,0.78125,false,0,203.83133021246005,0.0,0.0,203.8313302124601,133.4967812619734,337.3281114744335
fleet,2,8,5,40,0.0,0.0,8,8,0.6688340891193653,1.0,0.0,0.0,1341.3995579557693,0.3311659108806336,758.1304347826087,758.1304347826087,0,0,124.05178053668601,23,9,32,0.71875,false,0,250.53925211763652,0.0,0.0,250.53925211763647,124.05178053668646,374.59103265432293
fleet,2,8,6,40,0.0,0.0,8,8,0.5703288294346404,1.0,0.0,0.0,1478.5304608418257,0.4296711705653579,844.56,844.56,0,0,146.6596617126088,25,7,32,0.78125,false,0,194.6703407626211,0.0,0.0,194.6703407626211,146.65966171260936,341.33000247523046
fleet,2,8,7,40,0.0,0.0,8,8,0.5234949561503393,1.0,0.0,0.0,1478.271316986058,0.4765050438496592,783.1666666666666,783.1666666666666,0,0,154.5038150479344,24,8,32,0.75,false,0,169.74000365271556,0.0,0.0,169.74000365271556,154.50381504793492,324.2438187006505
fleet,2,8,8,40,0.0,0.0,8,8,0.5816422443837425,1.0,0.0,0.0,1449.8438724727866,0.4183577556162559,784.52,784.52,0,0,153.98847911359664,25,7,32,0.78125,false,0,214.08998255317914,0.0,0.0,214.08998255317914,153.98847911359724,368.0784616667764
fleet,2,8,9,40,0.0,0.0,8,8,0.5846575847042199,1.0,0.0,0.0,1628.397389692745,0.41534241529577876,919.44,919.44,0,0,164.19148257746699,25,7,32,0.78125,false,0,231.12447006979804,0.0,0.0,231.12447006979806,164.19148257746753,395.3159526472656
fleet,2,8,10,40,0.0,0.0,8,8,0.6015520555163386,1.0,0.0,0.0,1449.5187646728793,0.39844794448365994,817.5217391304348,817.5217391304348,0,0,134.51813167775862,23,9,32,0.71875,false,0,203.0871528772352,0.0,0.0,203.08715287723527,134.51813167775913,337.6052845549944
fleet,2,16,1,48,0.0,0.0,15,16,0.5810433214197902,0.9375,0.0,0.0,1304.867376544147,0.41895667858020874,627.5357142857143,627.5357142857143,0,0,175.58100574259225,28,4,32,0.875,false,0,243.51007149626201,0.0,0.0,243.51007149626193,175.58100574259268,419.0910772388546
fleet,2,16,2,48,0.0,0.0,14,16,0.539515113537192,0.875,0.0,0.0,1403.5116787354384,0.4604848864628068,657.6206896551724,657.6206896551724,0,0,200.42999889083637,29,3,32,0.90625,false,0,234.82858349268082,0.0,0.0,234.8285834926808,200.4299988908369,435.2585823835177
fleet,2,16,3,48,0.0,0.0,14,16,0.63128133870018,0.875,0.0,0.0,1293.2666152436118,0.368718661299819,642.6,642.6,0,0,150.61030908214406,25,7,32,0.78125,false,0,257.85914172136984,0.0,0.0,257.8591417213698,150.61030908214445,408.46945080351423
fleet,2,16,4,48,0.0,0.0,16,16,0.4907224815106687,1.0,0.0,0.0,1398.7413666633074,0.5092775184893302,619.1333333333333,619.1333333333333,0,0,216.7809874117907,30,2,32,0.9375,false,0,208.8827804584813,0.0,0.0,208.88278045848142,216.78098741179116,425.6637678702726
fleet,2,16,5,48,0.0,0.0,16,16,0.4929100368775547,1.0,0.0,0.0,1431.5034100265955,0.5070899631224443,632.6666666666666,632.6666666666666,0,0,222.11335199225454,30,2,32,0.9375,false,0,215.9023220403663,0.0,0.0,215.90232204036639,222.11335199225502,438.0156740326214
fleet,2,16,6,48,0.0,0.0,15,16,0.5336530020344913,0.9375,0.0,0.0,1318.4926301057367,0.46634699796550744,607.3793103448276,607.3793103448276,0,0,190.98709779243242,29,3,32,0.90625,false,0,218.55150463373394,0.0,0.0,218.55150463373397,190.98709779243293,409.5386024261669
fleet,2,16,7,48,0.0,0.0,15,16,0.537565607727734,0.9375,0.0,0.0,1379.000128989339,0.4624343922722651,649.9655172413793,649.9655172413793,0,0,195.83665187072248,29,3,32,0.90625,false,0,227.65402084598276,0.0,0.0,227.65402084598276,195.83665187072285,423.4906727167056
fleet,2,16,8,48,0.0,0.0,15,16,0.5589425285061039,0.9375,0.0,0.0,1277.2760203942423,0.44105747149389496,588.75,588.75,0,0,178.48169997238065,28,4,32,0.875,false,0,226.18597149421862,0.0,0.0,226.1859714942186,178.4816999723811,404.6676714665997
fleet,2,16,9,48,0.0,0.0,16,16,0.5336520427646337,1.0,0.0,0.0,1399.128525188862,0.46634795723536526,641.0689655172414,641.0689655172414,0,0,203.71618048138475,29,3,32,0.90625,false,0,233.11682654853394,0.0,0.0,233.11682654853396,203.71618048138518,436.83300702991914
fleet,2,16,10,48,0.0,0.0,15,16,0.5373900694532004,0.9375,0.0,0.0,1389.8637595061723,0.46260993054679855,640.551724137931,640.551724137931,0,0,201.34462667667046,29,3,32,0.90625,false,0,233.89165638081533,0.0,0.0,233.8916563808153,201.3446266766709,435.2362830574862
fleet,2,32,1,64,0.0,0.0,21,32,0.5259195703719755,0.65625,0.0,0.0,1306.3730501051664,0.4740804296280239,581.3448275862069,581.3448275862069,0,0,194.73715400856625,29,3,32,0.90625,false,0,216.03102336876628,0.0,0.0,216.03102336876628,194.7371540085665,410.7681773773328
fleet,2,32,2,64,0.0,0.0,18,32,0.5314923655239884,0.5625,0.0,0.0,1300.243299696981,0.46850763447601085,587.1034482758621,587.1034482758621,0,0,191.55006525562058,29,3,32,0.90625,false,0,217.30146919131366,0.0,0.0,217.30146919131366,191.55006525562092,408.8515344469346
fleet,2,32,3,64,0.0,0.0,19,32,0.5265554129011738,0.59375,0.0,0.0,1334.2832445914635,0.4734445870988254,602.1724137931035,602.1724137931035,0,0,196.70391303931737,29,3,32,0.90625,false,0,218.77007990393253,0.0,0.0,218.77007990393247,196.70391303931768,415.47399294325015
fleet,2,32,4,64,0.0,0.0,21,32,0.5311891769963046,0.65625,0.0,0.0,1337.0804671943538,0.4688108230036947,609.448275862069,609.448275862069,0,0,195.45781192924795,29,3,32,0.90625,false,0,221.46475542305788,0.0,0.0,221.46475542305785,195.45781192924824,416.9225673523061
fleet,2,32,5,64,0.0,0.0,21,32,0.5277007601487309,0.65625,0.0,0.0,1311.2665141626064,0.4722992398512684,589.2758620689655,589.2758620689655,0,0,193.93064514038534,29,3,32,0.90625,false,0,216.6790462947645,0.0,0.0,216.67904629476465,193.9306451403856,410.60969143515024
fleet,2,32,6,64,0.0,0.0,20,32,0.5222409140722519,0.625,0.0,0.0,1384.8637829320755,0.4777590859277477,620.6551724137931,620.6551724137931,0,0,205.3923441559165,29,3,32,0.90625,false,0,224.5154277853966,0.0,0.0,224.51542778539672,205.39234415591667,429.9077719413134
fleet,2,32,7,64,0.0,0.0,19,32,0.5355517054257237,0.59375,0.0,0.0,1299.1802629475847,0.46444829457427544,590.7586206896551,590.7586206896551,0,0,190.2694282614347,29,3,32,0.90625,false,0,219.39819348285465,0.0,0.0,219.39819348285465,190.26942826143505,409.6676217442897
fleet,2,32,8,64,0.0,0.0,15,32,0.5736601100619434,0.46875,0.0,0.0,1333.550648447964,0.42633988993805566,638.25,638.25,0,0,180.30608295184734,28,4,32,0.875,false,0,242.61020334274377,0.0,0.0,242.6102033427437,180.30608295184774,422.91628629459143
fleet,2,32,9,64,0.0,0.0,19,32,0.5707577817638353,0.59375,0.0,0.0,1318.0738372293313,0.42924221823616393,627.8571428571429,627.8571428571429,0,0,178.9920687873477,28,4,32,0.875,false,0,238.00342043283956,0.0,0.0,238.0034204328396,178.99206878734802,416.9954892201876
fleet,2,32,10,64,0.0,0.0,21,32,0.5770217226354193,0.65625,0.0,0.0,1293.2347182785818,0.42297827736458016,623.8571428571429,623.8571428571429,0,0,173.5400478579651,28,4,32,0.875,false,0,236.74118204166075,0.0,0.0,236.74118204166072,173.54004785796533,410.28122989962606
fleet,4,4,1,36,0.0,0.0,4,4,0.644168324989543,1.0,0.0,0.0,1425.665635682411,0.3558316750104552,937.6470588235294,937.6470588235294,0,0,76.60898604048526,17,15,32,0.53125,false,0,138.68659167398934,0.0,0.0,138.68659167398934,76.60898604048563,215.29557771447497
fleet,4,4,2,36,0.0,0.0,4,4,0.5986412717063995,1.0,0.0,0.0,1191.1469771805178,0.4013587282935984,719.9444444444445,719.9444444444445,0,0,78.26593761892072,18,14,32,0.5625,false,0,116.7365180438054,0.0,0.0,116.73651804380538,78.26593761892113,195.0024556627265
fleet,4,4,3,36,0.0,0.0,4,4,0.5618358118416277,1.0,0.0,0.0,1452.9191527236064,0.43816418815837044,918.8125,918.8125,0,0,78.96742259729658,16,16,32,0.5,false,0,101.25593826019636,0.0,0.0,101.25593826019636,78.96742259729692,180.22336085749328
fleet,4,4,4,36,0.0,0.0,4,4,0.5551953096355894,1.0,0.0,0.0,1505.2943678580118,0.4448046903644086,992.1578947368421,992.1578947368421,0,0,90.05562881601374,19,13,32,0.59375,false,0,112.40543053620443,0.0,0.0,112.40543053620443,90.05562881601413,202.46105935221857
fleet,4,4,5,36,0.0,0.0,4,4,0.5954476034795804,1.0,0.0,0.0,1542.4861935401268,0.41790115209153156,974.9375,974.9375,0,0,80.97850721661938,16,16,32,0.5,false,0,115.38244825161134,0.0,0.0,115.38244825161136,78.39186132215816,193.77430957376953
fleet,4,4,6,36,0.0,0.0,4,4,0.5824327495385816,1.0,0.0,0.0,1364.8612852268573,0.4175672504614165,822.5,822.5,0,0,90.22570986163485,18,14,32,0.5625,false,0,125.84896975448508,0.0,0.0,125.84896975448507,90.22570986163527,216.07467961612033
fleet,4,4,7,36,0.0,0.0,4,4,0.5565394309012148,1.0,0.0,0.0,1563.4823453684387,0.44346056909878323,976.3333333333334,976.3333333333334,0,0,81.4320861902625,15,17,32,0.46875,false,0,102.19661016881086,0.0,0.0,102.19661016881086,81.43208619026286,183.62869635907373
fleet,4,4,8,36,0.0,0.0,4,4,0.6147992764944131,1.0,0.0,0.0,1358.8822044324033,0.3852007235055849,889.3888888888889,889.3888888888889,0,0,77.98650978324892,18,14,32,0.5625,false,0,124.47030045718682,0.0,0.0,124.47030045718684,77.98650978324933,202.45681024043617
fleet,4,4,9,36,0.0,0.0,4,4,0.5471317971342632,1.0,0.0,0.0,1371.5063507379364,0.4528682028657347,848.25,848.25,0,0,77.3574181263085,16,16,32,0.5,false,0,93.45920718938646,0.0,0.0,93.45920718938646,77.35741812630886,170.81662531569532
fleet,4,4,10,36,0.0,0.0,4,4,0.7159571662068673,1.0,0.0,0.0,1124.2479255323178,0.28404283379313117,730.0714285714286,730.0714285714286,0,0,50.830779372910186,14,18,32,0.4375,false,0,128.12384762510882,0.0,0.0,128.12384762510885,50.830779372910456,178.9546269980193
fleet,4,8,1,40,0.0,0.0,8,8,0.5843138013638569,1.0,0.0,0.0,1480.1137410808979,0.41568619863614176,804.2916666666666,804.2916666666666,0,0,150.17131337252988,24,8,32,0.75,false,0,211.08993096331477,0.0,0.0,211.0899309633148,150.17131337253036,361.26124433584516
fleet,4,8,2,40,0.0,0.0,8,8,0.5487034122183134,1.0,0.0,0.0,1588.268532370076,0.4512965877816849,881.9130434782609,881.9130434782609,0,0,150.45662777764645,23,9,32,0.71875,false,0,182.9308425712978,0.0,0.0,182.9308425712978,150.45662777764701,333.3874703489448
fleet,4,8,3,40,0.0,0.0,8,8,0.621469645917762,1.0,0.0,0.0,1510.4675169238624,0.3851104950845966,833.7619047619048,833.7619047619048,0,0,127.28689133290004,21,11,32,0.65625,false,0,205.4084225080732,0.0,0.0,205.40842250807313,125.11202021561618,330.5204427236893
fleet,4,8,4,40,0.0,0.0,8,8,0.6042524274704829,1.0,0.0,0.0,1247.7459769717652,0.39574757252951576,670.28,670.28,0,0,133.49678126197296,25,7,32,0.78125,false,0,203.83133021246005,0.0,0.0,203.8313302124601,133.4967812619734,337.3281114744335
fleet,4,8,5,40,0.0,0.0,8,8,0.6688340891193653,1.0,0.0,0.0,1341.3995579557693,0.3311659108806336,758.1304347826087,758.1304347826087,0,0,124.05178053668601,23,9,32,0.71875,false,0,250.53925211763652,0.0,0.0,250.53925211763647,124.05178053668646,374.59103265432293
fleet,4,8,6,40,0.0,0.0,8,8,0.5703288294346404,1.0,0.0,0.0,1478.5304608418257,0.4296711705653579,844.56,844.56,0,0,146.6596617126088,25,7,32,0.78125,false,0,194.6703407626211,0.0,0.0,194.6703407626211,146.65966171260936,341.33000247523046
fleet,4,8,7,40,0.0,0.0,8,8,0.5234949561503393,1.0,0.0,0.0,1478.271316986058,0.4765050438496592,783.1666666666666,783.1666666666666,0,0,154.5038150479344,24,8,32,0.75,false,0,169.74000365271556,0.0,0.0,169.74000365271556,154.50381504793492,324.2438187006505
fleet,4,8,8,40,0.0,0.0,8,8,0.5816422443837425,1.0,0.0,0.0,1449.8438724727866,0.4183577556162559,784.52,784.52,0,0,153.98847911359664,25,7,32,0.78125,false,0,214.08998255317914,0.0,0.0,214.08998255317914,153.98847911359724,368.0784616667764
fleet,4,8,9,40,0.0,0.0,8,8,0.5846575847042199,1.0,0.0,0.0,1628.397389692745,0.41534241529577876,919.44,919.44,0,0,164.19148257746699,25,7,32,0.78125,false,0,231.12447006979804,0.0,0.0,231.12447006979806,164.19148257746753,395.3159526472656
fleet,4,8,10,40,0.0,0.0,8,8,0.6015520555163386,1.0,0.0,0.0,1449.5187646728793,0.39844794448365994,817.5217391304348,817.5217391304348,0,0,134.51813167775862,23,9,32,0.71875,false,0,203.0871528772352,0.0,0.0,203.08715287723527,134.51813167775913,337.6052845549944
fleet,4,16,1,48,0.0,0.0,15,16,0.5810433214197902,0.9375,0.0,0.0,1304.867376544147,0.41895667858020874,627.5357142857143,627.5357142857143,0,0,175.58100574259225,28,4,32,0.875,false,0,243.51007149626201,0.0,0.0,243.51007149626193,175.58100574259268,419.0910772388546
fleet,4,16,2,48,0.0,0.0,14,16,0.539515113537192,0.875,0.0,0.0,1403.5116787354384,0.4604848864628068,657.6206896551724,657.6206896551724,0,0,200.42999889083637,29,3,32,0.90625,false,0,234.82858349268082,0.0,0.0,234.8285834926808,200.4299988908369,435.2585823835177
fleet,4,16,3,48,0.0,0.0,14,16,0.63128133870018,0.875,0.0,0.0,1293.2666152436118,0.368718661299819,642.6,642.6,0,0,150.61030908214406,25,7,32,0.78125,false,0,257.85914172136984,0.0,0.0,257.8591417213698,150.61030908214445,408.46945080351423
fleet,4,16,4,48,0.0,0.0,16,16,0.4907224815106687,1.0,0.0,0.0,1398.7413666633074,0.5092775184893302,619.1333333333333,619.1333333333333,0,0,216.7809874117907,30,2,32,0.9375,false,0,208.8827804584813,0.0,0.0,208.88278045848142,216.78098741179116,425.6637678702726
fleet,4,16,5,48,0.0,0.0,16,16,0.4929100368775547,1.0,0.0,0.0,1431.5034100265955,0.5070899631224443,632.6666666666666,632.6666666666666,0,0,222.11335199225454,30,2,32,0.9375,false,0,215.9023220403663,0.0,0.0,215.90232204036639,222.11335199225502,438.0156740326214
fleet,4,16,6,48,0.0,0.0,15,16,0.5336530020344913,0.9375,0.0,0.0,1318.4926301057367,0.46634699796550744,607.3793103448276,607.3793103448276,0,0,190.98709779243242,29,3,32,0.90625,false,0,218.55150463373394,0.0,0.0,218.55150463373397,190.98709779243293,409.5386024261669
fleet,4,16,7,48,0.0,0.0,15,16,0.537565607727734,0.9375,0.0,0.0,1379.000128989339,0.4624343922722651,649.9655172413793,649.9655172413793,0,0,195.83665187072248,29,3,32,0.90625,false,0,227.65402084598276,0.0,0.0,227.65402084598276,195.83665187072285,423.4906727167056
fleet,4,16,8,48,0.0,0.0,15,16,0.5589425285061039,0.9375,0.0,0.0,1277.2760203942423,0.44105747149389496,588.75,588.75,0,0,178.48169997238065,28,4,32,0.875,false,0,226.18597149421862,0.0,0.0,226.1859714942186,178.4816999723811,404.6676714665997
fleet,4,16,9,48,0.0,0.0,16,16,0.5336520427646337,1.0,0.0,0.0,1399.128525188862,0.46634795723536526,641.0689655172414,641.0689655172414,0,0,203.71618048138475,29,3,32,0.90625,false,0,233.11682654853394,0.0,0.0,233.11682654853396,203.71618048138518,436.83300702991914
fleet,4,16,10,48,0.0,0.0,15,16,0.5373900694532004,0.9375,0.0,0.0,1389.8637595061723,0.46260993054679855,640.551724137931,640.551724137931,0,0,201.34462667667046,29,3,32,0.90625,false,0,233.89165638081533,0.0,0.0,233.8916563808153,201.3446266766709,435.2362830574862
fleet,4,32,1,64,0.0,0.0,21,32,0.5259195703719755,0.65625,0.0,0.0,1306.3730501051664,0.4740804296280239,581.3448275862069,581.3448275862069,0,0,194.73715400856625,29,3,32,0.90625,false,0,216.03102336876628,0.0,0.0,216.03102336876628,194.7371540085665,410.7681773773328
fleet,4,32,2,64,0.0,0.0,18,32,0.5314923655239884,0.5625,0.0,0.0,1300.243299696981,0.46850763447601085,587.1034482758621,587.1034482758621,0,0,191.55006525562058,29,3,32,0.90625,false,0,217.30146919131366,0.0,0.0,217.30146919131366,191.55006525562092,408.8515344469346
fleet,4,32,3,64,0.0,0.0,19,32,0.5265554129011738,0.59375,0.0,0.0,1334.2832445914635,0.4734445870988254,602.1724137931035,602.1724137931035,0,0,196.70391303931737,29,3,32,0.90625,false,0,218.77007990393253,0.0,0.0,218.77007990393247,196.70391303931768,415.47399294325015
fleet,4,32,4,64,0.0,0.0,21,32,0.5311891769963046,0.65625,0.0,0.0,1337.0804671943538,0.4688108230036947,609.448275862069,609.448275862069,0,0,195.45781192924795,29,3,32,0.90625,false,0,221.46475542305788,0.0,0.0,221.46475542305785,195.45781192924824,416.9225673523061
fleet,4,32,5,64,0.0,0.0,21,32,0.5277007601487309,0.65625,0.0,0.0,1311.2665141626064,0.4722992398512684,589.2758620689655,589.2758620689655,0,0,193.93064514038534,29,3,32,0.90625,false,0,216.6790462947645,0.0,0.0,216.67904629476465,193.9306451403856,410.60969143515024
fleet,4,32,6,64,0.0,0.0,20,32,0.5222409140722519,0.625,0.0,0.0,1384.8637829320755,0.4777590859277477,620.6551724137931,620.6551724137931,0,0,205.3923441559165,29,3,32,0.90625,false,0,224.5154277853966,0.0,0.0,224.51542778539672,205.39234415591667,429.9077719413134
fleet,4,32,7,64,0.0,0.0,19,32,0.5355517054257237,0.59375,0.0,0.0,1299.1802629475847,0.46444829457427544,590.7586206896551,590.7586206896551,0,0,190.2694282614347,29,3,32,0.90625,false,0,219.39819348285465,0.0,0.0,219.39819348285465,190.26942826143505,409.6676217442897
fleet,4,32,8,64,0.0,0.0,15,32,0.5736601100619434,0.46875,0.0,0.0,1333.550648447964,0.42633988993805566,638.25,638.25,0,0,180.30608295184734,28,4,32,0.875,false,0,242.61020334274377,0.0,0.0,242.6102033427437,180.30608295184774,422.91628629459143
fleet,4,32,9,64,0.0,0.0,19,32,0.5707577817638353,0.59375,0.0,0.0,1318.0738372293313,0.42924221823616393,627.8571428571429,627.8571428571429,0,0,178.9920687873477,28,4,32,0.875,false,0,238.00342043283956,0.0,0.0,238.0034204328396,178.99206878734802,416.9954892201876
fleet,4,32,10,64,0.0,0.0,21,32,0.5770217226354193,0.65625,0.0,0.0,1293.2347182785818,0.42297827736458016,623.8571428571429,623.8571428571429,0,0,173.5400478579651,28,4,32,0.875,false,0,236.74118204166075,0.0,0.0,236.74118204166072,173.54004785796533,410.28122989962606
