scenario,variant,seed,agents_spawned,cost_per_passenger_served,decision_latency_ms,drivers_active,drivers_total,empty_distance_share,fleet_utilisation,incentive_paid,invalid_action_rate,mean_journey_time_s,mean_occupancy,mean_time_to_pickup_s,mean_wait_s,model_calls,model_decisions,passenger_km,passengers_served,passengers_unserved,riders_total,service_rate,stopped_by_clock,stranded,taxi_km_empty_to_pickup,tokens_per_decision,usd_per_decision,vehicle_km_empty,vehicle_km_loaded,vehicle_km_total
private-cars-10,as-ran,1,21798,0.0,0.0,0,21798,1.0,0.0,0.0,0.0,0.0,0.0,0.0,0.0,0,0,0.0,0,0,0,0.0,false,0,0.0,0.0,0.0,277429.59546434757,0.0,277429.59546434757
private-cars-10,as-ran,2,21798,0.0,0.0,0,21798,1.0,0.0,0.0,0.0,0.0,0.0,0.0,0.0,0,0,0.0,0,0,0,0.0,false,0,0.0,0.0,0.0,276739.89131880744,0.0,276739.89131880744
private-cars-10,as-ran,3,21798,0.0,0.0,0,21798,1.0,0.0,0.0,0.0,0.0,0.0,0.0,0.0,0,0,0.0,0,0,0,0.0,false,0,0.0,0.0,0.0,277073.06005671126,0.0,277073.06005671126
private-cars-10,as-ran,4,21798,0.0,0.0,0,21798,1.0,0.0,0.0,0.0,0.0,0.0,0.0,0.0,0,0,0.0,0,0,0,0.0,false,0,0.0,0.0,0.0,279274.822910968,0.0,279274.822910968
private-cars-10,as-ran,5,21798,0.0,0.0,0,21798,1.0,0.0,0.0,0.0,0.0,0.0,0.0,0.0,0,0,0.0,0,0,0,0.0,false,0,0.0,0.0,0.0,275231.8683704884,0.0,275231.8683704884
private-cars-10,as-ran,6,21798,0.0,0.0,0,21798,1.0,0.0,0.0,0.0,0.0,0.0,0.0,0.0,0,0,0.0,0,0,0,0.0,false,0,0.0,0.0,0.0,277927.36257024604,0.0,277927.36257024604
private-cars-10,as-ran,7,21798,0.0,0.0,0,21798,1.0,0.0,0.0,0.0,0.0,0.0,0.0,0.0,0,0,0.0,0,0,0,0.0,false,0,0.0,0.0,0.0,278585.2817354191,0.0,278585.2817354191
private-cars-10,as-ran,8,21798,0.0,0.0,0,21798,1.0,0.0,0.0,0.0,0.0,0.0,0.0,0.0,0,0,0.0,0,0,0,0.0,false,0,0.0,0.0,0.0,277777.2910539658,0.0,277777.2910539658
private-cars-10,as-ran,9,21798,0.0,0.0,0,21798,1.0,0.0,0.0,0.0,0.0,0.0,0.0,0.0,0,0,0.0,0,0,0,0.0,false,0,0.0,0.0,0.0,277528.51071034616,0.0,277528.51071034616
private-cars-10,as-ran,10,21798,0.0,0.0,0,21798,1.0,0.0,0.0,0.0,0.0,0.0,0.0,0.0,0,0,0.0,0,0,0,0.0,false,0,0.0,0.0,0.0,276311.77746770554,0.0,276311.77746770554
private-cars-10,corrected,1,21798,0.0,0.0,0,21798,1.0,0.0,0.0,0.0,0.0,0.0,0.0,0.0,0,0,0.0,0,0,0,0.0,false,0,0.0,0.0,0.0,277429.5923689071,0.0,277429.5923689071
private-cars-10,corrected,2,21798,0.0,0.0,0,21798,1.0,0.0,0.0,0.0,0.0,0.0,0.0,0.0,0,0,0.0,0,0,0,0.0,false,0,0.0,0.0,0.0,276739.8946094969,0.0,276739.8946094969
private-cars-10,corrected,3,21798,0.0,0.0,0,21798,1.0,0.0,0.0,0.0,0.0,0.0,0.0,0.0,0,0,0.0,0,0,0,0.0,false,0,0.0,0.0,0.0,277073.07198561565,0.0,277073.07198561565
private-cars-10,corrected,4,21798,0.0,0.0,0,21798,1.0,0.0,0.0,0.0,0.0,0.0,0.0,0.0,0,0,0.0,0,0,0,0.0,false,0,0.0,0.0,0.0,279274.81471210375,0.0,279274.81471210375
private-cars-10,corrected,5,21798,0.0,0.0,0,21798,1.0,0.0,0.0,0.0,0.0,0.0,0.0,0.0,0,0,0.0,0,0,0,0.0,false,0,0.0,0.0,0.0,275231.8561859231,0.0,275231.8561859231
private-cars-10,corrected,6,21798,0.0,0.0,0,21798,1.0,0.0,0.0,0.0,0.0,0.0,0.0,0.0,0,0,0.0,0,0,0,0.0,false,0,0.0,0.0,0.0,277927.37653880706,0.0,277927.37653880706
private-cars-10,corrected,7,21798,0.0,0.0,0,21798,1.0,0.0,0.0,0.0,0.0,0.0,0.0,0.0,0,0,0.0,0,0,0,0.0,false,0,0.0,0.0,0.0,278585.27486728865,0.0,278585.27486728865
private-cars-10,corrected,8,21798,0.0,0.0,0,21798,1.0,0.0,0.0,0.0,0.0,0.0,0.0,0.0,0,0,0.0,0,0,0,0.0,false,0,0.0,0.0,0.0,277777.2949035341,0.0,277777.2949035341
private-cars-10,corrected,9,21798,0.0,0.0,0,21798,1.0,0.0,0.0,0.0,0.0,0.0,0.0,0.0,0,0,0.0,0,0,0,0.0,false,0,0.0,0.0,0.0,277528.5081542632,0.0,277528.5081542632
private-cars-10,corrected,10,21798,0.0,0.0,0,21798,1.0,0.0,0.0,0.0,0.0,0.0,0.0,0.0,0,0,0.0,0,0,0,0.0,false,0,0.0,0.0,0.0,276311.78366595646,0.0,276311.78366595646
