scenario,construction,drivers,seed,agents_spawned,cost_per_passenger_served,decision_latency_ms,drivers_active,drivers_total,empty_distance_share,fleet_utilisation,incentive_paid,invalid_action_rate,mean_journey_time_s,mean_occupancy,mean_time_to_pickup_s,mean_wait_s,model_calls,model_decisions,passenger_km,passengers_served,passengers_unserved,riders_total,service_rate,stopped_by_clock,stranded,taxi_km_empty_to_pickup,tokens_per_decision,usd_per_decision,vehicle_km_empty,vehicle_km_loaded,vehicle_km_total
network,free-form,6,1,38,0.0,0.0,6,6,0.19413725028663395,0.0,0.0,0.0,2966.6996682498307,2.179565616341235,0.0,166.52631578947367,0,0,180.484789184006,19,13,32,0.59375,false,0,0.0,0.0,0.0,16.076056819782394,66.73163101986147,82.80768783964386
network,free-form,6,2,38,0.0,0.0,6,6,0.15414637103391315,0.0,0.0,0.0,2771.707202484484,1.7291419329764195,0.0,582.6666666666666,0,0,131.88582534170746,15,17,32,0.46875,false,0,0.0,0.0,0.0,11.757115468388761,64.51529619806638,76.27241166645514
network,free-form,6,3,38,0.0,0.0,6,6,0.23639151605966754,0.0,0.0,0.0,2822.2796259126453,1.8176281953417874,0.0,765.9444444444445,0,0,156.24020936773502,18,14,32,0.5625,false,0,0.0,0.0,0.0,20.319810210125894,65.63847860171528,85.95828881184117
network,free-form,6,4,38,0.0,0.0,5,6,0.48935300447575336,0.0,0.0,0.0,2548.800994156361,1.5722643758957475,0.0,438.1764705882353,0,0,134.18193438775637,17,15,32,0.53125,false,0,0.0,0.0,0.0,41.762908163334785,43.58020362173666,85.34311178507144
network,free-form,6,5,38,0.0,0.0,4,6,0.3919360931591957,0.0,0.0,0.0,2711.540505407665,0.9730589162364948,0.0,79.33333333333333,0,0,82.00386409314136,9,23,32,0.28125,false,0,0.0,0.0,0.0,33.0301419372761,51.24416327160904,84.27430520888514
network,free-form,6,6,38,0.0,0.0,3,6,0.5711423975572067,0.0,0.0,0.0,2869.866777252237,1.715430409771173,0.0,276.0,0,0,138.01194909434554,12,20,32,0.375,false,0,0.0,0.0,0.0,45.95026125705813,34.502987273586385,80.45324853064452
network,free-form,6,7,38,0.0,0.0,5,6,0.31070163184247274,0.0,0.0,0.0,2680.579486571439,1.6328978749137357,0.0,38.733333333333334,0,0,139.7380529891064,15,17,32,0.46875,false,0,0.0,0.0,0.0,26.588828218359303,58.98789714573525,85.57672536409456
network,free-form,6,8,38,0.0,0.0,4,6,0.38009033704842504,0.0,0.0,0.0,3216.407995595562,1.5957934687739685,0.0,483.9166666666667,0,0,131.91454489072635,12,20,32,0.375,false,0,0.0,0.0,0.0,31.4197575126231,51.24416327160903,82.66392078423213
network,free-form,6,9,38,0.0,0.0,3,6,0.7233433148806673,0.0,0.0,0.0,2477.671916192116,1.1066267404773311,0.0,265.1666666666667,0,0,89.82737219152142,12,20,32,0.375,false,0,0.0,0.0,0.0,58.71539769589147,22.456843047880355,81.17224074377182
network,free-form,6,10,38,0.0,0.0,5,6,0.39421101841293843,0.0,0.0,0.0,3014.787378544363,1.2795998278471852,0.0,89.23076923076923,0,0,110.38566221868705,13,19,32,0.40625,false,0,0.0,0.0,0.0,34.006916361207885,52.258851901985196,86.26576826319308
network,free-form,13,1,45,0.0,0.0,10,13,0.45820440751377606,0.0,0.0,0.0,3195.0869217596996,1.471215305130231,0.0,341.6896551724138,0,0,275.54948613322955,29,3,32,0.90625,false,0,0.0,0.0,0.0,85.81883874789192,101.47494834932571,187.29378709721763
network,free-form,13,2,45,0.0,0.0,8,13,0.5917182992825659,0.0,0.0,0.0,2911.430182147929,1.0731404872835466,0.0,356.2857142857143,0,0,185.51413635038438,21,11,32,0.65625,false,0,0.0,0.0,0.0,102.29053004233486,70.57978707707468,172.87031711940955
network,free-form,13,3,45,0.0,0.0,8,13,0.554145405426591,0.0,0.0,0.0,2585.1590575660575,1.3159021580217847,0.0,235.7037037037037,0,0,237.15092104273026,27,5,32,0.84375,false,0,0.0,0.0,0.0,99.86767822166429,80.35158777546941,180.2192659971337
network,free-form,13,4,45,0.0,0.0,10,13,0.4354570149635109,0.0,0.0,0.0,3021.2076835691055,1.444228567029817,0.0,234.25925925925927,0,0,256.72250115953324,27,5,32,0.84375,false,0,0.0,0.0,0.0,77.40576289721653,100.35176594567682,177.75752884289335
network,free-form,13,5,45,0.0,0.0,8,13,0.5302964147463322,0.0,0.0,0.0,3155.857888770594,0.8661551926854403,0.0,158.8235294117647,0,0,154.53325420671453,17,15,32,0.53125,false,0,0.0,0.0,0.0,94.61171780409254,83.80117576478091,178.41289356887344
network,free-form,13,6,45,0.0,0.0,9,13,0.5333589175751138,0.0,0.0,0.0,3242.370243781279,1.121521506058216,0.0,130.54166666666666,0,0,209.02815518374325,24,8,32,0.75,false,0,0.0,0.0,0.0,99.40694849746122,86.97213924594674,186.37908774340795
network,free-form,13,7,45,0.0,0.0,11,13,0.3504878634905931,0.0,0.0,0.0,2625.129036155811,1.3697098351730725,0.0,162.07407407407408,0,0,251.17414240732435,27,5,32,0.84375,false,0,0.0,0.0,0.0,64.27163350645097,119.10599579675596,183.37762930320693
network,free-form,13,8,45,0.0,0.0,9,13,0.5227822440754124,0.0,0.0,0.0,3040.2850018296695,1.0485212978527836,0.0,452.27272727272725,0,0,188.8321467886427,22,10,32,0.6875,false,0,0.0,0.0,0.0,94.14982190052254,85.94394174103914,180.09376364156168
network,free-form,13,9,45,0.0,0.0,7,13,0.5332864113070089,0.0,0.0,0.0,2619.088943949638,1.285313292698373,0.0,154.4090909090909,0,0,220.6236692831963,22,10,32,0.6875,false,0,0.0,0.0,0.0,91.53846420930978,80.11125771959155,171.64972192890133
network,free-form,13,10,45,0.0,0.0,8,13,0.5130787752770521,0.0,0.0,0.0,3070.955433004186,1.1865908567068233,0.0,268.1363636363636,0,0,225.16640969065392,22,10,32,0.6875,false,0,0.0,0.0,0.0,97.36136517876083,92.39773200117544,189.75909717993628
network,free-form,32,1,64,0.0,0.0,12,32,0.6985260576680228,0.0,0.0,0.0,2651.82316073947,0.5975038791566006,0.0,131.79310344827587,0,0,255.73115503848948,29,3,32,0.90625,false,0,0.0,0.0,0.0,298.9685620185025,129.03059239613276,427.99915441463526
network,free-form,32,2,64,0.0,0.0,14,32,0.6747330568080522,0.0,0.0,0.0,2959.4715512984712,0.6211080723282503,0.0,95.24137931034483,0,0,251.66225318142492,29,3,32,0.90625,false,0,0.0,0.0,0.0,273.3901698230777,131.79254216142147,405.1827119844992
network,free-form,32,3,64,0.0,0.0,13,32,0.7089986609015608,0.0,0.0,0.0,2840.4871974772295,0.564877512773714,0.0,168.17857142857142,0,0,236.26806869495923,28,4,32,0.875,false,0,0.0,0.0,0.0,296.5487924912828,121.71545657541098,418.2642490666938
network,free-form,32,4,64,0.0,0.0,13,32,0.7211025449543275,0.0,0.0,0.0,2694.7583059888757,0.6029863406890895,0.0,26.551724137931036,0,0,249.35893137354262,29,3,32,0.90625,false,0,0.0,0.0,0.0,298.2046986587844,115.33523507931082,413.53993373809527
network,free-form,32,5,64,0.0,0.0,13,32,0.7423225160196038,0.0,0.0,0.0,2706.2140769471557,0.6695983335815725,0.0,95.83870967741936,0,0,279.54062941224396,31,1,32,0.96875,false,0,0.0,0.0,0.0,309.90116454601537,107.57393267686243,417.4750972228778
network,free-form,32,6,64,0.0,0.0,14,32,0.6506077433449602,0.0,0.0,0.0,2761.5629389319192,0.6631531789562389,0.0,218.67741935483872,0,0,277.1582235908674,31,1,32,0.96875,false,0,0.0,0.0,0.0,271.91498453459343,146.0249913049206,417.93997583951403
network,free-form,32,7,64,0.0,0.0,13,32,0.6921647734915196,0.0,0.0,0.0,2783.521331602661,0.6387848472661048,0.0,132.3793103448276,0,0,261.5125908060061,29,3,32,0.90625,false,0,0.0,0.0,0.0,283.3658374257188,126.0248861101281,409.39072353584686
network,free-form,32,8,64,0.0,0.0,14,32,0.6937743254845787,0.0,0.0,0.0,3015.4098025635326,0.5452233038839542,0.0,56.56,0,0,234.53601807153265,25,7,32,0.78125,false,0,0.0,0.0,0.0,298.43747796599854,131.72758724818289,430.1650652141814
network,free-form,32,9,64,0.0,0.0,14,32,0.6471829871538411,0.0,0.0,0.0,2592.10723796872,0.5763331156882773,0.0,70.57142857142857,0,0,240.4920151772682,28,4,32,0.875,false,0,0.0,0.0,0.0,270.0562166780886,147.22331946320037,417.279536141289
network,free-form,32,10,64,0.0,0.0,13,32,0.6795610852624009,0.0,0.0,0.0,2674.5173891904988,0.5685916426457525,0.0,7.964285714285714,0,0,239.3006332267108,28,4,32,0.875,false,0,0.0,0.0,0.0,286.00384849630916,134.86169942698558,420.86554792329474
network,free-form,66,1,98,0.0,0.0,20,66,0.7492333009762973,0.0,0.0,0.0,2608.7749944529664,0.3317145689042559,0.0,14.193548387096774,0,0,287.0051700438931,31,1,32,0.96875,false,0,0.0,0.0,0.0,648.2495829458597,216.9676759522038,865.2172588980635
network,free-form,66,2,98,0.0,0.0,16,66,0.8191491283920922,0.0,0.0,0.0,2530.1630939549805,0.3033303000461808,0.0,24.366666666666667,0,0,267.2281847989481,30,2,32,0.9375,false,0,0.0,0.0,0.0,721.6546933377006,159.3261541353799,880.9808474730804
network,free-form,66,3,98,0.0,0.0,18,66,0.7963064227512924,0.0,0.0,0.0,2620.6031233249355,0.3220585727960823,0.0,11.4,0,0,282.25212956606015,30,2,32,0.9375,false,0,0.0,0.0,0.0,697.8829399178712,178.51704880335316,876.3999887212244
network,free-form,66,4,98,0.0,0.0,18,66,0.808210429542225,0.0,0.0,0.0,2527.4963598202007,0.2728221318951694,0.0,35.37931034482759,0,0,238.41083467121746,29,3,32,0.90625,false,0,0.0,0.0,0.0,706.2701319670934,167.59898200502994,873.8691139721234
network,free-form,66,5,98,0.0,0.0,16,66,0.8250100577376501,0.0,0.0,0.0,2731.3846240988228,0.2980625706636803,0.0,41.4,0,0,260.5496975168688,30,2,32,0.9375,false,0,0.0,0.0,0.0,721.1778403215394,152.9664607784492,874.1443010999886
network,free-form,66,6,98,0.0,0.0,20,66,0.7848466743384007,0.0,0.0,0.0,2692.93220625559,0.30386815722477095,0.0,35.6,0,0,271.44957572414705,30,2,32,0.9375,false,0,0.0,0.0,0.0,701.1142552856454,192.1994048335888,893.3136601192342
network,free-form,66,7,98,0.0,0.0,19,66,0.7684565321035829,0.0,0.0,0.0,2588.6099404432457,0.34294950763668997,0.0,1.0,0,0,296.9952686438163,32,0,32,1.0,false,0,0.0,0.0,0.0,665.4855863941832,200.5173149963149,866.0029013904981
network,free-form,66,8,98,0.0,0.0,18,66,0.8155747310550758,0.0,0.0,0.0,2604.9746372629793,0.2939617334641436,0.0,1.0,0,0,267.29313971218664,30,2,32,0.9375,false,0,0.0,0.0,0.0,741.5847224898201,167.69396682227048,909.2786893120906
network,free-form,66,9,98,0.0,0.0,18,66,0.7928472538917225,0.0,0.0,0.0,2832.3512243309133,0.3279715576210396,0.0,78.61290322580645,0,0,291.70379060953985,31,1,32,0.96875,false,0,0.0,0.0,0.0,705.1725796351286,184.24537088908747,889.417950524216
network,free-form,66,10,98,0.0,0.0,18,66,0.7833639941853812,0.0,0.0,0.0,2876.6136503450157,0.3276400742188651,0.0,51.774193548387096,0,0,291.46014244447395,31,1,32,0.96875,false,0,0.0,0.0,0.0,696.8603638473871,192.7137919983268,889.5741558457139
network,free-form,132,1,164,0.0,0.0,14,132,0.9295868926973804,0.0,0.0,0.0,2346.043747885581,0.14216959621905173,0.0,9.933333333333334,0,0,248.50610901127433,30,2,32,0.9375,false,0,0.0,0.0,0.0,1624.8763999876246,123.07896895343703,1747.9553689410616
network,free-form,132,2,164,0.0,0.0,24,132,0.8462086168720777,0.0,0.0,0.0,2536.3281000433963,0.1697909029773691,0.0,1.0,0,0,293.77126445628306,32,0,32,1.0,false,0,0.0,0.0,0.0,1464.1053849948999,266.08898528557927,1730.1943702804792
network,free-form,132,3,164,0.0,0.0,21,132,0.8950240207276808,0.0,0.0,0.0,2622.288414796784,0.13571180982454095,0.0,73.58620689655173,0,0,238.90291640631133,29,3,32,0.90625,false,0,0.0,0.0,0.0,1575.5728928970466,184.79650100599028,1760.3693939030368
network,free-form,132,4,164,0.0,0.0,21,132,0.884606437990819,0.0,0.0,0.0,2726.0573338461722,0.1468030173313313,0.0,6.833333333333333,0,0,259.65754118904135,30,2,32,0.9375,false,0,0.0,0.0,0.0,1564.6458552706454,204.10213035828622,1768.7479856289315
network,free-form,132,5,164,0.0,0.0,15,132,0.9082750762904104,0.0,0.0,0.0,2339.5438232202487,0.13074350891411554,0.0,14.785714285714286,0,0,227.32813082195653,28,4,32,0.875,false,0,0.0,0.0,0.0,1579.2483854850636,159.48520603332483,1738.7335915183885
network,free-form,132,6,164,0.0,0.0,19,132,0.8903837014466562,0.0,0.0,0.0,2451.3150358966855,0.15713689508010806,0.0,8.35483870967742,0,0,278.3969189509263,31,1,32,0.96875,false,0,0.0,0.0,0.0,1577.478535772912,194.20543958500878,1771.6839753579206
network,free-form,132,7,164,0.0,0.0,20,132,0.8889317090511989,0.0,0.0,0.0,2541.485248231815,0.1585816346667369,0.0,41.225806451612904,0,0,273.96424930733616,31,1,32,0.96875,false,0,0.0,0.0,0.0,1535.7106695708792,191.88061098994095,1727.5912805608202
network,free-form,132,8,164,0.0,0.0,21,132,0.8842569980766102,0.0,0.0,0.0,2531.160735498591,0.15487498150713472,0.0,65.35483870967742,0,0,271.9139854905743,31,1,32,0.96875,false,0,0.0,0.0,0.0,1552.4898999511138,203.2099738729092,1755.699873824023
network,free-form,132,9,164,0.0,0.0,22,132,0.8836450470553604,0.0,0.0,0.0,2412.9389216741906,0.16857752300771522,0.0,1.0,0,0,295.90701133090477,32,0,32,1.0,false,0,0.0,0.0,0.0,1551.077274634896,204.23984031264135,1755.3171149475372
network,free-form,132,10,164,0.0,0.0,16,132,0.9120981156830832,0.0,0.0,0.0,2545.4362039504854,0.15300177634078557,0.0,1.0,0,0,266.36605837512263,30,2,32,0.9375,false,0,0.0,0.0,0.0,1587.9030017582609,153.03141577318848,1740.9344175314493
network,delaunay,6,1,38,0.0,0.0,5,6,0.35988841297377383,0.0,0.0,0.0,3143.557418619038,1.441135844043171,0.0,237.85714285714286,0,0,122.89227802800595,14,18,32,0.4375,false,0,0.0,0.0,0.0,30.689339307631535,54.58525748764779,85.27459679527932
network,delaunay,6,2,38,0.0,0.0,6,6,0.2021508783034693,0.0,0.0,0.0,2801.4990823100416,1.886398725682571,0.0,427.3529411764706,0,0,142.12767252696392,17,15,32,0.53125,false,0,0.0,0.0,0.0,15.230732210210526,60.11265653997892,75.34338875018945
network,delaunay,6,3,38,0.0,0.0,6,6,0.2980240107803542,0.0,0.0,0.0,2964.957877169805,1.6453374731347918,0.0,389.1666666666667,0,0,140.89599635004228,18,14,32,0.5625,false,0,0.0,0.0,0.0,25.520837287642415,60.11265653997892,85.63349382762134
network,delaunay,6,4,38,0.0,0.0,3,6,0.7236479526871343,0.0,0.0,0.0,2861.84092885633,0.5811534484733015,0.0,476.25,0,0,54.47982702243178,8,24,32,0.25,false,0,0.0,0.0,0.0,67.83787550620228,25.906431037191833,93.74430654339412
network,delaunay,6,5,38,0.0,0.0,6,6,0.2151482372606534,0.0,0.0,0.0,2938.2401488392156,1.273706141681927,0.0,87.25,0,0,106.46006244181187,12,20,32,0.375,false,0,0.0,0.0,0.0,17.982715183244153,65.60019217498804,83.58290735823219
network,delaunay,6,6,38,0.0,0.0,4,6,0.550963189038916,0.0,0.0,0.0,3110.767742760862,1.2774454701644842,0.0,72.18181818181819,0,0,101.35584095115901,11,21,32,0.34375,false,0,0.0,0.0,0.0,43.71485019316035,35.627746667830046,79.3425968609904
network,delaunay,6,7,38,0.0,0.0,4,6,0.5253032517791943,0.0,0.0,0.0,3064.954469879625,0.8573918351508371,0.0,67.3,0,0,76.39957824363496,10,22,32,0.3125,false,0,0.0,0.0,0.0,46.80817479312715,42.29878320606389,89.10695799919104
network,delaunay,6,8,38,0.0,0.0,5,6,0.3262756944950882,0.0,0.0,0.0,3107.495871210243,1.6836601204363522,0.0,397.2857142857143,0,0,136.41042848651145,14,18,32,0.4375,false,0,0.0,0.0,0.0,26.434912100474385,54.58525748764779,81.02016958812217
network,delaunay,6,9,38,0.0,0.0,5,6,0.5354127192288414,0.0,0.0,0.0,2597.9252424720557,1.5804406925393204,0.0,326.8125,0,0,125.73532035809187,16,16,32,0.5,false,0,0.0,0.0,0.0,42.59589752012196,36.9612291418541,79.55712666197606
network,delaunay,6,10,38,0.0,0.0,5,6,0.3854167950525742,0.0,0.0,0.0,3446.4290934001797,1.67419965161201,0.0,136.33333333333334,0,0,148.69690276809533,15,17,32,0.46875,false,0,0.0,0.0,0.0,34.23145121547607,54.58525748764778,88.81670870312385
network,delaunay,13,1,45,0.0,0.0,8,13,0.6068697186379466,0.0,0.0,0.0,3377.9530250508546,1.0554817971396877,0.0,280.39130434782606,0,0,197.95837379761684,23,9,32,0.71875,false,0,0.0,0.0,0.0,113.82000422380183,73.73261329558686,187.5526175193887
network,delaunay,13,2,45,0.0,0.0,8,13,0.6804487026959651,0.0,0.0,0.0,2767.3511189530896,0.6775970827513008,0.0,1.0,0,0,118.97624512883911,16,16,32,0.5,false,0,0.0,0.0,0.0,119.47694833755585,56.108584949793176,175.58553328734902
network,delaunay,13,3,45,0.0,0.0,7,13,0.6621961202128152,0.0,0.0,0.0,2632.8146536865634,0.8704098515031208,0.0,189.1904761904762,0,0,158.32655553960106,21,11,32,0.65625,false,0,0.0,0.0,0.0,120.45271618183966,61.446139014002966,181.89885519584263
network,delaunay,13,4,45,0.0,0.0,8,13,0.6009850990830756,0.0,0.0,0.0,2998.9094167415333,1.0047908418957572,0.0,76.5909090909091,0,0,185.67189951603294,22,10,32,0.6875,false,0,0.0,0.0,0.0,111.05400275847906,73.73261329558686,184.78661605406592
network,delaunay,13,5,45,0.0,0.0,8,13,0.5817031531146517,0.0,0.0,0.0,3074.785137118853,0.9597722429927898,0.0,89.73684210526316,0,0,169.17774105005844,19,13,32,0.59375,false,0,0.0,0.0,0.0,102.53601948183486,73.73261329558686,176.26863277742171
network,delaunay,13,6,45,0.0,0.0,7,13,0.6659630495630867,0.0,0.0,0.0,2948.8754901143793,0.7499180717937161,0.0,36.89473684210526,0,0,137.94752355474034,19,13,32,0.59375,false,0,0.0,0.0,0.0,122.50398666410752,61.446139014002966,183.95012567811048
network,delaunay,13,7,45,0.0,0.0,9,13,0.47911028752968887,0.0,0.0,0.0,2902.7056090599735,1.1375952946831382,0.0,174.6086956521739,0,0,209.20218056580958,23,9,32,0.71875,false,0,0.0,0.0,0.0,88.10771049351156,95.79088819406478,183.89859868757634
network,delaunay,13,8,45,0.0,0.0,8,13,0.5697142831740395,0.0,0.0,0.0,3089.6534325309613,0.7075830239211557,0.0,419.6875,0,0,132.4713118095643,16,16,32,0.5,false,0,0.0,0.0,0.0,106.6599902729155,80.55664343807821,187.2166337109937
network,delaunay,13,9,45,0.0,0.0,8,13,0.5386212856378941,0.0,0.0,0.0,2815.4011123951655,0.9712737059616079,0.0,144.8421052631579,0,0,164.0474237481671,19,13,32,0.59375,false,0,0.0,0.0,0.0,90.97274408076564,77.92652987389394,168.89927395465958
network,delaunay,13,10,45,0.0,0.0,7,13,0.6204549491780336,0.0,0.0,0.0,3011.4511581674424,0.8889786936333243,0.0,277.2,0,0,169.57482280049823,20,12,32,0.625,false,0,0.0,0.0,0.0,118.35327304925764,72.3991308215628,190.75240387082044
network,delaunay,32,1,64,0.0,0.0,11,32,0.728552294059557,0.0,0.0,0.0,2590.8616223488907,0.49781303580588077,0.0,72.23076923076923,0,0,210.34665437630318,26,6,32,0.8125,false,0,0.0,0.0,0.0,307.8435608772744,114.6979140276267,422.54147490490107
network,delaunay,32,2,64,0.0,0.0,10,32,0.7849170347580379,0.0,0.0,0.0,2971.254492407559,0.3755875552313865,0.0,98.9,0,0,150.58976771019582,20,12,32,0.625,false,0,0.0,0.0,0.0,314.70817467093497,86.23633377376758,400.94450844470254
network,delaunay,32,3,64,0.0,0.0,9,32,0.8205846057484893,0.0,0.0,0.0,2688.1274195206256,0.35223739516686686,0.0,8.333333333333334,0,0,147.37356373204125,21,11,32,0.65625,false,0,0.0,0.0,0.0,343.3266295746853,75.06609576961091,418.3927253442962
network,delaunay,32,4,64,0.0,0.0,11,32,0.8080389360546621,0.0,0.0,0.0,2541.9577114842505,0.3547446804400227,0.0,1.0,0,0,149.38117531105448,21,11,32,0.65625,false,0,0.0,0.0,0.0,340.26107400741523,80.83382479631919,421.09489880373445
network,delaunay,32,5,64,0.0,0.0,10,32,0.799880678759683,0.0,0.0,0.0,2823.3769520146298,0.41332833378789136,0.0,91.04761904761905,0,0,171.75666730708764,21,11,32,0.65625,false,0,0.0,0.0,0.0,332.38669695844374,83.15865347288772,415.5453504313314
network,delaunay,32,6,64,0.0,0.0,11,32,0.7543158903694874,0.0,0.0,0.0,2929.504885938819,0.4056906219751453,0.0,295.45454545454544,0,0,169.31840644916102,22,10,32,0.6875,false,0,0.0,0.0,0.0,314.820105761445,102.53833753906181,417.3584433005068
network,delaunay,32,7,64,0.0,0.0,10,32,0.7916700897786799,0.0,0.0,0.0,2582.4778603716923,0.45948819285191406,0.0,82.26086956521739,0,0,187.0053819900571,23,9,32,0.71875,false,0,0.0,0.0,0.0,322.1988504868458,84.78741140024913,406.98626188709494
network,delaunay,32,8,64,0.0,0.0,13,32,0.7485560550191362,0.0,0.0,0.0,2779.557444979482,0.3419000257997653,0.0,43.0,0,0,149.06651331041783,18,14,32,0.5625,false,0,0.0,0.0,0.0,326.36628464150454,109.62816420863695,435.9944488501415
network,delaunay,32,9,64,0.0,0.0,11,32,0.7505250602539598,0.0,0.0,0.0,2568.1263539486545,0.4089913788614508,0.0,85.69565217391305,0,0,168.28820114461644,23,9,32,0.71875,false,0,0.0,0.0,0.0,308.8194979945542,102.65176972041996,411.47126771497415
network,delaunay,32,10,64,0.0,0.0,12,32,0.7265480043533807,0.0,0.0,0.0,2990.207892203306,0.44681823436478996,0.0,8.130434782608695,0,0,189.70045046747993,23,9,32,0.71875,false,0,0.0,0.0,0.0,308.462083934473,116.09635141488934,424.55843534936236
network,delaunay,66,1,98,0.0,0.0,14,66,0.8249378154760333,0.0,0.0,0.0,2625.954534740668,0.2593916487659841,0.0,1.0,0,0,222.68361364414287,26,6,32,0.8125,false,0,0.0,0.0,0.0,708.1960219453223,150.28810699069365,858.484128936016
network,delaunay,66,2,98,0.0,0.0,14,66,0.8500294105828545,0.0,0.0,0.0,2813.355104952381,0.2541190587645678,0.0,26.962962962962962,0,0,222.89855012818074,27,5,32,0.84375,false,0,0.0,0.0,0.0,745.59666680006,131.54553265491384,877.1421994549738
network,delaunay,66,3,98,0.0,0.0,13,66,0.8755585325928589,0.0,0.0,0.0,2693.617007329247,0.20964056851529855,0.0,18.954545454545453,0,0,184.49070832536717,22,10,32,0.6875,false,0,0.0,0.0,0.0,770.5207775497315,109.51265124677514,880.0334287965067
network,delaunay,66,4,98,0.0,0.0,13,66,0.8791719633250329,0.0,0.0,0.0,2510.8380151873075,0.15476583325752138,0.0,53.473684210526315,0,0,136.38372054061756,19,13,32,0.59375,false,0,0.0,0.0,0.0,774.7494445608858,106.47684208135357,881.2262866422393
network,delaunay,66,5,98,0.0,0.0,16,66,0.8389180218671864,0.0,0.0,0.0,2899.971128978737,0.2288978729787177,0.0,49.48,0,0,198.554546708233,25,7,32,0.78125,false,0,0.0,0.0,0.0,727.7087610713361,139.72851182413586,867.4372728954719
network,delaunay,66,6,98,0.0,0.0,17,66,0.8338133847122023,0.0,0.0,0.0,2636.487561032618,0.20269029594413243,0.0,35.72727272727273,0,0,181.4548991599456,22,10,32,0.6875,false,0,0.0,0.0,0.0,746.4566714277644,148.77562528741748,895.2322967151819
network,delaunay,66,7,98,0.0,0.0,18,66,0.7984793336006052,0.0,0.0,0.0,2667.2113687181677,0.25683057482634375,0.0,1.0,0,0,221.59046114449603,26,6,32,0.8125,false,0,0.0,0.0,0.0,688.9187701524363,173.86970935131694,862.7884795037533
network,delaunay,66,8,98,0.0,0.0,14,66,0.8631444210955753,0.0,0.0,0.0,2716.7150261226043,0.22827129312974775,0.0,1.0,0,0,207.6528474786696,24,8,32,0.75,false,0,0.0,0.0,0.0,785.181502099559,124.4941940057819,909.6756961053409
network,delaunay,66,9,98,0.0,0.0,19,66,0.8067896295391963,0.0,0.0,0.0,2784.8727512017067,0.25319562046214394,0.0,1.1153846153846154,0,0,223.9572340188902,26,6,32,0.8125,false,0,0.0,0.0,0.0,713.6236145669766,170.89892816150137,884.5225427284779
network,delaunay,66,10,98,0.0,0.0,12,66,0.8578650710447261,0.0,0.0,0.0,2750.8087334021775,0.22114563079987923,0.0,18.608695652173914,0,0,195.9150560310278,23,9,32,0.71875,false,0,0.0,0.0,0.0,759.9909745125335,125.91871008040658,885.9096845929402
network,delaunay,132,1,164,0.0,0.0,14,132,0.9439117961877308,0.0,0.0,0.0,2449.221258238049,0.10728841673325629,0.0,1.0,0,0,186.34240445290862,26,6,32,0.8125,false,0,0.0,0.0,0.0,1639.4201634123337,97.4160219533126,1736.8361853656463
network,delaunay,132,2,164,0.0,0.0,16,132,0.9060725713777402,0.0,0.0,0.0,2515.904549975984,0.10496162832592919,0.0,1.0,0,0,180.29679174706007,22,10,32,0.6875,false,0,0.0,0.0,0.0,1556.3971359337186,161.3429050953559,1717.7400410290745
network,delaunay,132,3,164,0.0,0.0,14,132,0.9354999222201053,0.0,0.0,0.0,2710.6515550163895,0.08713308201838837,0.0,105.76190476190476,0,0,153.45098026047114,21,11,32,0.65625,false,0,0.0,0.0,0.0,1647.5186780145625,113.59176024684527,1761.1104382614078
network,delaunay,132,4,164,0.0,0.0,16,132,0.9247379632406314,0.0,0.0,0.0,2661.096413410107,0.09831783127888821,0.0,3.6666666666666665,0,0,175.16725289116098,24,8,32,0.75,false,0,0.0,0.0,0.0,1647.5527028820009,134.0900633653729,1781.6427662473739
network,delaunay,132,5,164,0.0,0.0,13,132,0.9258563230930911,0.0,0.0,0.0,2421.3732720727558,0.08196049498251745,0.0,20.3,0,0,141.8461646797101,20,12,32,0.625,false,0,0.0,0.0,0.0,1602.347185717053,128.31787078323464,1730.6650565002876
network,delaunay,132,6,164,0.0,0.0,18,132,0.9103738287641281,0.0,0.0,0.0,2538.1533118759785,0.12283811248491547,0.0,2.2142857142857144,0,0,217.38800377775877,28,4,32,0.875,false,0,0.0,0.0,0.0,1611.0989115927002,158.61245387991747,1769.7113654726177
network,delaunay,132,7,164,0.0,0.0,16,132,0.9180401144860005,0.0,0.0,0.0,2564.89673443015,0.10260337430048519,0.0,55.21739130434783,0,0,176.11734509573577,23,9,32,0.71875,false,0,0.0,0.0,0.0,1575.8038052545332,140.68306758414064,1716.486872838674
network,delaunay,132,8,164,0.0,0.0,19,132,0.9062942881172211,0.0,0.0,0.0,2691.349515394359,0.1273156464449432,0.0,11.758620689655173,0,0,223.08147384057494,29,3,32,0.90625,false,0,0.0,0.0,0.0,1588.0017199136216,164.19041098087183,1752.1921308944934
network,delaunay,132,9,164,0.0,0.0,14,132,0.9319608474061993,0.0,0.0,0.0,2405.770037050241,0.12119937501059523,0.0,1.0,0,0,211.55524677544452,25,7,32,0.78125,false,0,0.0,0.0,0.0,1626.7510211239546,118.76331636293746,1745.5143374868921
network,delaunay,132,10,164,0.0,0.0,17,132,0.9196060055519508,0.0,0.0,0.0,2622.03953945228,0.11810438908375116,0.0,1.0,0,0,205.33255541989845,27,5,32,0.84375,false,0,0.0,0.0,0.0,1598.797915677513,139.77045602196154,1738.5683716994745
network,minimum-spanning-tree,6,1,38,0.0,0.0,6,6,0.26729060353301975,0.0,0.0,0.0,3005.8758562166986,1.3619235050206973,0.0,169.8,0,0,109.70249623489649,15,17,32,0.46875,false,0,0.0,0.0,0.0,21.530171349277573,59.019504040332016,80.54967538960959
network,minimum-spanning-tree,6,2,38,0.0,0.0,6,6,0.21501202708744857,0.0,0.0,0.0,2803.6167293688654,1.8758273859990815,0.0,427.3529411764706,0,0,141.03452002731703,17,15,32,0.53125,false,0,0.0,0.0,0.0,16.16572946248352,59.019504040332016,75.18523350281554
network,minimum-spanning-tree,6,3,38,0.0,0.0,6,6,0.31034634262124267,0.0,0.0,0.0,2982.40232161425,1.6336217008446772,0.0,389.1666666666667,0,0,139.8028438503954,18,14,32,0.5625,false,0,0.0,0.0,0.0,26.55896481699842,59.019504040332016,85.57846885733044
network,minimum-spanning-tree,6,4,38,0.0,0.0,5,6,0.5644091272433822,0.0,0.0,0.0,3144.5320200974534,1.0980345725387828,0.0,516.6666666666666,0,0,93.1716203887497,15,17,32,0.46875,false,0,0.0,0.0,0.0,47.89185537744856,36.9612291418541,84.85308451930266
network,minimum-spanning-tree,6,5,38,0.0,0.0,6,6,0.25920807286808356,0.0,0.0,0.0,2893.9713566830496,1.3924064714196254,0.0,122.78571428571429,0,0,110.93417241181811,14,18,32,0.4375,false,0,0.0,0.0,0.0,20.651321030392765,59.01950404033201,79.67082507072477
network,minimum-spanning-tree,6,6,38,0.0,0.0,4,6,0.5507190604094098,0.0,0.0,0.0,3110.767742760862,1.2781399811807028,0.0,72.18181818181819,0,0,101.35584095115901,11,21,32,0.34375,false,0,0.0,0.0,0.0,43.67173730381591,35.627746667830046,79.29948397164596
network,minimum-spanning-tree,6,7,38,0.0,0.0,5,6,0.4440979245041896,0.0,0.0,0.0,2922.0316572510865,1.1587900264534994,0.0,48.357142857142854,0,0,97.4160219533126,14,18,32,0.4375,false,0,0.0,0.0,0.0,37.33398819053156,46.73302975874812,84.06701794927967
network,minimum-spanning-tree,6,8,38,0.0,0.0,6,6,0.2739546488834673,0.0,0.0,0.0,3334.503917738851,1.5838309995819202,0.0,452.9375,0,0,128.74804574573315,16,16,32,0.5,false,0,0.0,0.0,0.0,22.269500771240963,59.019504040332016,81.28900481157298
network,minimum-spanning-tree,6,9,38,0.0,0.0,6,6,0.25814937621999234,0.0,0.0,0.0,2669.5711450228187,1.8577040355481693,0.0,307.6470588235294,0,0,147.79359525656977,17,15,32,0.53125,false,0,0.0,0.0,0.0,20.53762262164404,59.019504040332016,79.55712666197606
network,minimum-spanning-tree,6,10,38,0.0,0.0,6,6,0.30270994888616415,0.0,0.0,0.0,3334.7085719624793,1.600958341608001,0.0,127.875,0,0,135.5071209749859,16,16,32,0.5,false,0,0.0,0.0,0.0,25.621749547117787,59.01950404033201,84.6412535874498
network,minimum-spanning-tree,13,1,45,0.0,0.0,9,13,0.5636196552249352,0.0,0.0,0.0,3304.1654367156734,0.963685315691717,0.0,254.72727272727272,0,0,172.62064140019822,22,10,32,0.6875,false,0,0.0,0.0,0.0,100.95866856791531,78.16685984827109,179.1255284161864
network,minimum-spanning-tree,13,2,45,0.0,0.0,8,13,0.6711735119688891,0.0,0.0,0.0,2692.2657753700055,0.7296583241192609,0.0,1.0,0,0,124.50364418117024,17,15,32,0.53125,false,0,0.0,0.0,0.0,114.52421682280803,56.108584949793176,170.6328017726012
network,minimum-spanning-tree,13,3,45,0.0,0.0,8,13,0.6285057923263886,0.0,0.0,0.0,2678.48299977347,0.9116309031172584,0.0,180.63636363636363,0,0,161.66764959263838,22,10,32,0.6875,false,0,0.0,0.0,0.0,111.45854517801125,65.8803855666872,177.33893074469844
network,minimum-spanning-tree,13,4,45,0.0,0.0,8,13,0.5865302302689205,0.0,0.0,0.0,3050.2730531051698,1.0381927422802608,0.0,64.72727272727273,0,0,182.39244201709224,22,10,32,0.6875,false,0,0.0,0.0,0.0,103.04317942025921,72.63946079593995,175.68264021619916
network,minimum-spanning-tree,13,5,45,0.0,0.0,9,13,0.546786566415055,0.0,0.0,0.0,2936.361506300198,0.9044221393820522,0.0,50.1,0,0,155.987959256949,20,12,32,0.625,false,0,0.0,0.0,0.0,94.30565322347661,78.16685984827109,172.4725130717477
network,minimum-spanning-tree,13,6,45,0.0,0.0,8,13,0.6359967412883554,0.0,0.0,0.0,2814.8130551349227,0.6587732131524877,0.0,36.89473684210526,0,0,119.23034270929978,19,13,32,0.59375,false,0,0.0,0.0,0.0,115.10806437154862,65.8803855666872,180.98844993823582
network,minimum-spanning-tree,13,7,45,0.0,0.0,8,13,0.5950129088159388,0.0,0.0,0.0,2804.2273481904085,1.1541764814324007,0.0,140.69565217391303,0,0,207.0158755665158,23,9,32,0.71875,false,0,0.0,0.0,0.0,106.72294945660389,72.63946079593995,179.36241025254384
network,minimum-spanning-tree,13,8,45,0.0,0.0,9,13,0.6170698038719857,0.0,0.0,0.0,2876.149877899575,0.6733142164909068,0.0,381.3529411764706,0,0,120.37468251610176,17,15,32,0.53125,false,0,0.0,0.0,0.0,110.31934260720695,68.46001414461566,178.7793567518226
network,minimum-spanning-tree,13,9,45,0.0,0.0,8,13,0.5452886093302265,0.0,0.0,0.0,2829.695488436435,0.9906302223420089,0.0,118.15,0,0,167.38851780120444,20,12,32,0.625,false,0,0.0,0.0,0.0,92.13836811265232,76.83337737424704,168.97174548689935
network,minimum-spanning-tree,13,10,45,0.0,0.0,9,13,0.5576995214311666,0.0,0.0,0.0,2756.3183114184835,0.8101478656162288,0.0,277.2,0,0,150.85764195505766,20,12,32,0.625,false,0,0.0,0.0,0.0,103.84923332307376,82.36077642657817,186.21000974965193
network,minimum-spanning-tree,32,1,64,0.0,0.0,10,32,0.7817083999714803,0.0,0.0,0.0,2581.1417459586673,0.44648319475260245,0.0,120.4,0,0,185.00892197888456,25,7,32,0.78125,false,0,0.0,0.0,0.0,323.9159504328003,90.45333412985497,414.36928456265525
network,minimum-spanning-tree,32,2,64,0.0,0.0,10,32,0.826771717816253,0.0,0.0,0.0,2980.209996302635,0.39139544314216496,0.0,111.95238095238095,0,0,155.02401426288003,21,11,32,0.65625,false,0,0.0,0.0,0.0,327.4679683185227,68.6123054279739,396.0802737464966
network,minimum-spanning-tree,32,3,64,0.0,0.0,9,32,0.8193725895749514,0.0,0.0,0.0,2705.4131338063403,0.35451879312007883,0.0,8.333333333333334,0,0,145.18725873274744,21,11,32,0.65625,false,0,0.0,0.0,0.0,335.56037781287955,73.972943269964,409.53332108284354
network,minimum-spanning-tree,32,4,64,0.0,0.0,12,32,0.7478525666227075,0.0,0.0,0.0,2441.624378150917,0.36607358642007,0.0,1.0,0,0,149.38117531105448,21,11,32,0.65625,false,0,0.0,0.0,0.0,305.1711445613437,102.8920996947971,408.06324425614076
network,minimum-spanning-tree,32,5,64,0.0,0.0,11,32,0.7839361250116735,0.0,0.0,0.0,2657.246192535599,0.3611690267020596,0.0,43.35,0,0,146.41893490966902,20,12,32,0.625,false,0,0.0,0.0,0.0,317.8099005596922,87.59290002557195,405.4028005852642
network,minimum-spanning-tree,32,6,64,0.0,0.0,9,32,0.8345881675929352,0.0,0.0,0.0,2723.880428015573,0.27267728713813544,0.0,341.94736842105266,0,0,110.9074644659242,19,13,32,0.59375,false,0,0.0,0.0,0.0,339.45642672505863,67.27882295394984,406.73524967900846
network,minimum-spanning-tree,32,7,64,0.0,0.0,9,32,0.8058158823979827,0.0,0.0,0.0,2595.4250802363913,0.42908153354586576,0.0,78.875,0,0,172.7224476973007,24,8,32,0.75,false,0,0.0,0.0,0.0,324.3730636715042,78.16685984827109,402.5399235197753
network,minimum-spanning-tree,32,8,64,0.0,0.0,13,32,0.7403358312011611,0.0,0.0,0.0,2811.724111646149,0.35150072696577955,0.0,43.0,0,0,146.7646953492622,18,14,32,0.5625,false,0,0.0,0.0,0.0,309.11788905904416,108.41949874712824,417.5373878061724
network,minimum-spanning-tree,32,9,64,0.0,0.0,12,32,0.7757149754111838,0.0,0.0,0.0,2600.6289582474715,0.4277952443801562,0.0,82.16666666666667,0,0,172.72244769730068,24,8,32,0.75,false,0,0.0,0.0,0.0,313.1951348888956,90.55514042695741,403.750275315853
network,minimum-spanning-tree,32,10,64,0.0,0.0,12,32,0.7270047236685627,0.0,0.0,0.0,2895.6329165446314,0.39390946672443167,0.0,1.0,0,0,164.36271807006128,22,10,32,0.6875,false,0,0.0,0.0,0.0,303.3500906327099,113.91004641559553,417.26013704830547
network,minimum-spanning-tree,66,1,98,0.0,0.0,14,66,0.8260335790578828,0.0,0.0,0.0,2654.6853039714374,0.2596374833478593,0.0,1.0,0,0,219.4041561452022,26,6,32,0.8125,false,0,0.0,0.0,0.0,698.0317249415759,147.00864949175292,845.0403744333288
network,minimum-spanning-tree,66,2,98,0.0,0.0,13,66,0.8809815220076123,0.0,0.0,0.0,2614.5326141231512,0.22341017807958055,0.0,18.23076923076923,0,0,193.1664345953999,26,6,32,0.8125,false,0,0.0,0.0,0.0,761.7202627626982,102.9065696217799,864.6268323844781
network,minimum-spanning-tree,66,3,98,0.0,0.0,13,66,0.8933327969737519,0.0,0.0,0.0,2704.0715527837924,0.2103557183936898,0.0,11.727272727272727,0,0,181.21125082642644,22,10,32,0.6875,false,0,0.0,0.0,0.0,769.5628850978729,91.88862290098146,861.4515079988544
network,minimum-spanning-tree,66,4,98,0.0,0.0,11,66,0.9298189021292068,0.0,0.0,0.0,2362.6057735339245,0.10506157793961363,0.0,59.64705882352941,0,0,90.08086574436793,17,15,32,0.53125,false,0,0.0,0.0,0.0,797.2361859767503,60.17398728510393,857.4101732618543
network,minimum-spanning-tree,66,5,98,0.0,0.0,15,66,0.8440198561775092,0.0,0.0,0.0,2756.7900759060285,0.22497423760226562,0.0,11.583333333333334,0,0,191.81848219439314,24,8,32,0.75,false,0,0.0,0.0,0.0,719.6317653051551,132.99244731029603,852.6242126154511
network,minimum-spanning-tree,66,6,98,0.0,0.0,14,66,0.8899555993872335,0.0,0.0,0.0,2533.8004087971303,0.15265306585830674,0.0,39.2,0,0,132.96573936440214,20,12,32,0.625,false,0,0.0,0.0,0.0,775.1800044674566,95.85221893918978,871.0322234066464
network,minimum-spanning-tree,66,7,98,0.0,0.0,16,66,0.8505308596021218,0.0,0.0,0.0,2575.770478649757,0.2312287101056999,0.0,1.0,0,0,197.34588124672425,25,7,32,0.78125,false,0,0.0,0.0,0.0,725.899313882723,127.56685455506731,853.4661684377903
network,minimum-spanning-tree,66,8,98,0.0,0.0,13,66,0.8856502051762033,0.0,0.0,0.0,2467.7669199117104,0.18205876132714327,0.0,1.0,0,0,161.34999268241995,22,10,32,0.6875,false,0,0.0,0.0,0.0,784.9095153821588,101.34276660765708,886.2522819898159
network,minimum-spanning-tree,66,9,98,0.0,0.0,17,66,0.8378887529032101,0.0,0.0,0.0,2683.5772827914257,0.20316588815890155,0.0,1.125,0,0,175.3525612614849,24,8,32,0.75,false,0,0.0,0.0,0.0,723.1821257260204,139.9182837498898,863.1004094759103
network,minimum-spanning-tree,66,10,98,0.0,0.0,12,66,0.8774909144225196,0.0,0.0,0.0,2566.068133455091,0.17089580719086822,0.0,2.4761904761904763,0,0,149.38117531105456,21,11,32,0.65625,false,0,0.0,0.0,0.0,767.0207144099685,107.08601627310419,874.1067306830727
network,minimum-spanning-tree,132,1,164,0.0,0.0,14,132,0.9429506494295167,0.0,0.0,0.0,2447.3366428534337,0.1091269479560111,0.0,1.0,0,0,186.34240445290862,26,6,32,0.8125,false,0,0.0,0.0,0.0,1610.1585775674487,97.4160219533126,1707.5745995207612
network,minimum-spanning-tree,132,2,164,0.0,0.0,14,132,0.9324289997309906,0.0,0.0,0.0,2419.477418848649,0.08208850794003375,0.0,1.0,0,0,138.42818350349467,21,11,32,0.65625,false,0,0.0,0.0,0.0,1572.3815174351976,113.94689779945938,1686.3284152346569
network,minimum-spanning-tree,132,3,164,0.0,0.0,15,132,0.9415294941250406,0.0,0.0,0.0,2435.130005136061,0.07495015879653821,0.0,65.6,0,0,129.9530139767609,20,12,32,0.625,false,0,0.0,0.0,0.0,1632.479470013015,101.3796179915209,1733.859088004536
network,minimum-spanning-tree,132,4,164,0.0,0.0,12,132,0.9564472680854534,0.0,0.0,0.0,2445.846408076886,0.07359533489118665,0.0,1.0,0,0,127.42470670967901,22,10,32,0.6875,false,0,0.0,0.0,0.0,1656.0154634700586,75.40823204109049,1731.4236955111492
network,minimum-spanning-tree,132,5,164,0.0,0.0,13,132,0.9260025497728447,0.0,0.0,0.0,2457.1232720727558,0.0819340777322601,0.0,20.3,0,0,139.6598596804163,20,12,32,0.625,false,0,0.0,0.0,0.0,1578.4077851902593,126.13156578394083,1704.5393509742003
network,minimum-spanning-tree,132,6,164,0.0,0.0,16,132,0.945314567304888,0.0,0.0,0.0,2378.668570849731,0.085476343028466,0.0,2.36,0,0,147.8182086215225,25,7,32,0.78125,false,0,0.0,0.0,0.0,1634.7763717067617,94.57005777601235,1729.346429482774
network,minimum-spanning-tree,132,7,164,0.0,0.0,16,132,0.9188964800648332,0.0,0.0,0.0,2643.288038777976,0.10201887019974804,0.0,55.21739130434783,0,0,172.83788759679507,23,9,32,0.71875,false,0,0.0,0.0,0.0,1556.7720581846684,137.40361008519994,1694.1756682698683
network,minimum-spanning-tree,132,8,164,0.0,0.0,15,132,0.9385163202968604,0.0,0.0,0.0,2475.8158340124896,0.10217635857455447,0.0,1.0,0,0,175.33892765909295,27,5,32,0.84375,false,0,0.0,0.0,0.0,1610.5334686725682,105.5085796565894,1716.0420483291578
network,minimum-spanning-tree,132,9,164,0.0,0.0,14,132,0.9320141753592431,0.0,0.0,0.0,2359.706390309034,0.10796152908857798,0.0,1.0,0,0,185.124361878379,24,8,32,0.75,false,0,0.0,0.0,0.0,1598.148256435149,116.57701136364365,1714.7252677987926
network,minimum-spanning-tree,132,10,164,0.0,0.0,15,132,0.9358628128627262,0.0,0.0,0.0,2483.637328798151,0.088850273774923,0.0,1.0,0,0,152.0626101860854,24,8,32,0.75,false,0,0.0,0.0,0.0,1601.6804006760806,109.7674511481351,1711.4478518242156
network,flow-ranked,6,1,38,0.0,0.0,6,6,0.19413725028663395,0.0,0.0,0.0,2966.6996682498307,2.179565616341235,0.0,166.52631578947367,0,0,180.484789184006,19,13,32,0.59375,false,0,0.0,0.0,0.0,16.076056819782394,66.73163101986147,82.80768783964386
network,flow-ranked,6,2,38,0.0,0.0,6,6,0.15414637103391315,0.0,0.0,0.0,2771.707202484484,1.7291419329764195,0.0,582.6666666666666,0,0,131.88582534170746,15,17,32,0.46875,false,0,0.0,0.0,0.0,11.757115468388761,64.51529619806638,76.27241166645514
network,flow-ranked,6,3,38,0.0,0.0,6,6,0.23639151605966754,0.0,0.0,0.0,2822.2796259126453,1.8176281953417874,0.0,765.9444444444445,0,0,156.24020936773502,18,14,32,0.5625,false,0,0.0,0.0,0.0,20.319810210125894,65.63847860171528,85.95828881184117
network,flow-ranked,6,4,38,0.0,0.0,5,6,0.48935300447575336,0.0,0.0,0.0,2548.800994156361,1.5722643758957475,0.0,438.1764705882353,0,0,134.18193438775637,17,15,32,0.53125,false,0,0.0,0.0,0.0,41.762908163334785,43.58020362173666,85.34311178507144
network,flow-ranked,6,5,38,0.0,0.0,4,6,0.3919360931591957,0.0,0.0,0.0,3112.3616253995015,1.2477740543885198,0.0,204.2,0,0,105.15529149126617,10,22,32,0.3125,false,0,0.0,0.0,0.0,33.0301419372761,51.24416327160904,84.27430520888514
network,flow-ranked,6,6,38,0.0,0.0,3,6,0.5711423975572067,0.0,0.0,0.0,2869.866777252237,1.715430409771173,0.0,276.0,0,0,138.01194909434554,12,20,32,0.375,false,0,0.0,0.0,0.0,45.95026125705813,34.502987273586385,80.45324853064452
network,flow-ranked,6,7,38,0.0,0.0,5,6,0.31070163184247274,0.0,0.0,0.0,2827.1583929552025,1.9034320335839208,0.0,36.375,0,0,162.8894803872312,16,16,32,0.5,false,0,0.0,0.0,0.0,26.588828218359303,58.98789714573525,85.57672536409456
network,flow-ranked,6,8,38,0.0,0.0,4,6,0.38009033704842504,0.0,0.0,0.0,3216.407995595562,1.5957934687739685,0.0,483.9166666666667,0,0,131.91454489072635,12,20,32,0.375,false,0,0.0,0.0,0.0,31.4197575126231,51.24416327160903,82.66392078423213
network,flow-ranked,6,9,38,0.0,0.0,4,6,0.44694041205428314,0.0,0.0,0.0,2570.689890780031,1.3700148621427157,0.0,244.84615384615384,0,0,112.97879958964623,13,19,32,0.40625,false,0,0.0,0.0,0.0,36.857112019223244,45.60827044600517,82.46538246522842
network,flow-ranked,6,10,38,0.0,0.0,5,6,0.39421101841293843,0.0,0.0,0.0,3014.787378544363,1.2795998278471852,0.0,89.23076923076923,0,0,110.38566221868705,13,19,32,0.40625,false,0,0.0,0.0,0.0,34.006916361207885,52.258851901985196,86.26576826319308
network,flow-ranked,13,1,45,0.0,0.0,10,13,0.45820440751377606,0.0,0.0,0.0,3070.634983344734,1.5948255313792616,0.0,335.3333333333333,0,0,298.7009135313544,30,2,32,0.9375,false,0,0.0,0.0,0.0,85.81883874789192,101.47494834932571,187.29378709721763
network,flow-ranked,13,2,45,0.0,0.0,8,13,0.5939199694911118,0.0,0.0,0.0,2911.430182147929,1.0673535479319058,0.0,356.2857142857143,0,0,185.51413635038438,21,11,32,0.65625,false,0,0.0,0.0,0.0,103.22779215460054,70.57978707707468,173.80757923167522
network,flow-ranked,13,3,45,0.0,0.0,8,13,0.554145405426591,0.0,0.0,0.0,2585.1590575660575,1.3159021580217847,0.0,235.7037037037037,0,0,237.15092104273026,27,5,32,0.84375,false,0,0.0,0.0,0.0,99.86767822166429,80.35158777546941,180.2192659971337
network,flow-ranked,13,4,45,0.0,0.0,10,13,0.4354570149635109,0.0,0.0,0.0,3021.2076835691055,1.444228567029817,0.0,234.25925925925927,0,0,256.72250115953324,27,5,32,0.84375,false,0,0.0,0.0,0.0,77.40576289721653,100.35176594567682,177.75752884289335
network,flow-ranked,13,5,45,0.0,0.0,9,13,0.40610449871635135,0.0,0.0,0.0,3052.152006417653,0.8581053827394922,0.0,146.76470588235293,0,0,154.53325420671453,17,15,32,0.53125,false,0,0.0,0.0,0.0,73.13396582395785,106.95260316290572,180.08656898686357
network,flow-ranked,13,6,45,0.0,0.0,9,13,0.5356491900288652,0.0,0.0,0.0,3242.370243781279,1.1160170832622902,0.0,130.54166666666666,0,0,209.02815518374325,24,8,32,0.75,false,0,0.0,0.0,0.0,100.32620799146444,86.97213924594674,187.29834723741118
network,flow-ranked,13,7,45,0.0,0.0,10,13,0.47413909366945683,0.0,0.0,0.0,2545.2031102298847,1.3728540275686174,0.0,133.1851851851852,0,0,253.36044740661814,27,5,32,0.84375,false,0,0.0,0.0,0.0,87.50245145713994,97.04772089827806,184.550172355418
network,flow-ranked,13,8,45,0.0,0.0,9,13,0.5227822440754124,0.0,0.0,0.0,3040.2850018296695,1.0485212978527836,0.0,452.27272727272725,0,0,188.8321467886427,22,10,32,0.6875,false,0,0.0,0.0,0.0,94.14982190052254,85.94394174103914,180.09376364156168
network,flow-ranked,13,9,45,0.0,0.0,7,13,0.5359116427019851,0.0,0.0,0.0,2601.3616712223657,1.2780834950449098,0.0,136.6818181818182,0,0,220.6236692831963,22,10,32,0.6875,false,0,0.0,0.0,0.0,92.50944361842545,80.11125771959155,172.620701338017
network,flow-ranked,13,10,45,0.0,0.0,8,13,0.5130787752770521,0.0,0.0,0.0,3115.32736964886,1.3085951650229188,0.0,256.5217391304348,0,0,248.3178370887788,23,9,32,0.71875,false,0,0.0,0.0,0.0,97.36136517876083,92.39773200117544,189.75909717993628
network,flow-ranked,32,1,64,0.0,0.0,12,32,0.6985260576680228,0.0,0.0,0.0,2770.33566528313,0.651596106113891,0.0,168.56666666666666,0,0,278.88258243661426,30,2,32,0.9375,false,0,0.0,0.0,0.0,298.9685620185025,129.03059239613276,427.99915441463526
network,flow-ranked,32,2,64,0.0,0.0,13,32,0.7299377454833499,0.0,0.0,0.0,3019.1075429232415,0.6817126725533247,0.0,132.26666666666668,0,0,276.9999855788435,30,2,32,0.9375,false,0,0.0,0.0,0.0,296.5952564957278,109.73426726294355,406.32952375867137
network,flow-ranked,32,3,64,0.0,0.0,13,32,0.7099409082004344,0.0,0.0,0.0,2840.4871974772295,0.5630484685766856,0.0,168.17857142857142,0,0,236.26806869495923,28,4,32,0.875,false,0,0.0,0.0,0.0,297.9075099734807,121.71545657541098,419.6229665488917
network,flow-ranked,32,4,64,0.0,0.0,14,32,0.6635516829799034,0.0,0.0,0.0,2639.0686508164613,0.6063338846376808,0.0,26.551724137931036,0,0,251.5452363728364,29,3,32,0.90625,false,0,0.0,0.0,0.0,275.28275949894083,139.57981497708255,414.8625744760234
network,flow-ranked,32,5,64,0.0,0.0,14,32,0.6888223879409396,0.0,0.0,0.0,2663.0205285600587,0.6654163008928877,0.0,62.16129032258065,0,0,279.54062941224396,31,1,32,0.96875,false,0,0.0,0.0,0.0,289.3734998975485,130.72536007498724,420.09885997253576
network,flow-ranked,32,6,64,0.0,0.0,15,32,0.595213598882898,0.0,0.0,0.0,2823.4565878205544,0.7185473234183011,0.0,211.875,0,0,300.30965098899225,32,0,32,1.0,false,0,0.0,0.0,0.0,248.7635571364686,169.17641870304544,417.93997583951403
network,flow-ranked,32,7,64,0.0,0.0,13,32,0.6932576098896162,0.0,0.0,0.0,2783.521331602661,0.6365171167676731,0.0,132.3793103448276,0,0,261.5125908060061,29,3,32,0.90625,false,0,0.0,0.0,0.0,284.8243808098335,126.0248861101281,410.84926691996156
network,flow-ranked,32,8,64,0.0,0.0,14,32,0.6918444661886698,0.0,0.0,0.0,3020.8098025635327,0.5466799309862241,0.0,56.56,0,0,235.62917057117954,25,7,32,0.78125,false,0,0.0,0.0,0.0,298.1977725763719,132.82073974782978,431.01851232420165
network,flow-ranked,32,9,64,0.0,0.0,13,32,0.7014932118223913,0.0,0.0,0.0,2595.642952254434,0.5761577661348942,0.0,70.57142857142857,0,0,241.58516767691512,28,4,32,0.875,false,0,0.0,0.0,0.0,294.138802188171,125.16504456472246,419.30384675289343
network,flow-ranked,32,10,64,0.0,0.0,14,32,0.6274058996606978,0.0,0.0,0.0,2620.9816749047845,0.564269601768064,0.0,2.107142857142857,0,0,239.3006332267108,28,4,32,0.875,false,0,0.0,0.0,0.0,266.0760540857414,158.01312682511042,424.08918091085184
network,flow-ranked,66,1,98,0.0,0.0,19,66,0.7752247635174855,0.0,0.0,0.0,2574.237071571499,0.3055445283278205,0.0,14.633333333333333,0,0,264.94689514541517,30,2,32,0.9375,false,0,0.0,0.0,0.0,672.220822470199,194.9094010537259,867.1302235239249
network,flow-ranked,66,2,98,0.0,0.0,15,66,0.8449746831816926,0.0,0.0,0.0,2498.6964272883138,0.30303229389912595,0.0,15.933333333333334,0,0,268.321337298595,30,2,32,0.9375,false,0,0.0,0.0,0.0,748.1867165294303,137.26787923690202,885.4545957663323
network,flow-ranked,66,3,98,0.0,0.0,17,66,0.8222334053165078,0.0,0.0,0.0,2602.8031233249353,0.32193353338610575,0.0,11.4,0,0,283.345282065707,30,2,32,0.9375,false,0,0.0,0.0,0.0,723.6771941798208,156.45877390487522,880.1359680846961
network,flow-ranked,66,4,98,0.0,0.0,18,66,0.808210429542225,0.0,0.0,0.0,2527.4963598202007,0.2728221318951694,0.0,35.37931034482759,0,0,238.41083467121746,29,3,32,0.90625,false,0,0.0,0.0,0.0,706.2701319670934,167.59898200502994,873.8691139721234
network,flow-ranked,66,5,98,0.0,0.0,16,66,0.8242966183147468,0.0,0.0,0.0,2616.384624098823,0.29964766982261687,0.0,9.466666666666667,0,0,262.73600251616256,30,2,32,0.9375,false,0,0.0,0.0,0.0,722.756824746251,154.0596132780961,876.8164380243471
network,flow-ranked,66,6,98,0.0,0.0,20,66,0.7851292027057688,0.0,0.0,0.0,2692.93220625559,0.30346913306796613,0.0,35.6,0,0,271.44957572414705,30,2,32,0.9375,false,0,0.0,0.0,0.0,702.2888516157159,192.1994048335888,894.4882564493047
network,flow-ranked,66,7,98,0.0,0.0,18,66,0.7937886231625411,0.0,0.0,0.0,2574.0474404432457,0.3436028451273165,0.0,1.0,0,0,299.18157364311014,32,0,32,1.0,false,0,0.0,0.0,0.0,691.1669469144524,179.55219259748384,870.7191395119363
network,flow-ranked,66,8,98,0.0,0.0,18,66,0.8149589757573259,0.0,0.0,0.0,2547.4746372629793,0.2942314236008324,0.0,1.0,0,0,268.38629221183356,30,2,32,0.9375,false,0,0.0,0.0,0.0,743.3734137961853,168.7871193219174,912.1605331181028
network,flow-ranked,66,9,98,0.0,0.0,18,66,0.7928472538917225,0.0,0.0,0.0,2832.3512243309133,0.3279715576210396,0.0,78.61290322580645,0,0,291.70379060953985,31,1,32,0.96875,false,0,0.0,0.0,0.0,705.1725796351286,184.24537088908747,889.417950524216
network,flow-ranked,66,10,98,0.0,0.0,18,66,0.7825649994260296,0.0,0.0,0.0,2793.135510695671,0.30347253547199604,0.0,41.0,0,0,270.49502004564295,30,2,32,0.9375,false,0,0.0,0.0,0.0,697.5258399496779,193.80694449797372,891.3327844476516
network,flow-ranked,132,1,164,0.0,0.0,14,132,0.9291499534910119,0.0,0.0,0.0,2358.810414552247,0.14303991092565907,0.0,9.933333333333334,0,0,250.69241401056814,30,2,32,0.9375,false,0,0.0,0.0,0.0,1628.4325354447967,124.17212145308393,1752.6046568978807
network,flow-ranked,132,2,164,0.0,0.0,23,132,0.8594390908393216,0.0,0.0,0.0,2480.826331306905,0.15650581347907971,0.0,1.0,0,0,271.71298955780514,31,1,32,0.96875,false,0,0.0,0.0,0.0,1492.0900350197476,244.03071038710132,1736.120745406849
network,flow-ranked,132,3,164,0.0,0.0,21,132,0.8946852208218455,0.0,0.0,0.0,2625.3228975554043,0.13596847658705039,0.0,73.58620689655173,0,0,239.99606890595823,29,3,32,0.90625,false,0,0.0,0.0,0.0,1579.196452701538,185.8896535056372,1765.0861062071751
network,flow-ranked,132,4,164,0.0,0.0,21,132,0.8849517682788168,0.0,0.0,0.0,2725.790667179506,0.14636369015075648,0.0,6.833333333333333,0,0,259.65754118904135,30,2,32,0.9375,false,0,0.0,0.0,0.0,1569.9549525260736,204.10213035828622,1774.0570828843597
network,flow-ranked,132,5,164,0.0,0.0,15,132,0.9086360340523643,0.0,0.0,0.0,2339.9009660773913,0.13022900443202895,0.0,14.785714285714286,0,0,227.32813082195653,28,4,32,0.875,false,0,0.0,0.0,0.0,1586.1177171665295,159.4852060333248,1745.6029231998543
network,flow-ranked,132,6,164,0.0,0.0,19,132,0.8906198633947552,0.0,0.0,0.0,2451.3150358966855,0.15679835276705692,0.0,8.35483870967742,0,0,278.3969189509263,31,1,32,0.96875,false,0,0.0,0.0,0.0,1581.3037672273795,194.20543958500878,1775.5092068123884
network,flow-ranked,132,7,164,0.0,0.0,20,132,0.8891142472740761,0.0,0.0,0.0,2542.7110546834283,0.15832100933861,0.0,41.225806451612904,0,0,273.96424930733616,31,1,32,0.96875,false,0,0.0,0.0,0.0,1538.554600684294,191.88061098994095,1730.435211674235
network,flow-ranked,132,8,164,0.0,0.0,21,132,0.8844160567613494,0.0,0.0,0.0,2531.160735498591,0.15466214608341008,0.0,65.35483870967742,0,0,271.9139854905743,31,1,32,0.96875,false,0,0.0,0.0,0.0,1554.9059735414614,203.2099738729092,1758.1159474143706
network,flow-ranked,132,9,164,0.0,0.0,23,132,0.8710731498074517,0.0,0.0,0.0,2400.9389216741906,0.16777407199871108,0.0,1.0,0,0,295.90701133090477,32,0,32,1.0,false,0,0.0,0.0,0.0,1536.3318618868634,227.39126771076616,1763.7231295976296
network,flow-ranked,132,10,164,0.0,0.0,16,132,0.9123385992315244,0.0,0.0,0.0,2545.4362039504854,0.15258319134254383,0.0,1.0,0,0,266.36605837512263,30,2,32,0.9375,false,0,0.0,0.0,0.0,1592.6789474157706,153.03141577318848,1745.710363188959
network,flow-directed,6,1,38,0.0,0.0,6,6,0.19413725028663395,0.0,0.0,0.0,2966.6996682498307,2.179565616341235,0.0,166.52631578947367,0,0,180.484789184006,19,13,32,0.59375,false,0,0.0,0.0,0.0,16.076056819782394,66.73163101986147,82.80768783964386
network,flow-directed,6,2,38,0.0,0.0,6,6,0.15414637103391315,0.0,0.0,0.0,2771.707202484484,1.7291419329764195,0.0,582.6666666666666,0,0,131.88582534170746,15,17,32,0.46875,false,0,0.0,0.0,0.0,11.757115468388761,64.51529619806638,76.27241166645514
network,flow-directed,6,3,38,0.0,0.0,6,6,0.23639151605966754,0.0,0.0,0.0,2913.047801385034,1.8176281953417874,0.0,833.5,0,0,156.24020936773502,18,14,32,0.5625,false,0,0.0,0.0,0.0,20.319810210125894,65.63847860171528,85.95828881184117
network,flow-directed,6,4,38,0.0,0.0,5,6,0.48935300447575336,0.0,0.0,0.0,2568.92964618422,1.5722643758957475,0.0,449.2352941176471,0,0,134.18193438775637,17,15,32,0.53125,false,0,0.0,0.0,0.0,41.762908163334785,43.58020362173666,85.34311178507144
network,flow-directed,6,5,38,0.0,0.0,4,6,0.3919360931591957,0.0,0.0,0.0,3135.483414993115,1.2477740543885198,0.0,255.4,0,0,105.15529149126617,10,22,32,0.3125,false,0,0.0,0.0,0.0,33.0301419372761,51.24416327160904,84.27430520888514
network,flow-directed,6,6,38,0.0,0.0,4,6,0.5561262667781394,0.0,0.0,0.0,2618.892134012134,1.7754949328874425,0.0,270.6875,0,0,143.34587899044175,16,16,32,0.5,false,0,0.0,0.0,0.0,44.89925995527413,35.83646974761044,80.73572970288457
network,flow-directed,6,7,38,0.0,0.0,5,6,0.31070163184247274,0.0,0.0,0.0,2827.1583929552025,1.9034320335839208,0.0,36.375,0,0,162.8894803872312,16,16,32,0.5,false,0,0.0,0.0,0.0,26.588828218359303,58.98789714573525,85.57672536409456
network,flow-directed,6,8,38,0.0,0.0,4,6,0.38009033704842504,0.0,0.0,0.0,3216.407995595562,1.5957934687739685,0.0,483.9166666666667,0,0,131.91454489072635,12,20,32,0.375,false,0,0.0,0.0,0.0,31.4197575126231,51.24416327160903,82.66392078423213
network,flow-directed,6,9,38,0.0,0.0,4,6,0.44694041205428314,0.0,0.0,0.0,2595.7567033320884,1.3700148621427157,0.0,299.38461538461536,0,0,112.97879958964624,13,19,32,0.40625,false,0,0.0,0.0,0.0,36.857112019223244,45.60827044600517,82.46538246522842
network,flow-directed,6,10,38,0.0,0.0,5,6,0.39421101841293843,0.0,0.0,0.0,3014.787378544363,1.2795998278471852,0.0,89.23076923076923,0,0,110.38566221868705,13,19,32,0.40625,false,0,0.0,0.0,0.0,34.006916361207885,52.258851901985196,86.26576826319308
network,flow-directed,13,1,45,0.0,0.0,10,13,0.45820440751377606,0.0,0.0,0.0,3042.2574825095376,1.60194526820925,0.0,324.5483870967742,0,0,300.0343960053785,31,1,32,0.96875,false,0,0.0,0.0,0.0,85.81883874789192,101.47494834932571,187.29378709721763
network,flow-directed,13,2,45,0.0,0.0,8,13,0.5939199694911118,0.0,0.0,0.0,2821.045352465148,1.082697901497139,0.0,325.39130434782606,0,0,188.18110129843248,23,9,32,0.71875,false,0,0.0,0.0,0.0,103.22779215460054,70.57978707707468,173.80757923167522
network,flow-directed,13,3,45,0.0,0.0,8,13,0.554145405426591,0.0,0.0,0.0,2585.1590575660575,1.3159021580217847,0.0,235.7037037037037,0,0,237.15092104273026,27,5,32,0.84375,false,0,0.0,0.0,0.0,99.86767822166429,80.35158777546941,180.2192659971337
network,flow-directed,13,4,45,0.0,0.0,10,13,0.4354570149635109,0.0,0.0,0.0,2846.361038248323,1.451730260391017,0.0,225.92857142857142,0,0,258.0559836335573,28,4,32,0.875,false,0,0.0,0.0,0.0,77.40576289721653,100.35176594567682,177.75752884289335
network,flow-directed,13,5,45,0.0,0.0,9,13,0.40610449871635135,0.0,0.0,0.0,3052.152006417653,0.8581053827394922,0.0,146.76470588235293,0,0,154.53325420671453,17,15,32,0.53125,false,0,0.0,0.0,0.0,73.13396582395785,106.95260316290572,180.08656898686357
network,flow-directed,13,6,45,0.0,0.0,9,13,0.5356491900288652,0.0,0.0,0.0,3242.370243781279,1.1160170832622902,0.0,130.54166666666666,0,0,209.02815518374325,24,8,32,0.75,false,0,0.0,0.0,0.0,100.32620799146444,86.97213924594674,187.29834723741118
network,flow-directed,13,7,45,0.0,0.0,10,13,0.47413909366945683,0.0,0.0,0.0,2534.0658425150013,1.3728540275686174,0.0,133.1851851851852,0,0,253.36044740661814,27,5,32,0.84375,false,0,0.0,0.0,0.0,87.50245145713994,97.04772089827806,184.550172355418
network,flow-directed,13,8,45,0.0,0.0,9,13,0.5250224632417889,0.0,0.0,0.0,2875.0015898003658,1.0661548518708295,0.0,495.96,0,0,192.76763929747628,25,7,32,0.78125,false,0,0.0,0.0,0.0,94.92743070077731,85.87898682780056,180.80641752857787
network,flow-directed,13,9,45,0.0,0.0,8,13,0.5312499975110403,0.0,0.0,0.0,2561.8590373127836,1.3004845362131263,0.0,298.84615384615387,0,0,225.95759917929257,26,6,32,0.8125,false,0,0.0,0.0,0.0,92.30403796352978,81.4447401936156,173.74877815714538
network,flow-directed,13,10,45,0.0,0.0,9,13,0.5075376734364322,0.0,0.0,0.0,2849.828697866145,1.3326823940746306,0.0,124.03703703703704,0,0,253.65176698487502,27,5,32,0.84375,false,0,0.0,0.0,0.0,96.60053156771434,93.7312144751995,190.33174604291384
network,flow-directed,32,1,64,0.0,0.0,13,32,0.6954104382555316,0.0,0.0,0.0,2745.256955585253,0.654711725526382,0.0,163.61290322580646,0,0,280.2160649106383,31,1,32,0.96875,false,0,0.0,0.0,0.0,297.63507954447846,130.36407487015683,427.99915441463526
network,flow-directed,32,2,64,0.0,0.0,12,32,0.7336978989990643,0.0,0.0,0.0,2988.0408762565744,0.6807385939779846,0.0,109.1,0,0,276.9350306656049,30,2,32,0.9375,false,0,0.0,0.0,0.0,298.4796983101078,108.3358298756809,406.81552818578865
network,flow-directed,32,3,64,0.0,0.0,13,32,0.7099409082004344,0.0,0.0,0.0,2840.4871974772295,0.5630484685766856,0.0,168.17857142857142,0,0,236.26806869495923,28,4,32,0.875,false,0,0.0,0.0,0.0,297.9075099734807,121.71545657541098,419.6229665488917
network,flow-directed,32,4,64,0.0,0.0,14,32,0.6635661977642354,0.0,0.0,0.0,2663.2216466663344,0.6095218631728867,0.0,25.7,0,0,252.87871884686044,30,2,32,0.9375,false,0,0.0,0.0,0.0,275.300657940643,139.57981497708255,414.88047291772557
network,flow-directed,32,5,64,0.0,0.0,14,32,0.6888223879409396,0.0,0.0,0.0,2663.0205285600587,0.6654163008928877,0.0,62.16129032258065,0,0,279.54062941224396,31,1,32,0.96875,false,0,0.0,0.0,0.0,289.3734998975485,130.72536007498724,420.09885997253576
network,flow-directed,32,6,64,0.0,0.0,15,32,0.596794889103526,0.0,0.0,0.0,2694.7690878205544,0.7158603755436199,0.0,9.4375,0,0,300.2446960757536,32,0,32,1.0,false,0,0.0,0.0,0.0,250.30649302579377,169.1114637898068,419.4179568156006
network,flow-directed,32,7,64,0.0,0.0,14,32,0.6905238467673684,0.0,0.0,0.0,2791.613830677646,0.6387062943355591,0.0,133.83333333333334,0,0,262.8460732800301,30,2,32,0.9375,false,0,0.0,0.0,0.0,284.1704915681761,127.35836858415215,411.5288601523282
network,flow-directed,32,8,64,0.0,0.0,15,32,0.6887384966403891,0.0,0.0,0.0,2998.0448359044417,0.5528891462233653,0.0,52.44444444444444,0,0,238.29613551922768,27,5,32,0.84375,false,0,0.0,0.0,0.0,296.8474300025812,134.15422222185384,431.001652224435
network,flow-directed,32,9,64,0.0,0.0,13,32,0.7014932118223913,0.0,0.0,0.0,2595.642952254434,0.5761577661348942,0.0,70.57142857142857,0,0,241.58516767691512,28,4,32,0.875,false,0,0.0,0.0,0.0,294.138802188171,125.16504456472246,419.30384675289343
network,flow-directed,32,10,64,0.0,0.0,14,32,0.6291042191916528,0.0,0.0,0.0,2620.8745320476414,0.5616235447886141,0.0,2.7142857142857144,0,0,239.1707234002336,28,4,32,0.875,false,0,0.0,0.0,0.0,267.9077695270747,157.9481719118718,425.85594143894656
network,flow-directed,66,1,98,0.0,0.0,19,66,0.7752937819441891,0.0,0.0,0.0,2565.6370715714993,0.30545070926232604,0.0,14.633333333333333,0,0,264.94689514541517,30,2,32,0.9375,false,0,0.0,0.0,0.0,672.487161178102,194.9094010537259,867.3965622318279
network,flow-directed,66,2,98,0.0,0.0,15,66,0.8452786202110677,0.0,0.0,0.0,2467.329760621647,0.3025081121590306,0.0,15.933333333333334,0,0,268.2563823853564,30,2,32,0.9375,false,0,0.0,0.0,0.0,749.5712533034547,137.2029243236634,886.7741776271181
network,flow-directed,66,3,98,0.0,0.0,18,66,0.8208739721579962,0.0,0.0,0.0,2595.362835327934,0.32316779969558884,0.0,11.064516129032258,0,0,284.6787645397311,31,1,32,0.96875,false,0,0.0,0.0,0.0,723.1085165566689,157.79225637889928,880.9007729355682
network,flow-directed,66,4,98,0.0,0.0,17,66,0.8100767296021535,0.0,0.0,0.0,2426.668773613304,0.2723663094702521,0.0,16.79310344827586,0,0,238.34587975797888,29,3,32,0.90625,false,0,0.0,0.0,0.0,708.8925615066929,166.2005446177673,875.0931061244602
network,flow-directed,66,5,98,0.0,0.0,16,66,0.8245640109200498,0.0,0.0,0.0,2594.55129076549,0.2991916537212853,0.0,9.466666666666667,0,0,262.73600251616256,30,2,32,0.9375,false,0,0.0,0.0,0.0,724.0932337291825,154.0596132780961,878.1528470072786
network,flow-directed,66,6,98,0.0,0.0,19,66,0.7870656555925332,0.0,0.0,0.0,2651.33220625559,0.30286589784140255,0.0,10.133333333333333,0,0,271.3846208109085,30,2,32,0.9375,false,0,0.0,0.0,0.0,705.2544245444241,190.80096744632615,896.0553919907502
network,flow-directed,66,7,98,0.0,0.0,18,66,0.794213515538897,0.0,0.0,0.0,2567.2974404432457,0.34289486173848605,0.0,1.0,0,0,299.18157364311014,32,0,32,1.0,false,0,0.0,0.0,0.0,692.9647419703065,179.55219259748384,872.5169345677904
network,flow-directed,66,8,98,0.0,0.0,18,66,0.8152352460732787,0.0,0.0,0.0,2448.6746372629796,0.2938761089963538,0.0,1.0,0,0,268.2563823853564,30,2,32,0.9375,false,0,0.0,0.0,0.0,744.1641263440266,168.65720949544018,912.8213358394668
network,flow-directed,66,9,98,0.0,0.0,17,66,0.7944784697631242,0.0,0.0,0.0,2813.286708201881,0.3278045665896085,0.0,78.61290322580645,0,0,291.63883569630127,31,1,32,0.96875,false,0,0.0,0.0,0.0,706.8259552270729,182.84693350182482,889.6728887288976
network,flow-directed,66,10,98,0.0,0.0,19,66,0.7810689448689762,0.0,0.0,0.0,2762.1450416704424,0.30496859002904947,0.0,39.70967741935484,0,0,271.828502519667,31,1,32,0.96875,false,0,0.0,0.0,0.0,696.1923574756538,195.14042697199778,891.3327844476516
network,flow-directed,132,1,164,0.0,0.0,14,132,0.9292578572413996,0.0,0.0,0.0,2326.1104145522477,0.1428220628986708,0.0,9.933333333333334,0,0,250.69241401056814,30,2,32,0.9375,false,0,0.0,0.0,0.0,1631.1058021575632,124.17212145308393,1755.2779236106471
network,flow-directed,132,2,164,0.0,0.0,24,132,0.8589988968593215,0.0,0.0,0.0,2453.1166538875505,0.15614271511485955,0.0,1.0,0,0,271.71298955780514,31,1,32,0.96875,false,0,0.0,0.0,0.0,1494.7937732529604,245.3641928611254,1740.1579661140859
network,flow-directed,132,3,164,0.0,0.0,20,132,0.895480591997153,0.0,0.0,0.0,2593.633242382991,0.13592765294523448,0.0,31.275862068965516,0,0,239.93111399271962,29,3,32,0.90625,false,0,0.0,0.0,0.0,1580.647140897091,184.49121611837455,1765.1383570154655
network,flow-directed,132,4,164,0.0,0.0,21,132,0.8850700706670039,0.0,0.0,0.0,2689.324000512839,0.14621318654170762,0.0,6.833333333333333,0,0,259.65754118904135,30,2,32,0.9375,false,0,0.0,0.0,0.0,1571.7810668455,204.10213035828622,1775.8831972037863
network,flow-directed,132,5,164,0.0,0.0,15,132,0.9086745913054435,0.0,0.0,0.0,2339.9009660773913,0.13017404542680125,0.0,14.785714285714286,0,0,227.32813082195653,28,4,32,0.875,false,0,0.0,0.0,0.0,1586.8547043275805,159.4852060333248,1746.3399103609054
network,flow-directed,132,6,164,0.0,0.0,19,132,0.8907281981731142,0.0,0.0,0.0,2440.4440681547503,0.156658902278081,0.0,8.35483870967742,0,0,278.3319640376877,31,1,32,0.96875,false,0,0.0,0.0,0.0,1582.5345717104594,194.14048467177017,1776.6750563822295
network,flow-directed,132,7,164,0.0,0.0,20,132,0.8891646574449817,0.0,0.0,0.0,2458.4207321027825,0.15826509024689986,0.0,1.0,0,0,273.8992943940975,31,1,32,0.96875,false,0,0.0,0.0,0.0,1538.820544027842,191.81565607670234,1730.6362001045443
network,flow-directed,132,8,164,0.0,0.0,21,132,0.8845705775554822,0.0,0.0,0.0,2531.9671871114942,0.1544553827825097,0.0,65.35483870967742,0,0,271.9139854905743,31,1,32,0.96875,false,0,0.0,0.0,0.0,1557.2594936979253,203.2099738729092,1760.4694675708345
network,flow-directed,132,9,164,0.0,0.0,22,132,0.8719580973755952,0.0,0.0,0.0,2407.4389216741906,0.1676167324680605,0.0,1.0,0,0,295.8420564176662,32,0,32,1.0,false,0,0.0,0.0,0.0,1538.9983615555,225.9928303235035,1764.9911918790035
network,flow-directed,132,10,164,0.0,0.0,15,132,0.9132328823531501,0.0,0.0,0.0,2486.9695372838187,0.15238228134486004,0.0,1.0,0,0,266.30110346188405,30,2,32,0.9375,false,0,0.0,0.0,0.0,1595.95277181827,151.63297838592584,1747.5857502041958
