scenario,policy,drivers,seed,agents_spawned,cost_per_passenger_served,decision_latency_ms,drivers_active,drivers_total,empty_distance_share,fleet_utilisation,incentive_paid,invalid_action_rate,mean_journey_time_s,mean_occupancy,mean_time_to_pickup_s,mean_wait_s,model_calls,model_decisions,passenger_km,passengers_served,passengers_unserved,riders_total,service_rate,stopped_by_clock,stranded,taxi_km_empty_to_pickup,tokens_per_decision,usd_per_decision,vehicle_km_empty,vehicle_km_loaded,vehicle_km_total
baseline,heuristic,6,1,38,0.0,0.0,6,6,0.19413725028663395,0.0,0.0,0.0,2814.5411233028763,2.3411403088461094,0.0,158.25,0,0,193.86441588373606,20,12,32,0.625,false,0,0.0,0.0,0.0,16.076056819782394,66.73163101986147,82.80768783964386
baseline,heuristic,6,2,38,0.0,0.0,6,6,0.15414637103391315,0.0,0.0,0.0,2755.898781843364,2.0799798416619395,0.0,514.2352941176471,0,0,158.64507874116762,17,15,32,0.53125,false,0,0.0,0.0,0.0,11.757115468388761,64.51529619806638,76.27241166645514
baseline,heuristic,6,3,38,0.0,0.0,6,6,0.2335301814207252,0.0,0.0,0.0,3011.4046954883797,2.2681374799163065,0.0,732.047619047619,0,0,197.4722418850715,21,11,32,0.65625,false,0,0.0,0.0,0.0,20.33198114370022,66.73163101986147,87.06361216356169
baseline,heuristic,6,4,38,0.0,0.0,5,6,0.48935300447575336,0.0,0.0,0.0,2581.059230381963,1.7290389112961604,0.0,424.3333333333333,0,0,147.56156108748644,18,14,32,0.5625,false,0,0.0,0.0,0.0,41.762908163334785,43.58020362173666,85.34311178507144
baseline,heuristic,6,5,38,0.0,0.0,4,6,0.3919360931591957,0.0,0.0,0.0,3182.5328295960517,1.5652997027238436,0.0,240.5,0,0,131.91454489072638,12,20,32,0.375,false,0,0.0,0.0,0.0,33.0301419372761,51.24416327160904,84.27430520888514
baseline,heuristic,6,6,38,0.0,0.0,4,6,0.5561262667781394,0.0,0.0,0.0,2688.339663802129,1.7754949328874425,0.0,370.125,0,0,143.34587899044175,16,16,32,0.5,false,0,0.0,0.0,0.0,44.89925995527413,35.83646974761044,80.73572970288457
baseline,heuristic,6,7,38,0.0,0.0,6,6,0.2245465183810295,0.0,0.0,0.0,2722.592989310565,2.408274935139936,0.0,37.95238095238095,0,0,207.24404258346615,21,11,32,0.65625,false,0,0.0,0.0,0.0,19.32334532835351,66.73163101986147,86.05497634821498
baseline,heuristic,6,8,38,0.0,0.0,4,6,0.383497894268256,0.0,0.0,0.0,3205.2297749836894,1.7479876149269238,0.0,446.7692307692308,0,0,145.29417159045644,13,19,32,0.40625,false,0,0.0,0.0,0.0,31.87666112652642,51.24416327160903,83.12082439813545
baseline,heuristic,6,9,38,0.0,0.0,5,6,0.29486784966611174,0.0,0.0,0.0,2480.803169017486,1.9902829115693987,0.0,376.88235294117646,0,0,166.49730638856659,17,15,32,0.53125,false,0,0.0,0.0,0.0,24.667198027281323,58.98789714573525,83.65509517301658
baseline,heuristic,6,10,38,0.0,0.0,6,6,0.25161906775080234,0.0,0.0,0.0,2957.551831756434,2.3874028265721767,0.0,164.61904761904762,0,0,212.87993540907001,21,11,32,0.65625,false,0,0.0,0.0,0.0,22.43636905104495,66.73163101986147,89.16800007090642
baseline,heuristic,13,1,45,0.0,0.0,9,13,0.5267730742190438,0.0,0.0,0.0,3001.547805090183,1.5977587406662601,0.0,298.4516129032258,0,0,301.1275484235247,31,1,32,0.96875,false,0,0.0,0.0,0.0,99.28024824884238,89.18847406774182,188.4687223165842
baseline,heuristic,13,2,45,0.0,0.0,8,13,0.5897216168777204,0.0,0.0,0.0,2517.297490857086,1.089722734105878,0.0,178.7391304347826,0,0,190.3674061347249,23,9,32,0.71875,false,0,0.0,0.0,0.0,103.02049414312765,71.67293949522087,174.69343363834852
baseline,heuristic,13,3,45,0.0,0.0,10,13,0.46560680544184946,0.0,0.0,0.0,2557.2124159596065,1.4048641310373227,0.0,224.75862068965517,0,0,254.82469362727508,29,3,32,0.90625,false,0,0.0,0.0,0.0,84.45522163049763,96.93220794186804,181.38742957236568
baseline,heuristic,13,4,45,0.0,0.0,10,13,0.4354570149635109,0.0,0.0,0.0,2727.889272533743,1.5388571902547898,0.0,281.06666666666666,0,0,273.54345138180963,30,2,32,0.9375,false,0,0.0,0.0,0.0,77.40576289721653,100.35176594567682,177.75752884289335
baseline,heuristic,13,5,45,0.0,0.0,9,13,0.4334417441317385,0.0,0.0,0.0,2858.776672429627,1.0836469998717564,0.0,134.38095238095238,0,0,200.0594326088657,21,11,32,0.65625,false,0,0.0,0.0,0.0,80.02062425333608,104.59616759174042,184.6167918450765
baseline,heuristic,13,6,45,0.0,0.0,9,13,0.538853201676191,0.0,0.0,0.0,3049.095917528841,1.137624160522959,0.0,41.68,0,0,214.55555423607439,25,7,32,0.78125,false,0,0.0,0.0,0.0,101.62754216152663,86.97213924594675,188.59968140747338
baseline,heuristic,13,7,45,0.0,0.0,11,13,0.40381141096809114,0.0,0.0,0.0,2581.4589485688502,1.585614843677402,0.0,111.13333333333334,0,0,293.3838145493984,30,2,32,0.9375,false,0,0.0,0.0,0.0,74.7165886979403,110.31183464159813,185.02842333953842
baseline,heuristic,13,8,45,0.0,0.0,11,13,0.418710158860226,0.0,0.0,0.0,2842.4622381428194,1.2475792597364448,0.0,381.64285714285717,0,0,227.24059658556,28,4,32,0.875,false,0,0.0,0.0,0.0,76.26605328140249,105.87916499800795,182.14521827941044
baseline,heuristic,13,9,45,0.0,0.0,9,13,0.4586137579592007,0.0,0.0,0.0,2589.071491416066,1.3664618657022312,0.0,287.81481481481484,0,0,239.33722587902267,27,5,32,0.84375,false,0,0.0,0.0,0.0,80.32667967905621,94.82436689334568,175.1510465724019
baseline,heuristic,13,10,45,0.0,0.0,9,13,0.538214309026467,0.0,0.0,0.0,2590.5559948588666,1.3991656537289354,0.0,110.51724137931035,0,0,270.2323871512737,29,3,32,0.90625,false,0,0.0,0.0,0.0,103.9497625885638,89.18847406774182,193.13823665630562
baseline,heuristic,32,1,64,0.0,0.0,13,32,0.6954104382555316,0.0,0.0,0.0,2739.8237240429276,0.6859725973335452,0.0,158.53125,0,0,293.5956916103684,32,0,32,1.0,false,0,0.0,0.0,0.0,297.63507954447846,130.36407487015683,427.99915441463526
baseline,heuristic,32,2,64,0.0,0.0,12,32,0.7339914233420198,0.0,0.0,0.0,2897.9920329289653,0.6973341723375719,0.0,80.61290322580645,0,0,286.86506937602354,31,1,32,0.96875,false,0,0.0,0.0,0.0,301.944905227571,109.42898229382709,411.3738875213981
baseline,heuristic,32,3,64,0.0,0.0,13,32,0.7089821130923789,0.0,0.0,0.0,2599.8038461172464,0.6017625201704615,0.0,39.46666666666667,0,0,253.94184127950402,30,2,32,0.9375,false,0,0.0,0.0,0.0,299.1881634334956,122.80860899355717,421.9967724270528
baseline,heuristic,32,4,64,0.0,0.0,14,32,0.6600231504382627,0.0,0.0,0.0,2554.621646666334,0.6143065057789927,0.0,1.0,0,0,256.15817610129903,30,2,32,0.9375,false,0,0.0,0.0,0.0,275.2214485934886,141.7661198133749,416.98756840686355
baseline,heuristic,32,5,64,0.0,0.0,15,32,0.648752252066872,0.0,0.0,0.0,2550.9560124310265,0.656189988723594,0.0,39.16129032258065,0,0,279.30960349942393,31,1,32,0.96875,false,0,0.0,0.0,0.0,276.1437044271703,149.50985368750113,425.65355811467145
baseline,heuristic,32,6,64,0.0,0.0,14,32,0.6320363208087805,0.0,0.0,0.0,2672.4253378205544,0.7094191212923383,0.0,9.4375,0,0,300.2446960757536,32,0,32,1.0,false,0,0.0,0.0,0.0,267.4942743358491,155.7318370900767,423.22611142592586
baseline,heuristic,32,7,64,0.0,0.0,13,32,0.7241578140483642,0.0,0.0,0.0,2626.3208305644594,0.6489412431463956,0.0,78.38709677419355,0,0,270.4442642122436,31,1,32,0.96875,false,0,0.0,0.0,0.0,301.79053845353417,114.95638134615822,416.74691979969236
baseline,heuristic,32,8,64,0.0,0.0,16,32,0.6565217919006742,0.0,0.0,0.0,2826.119623846824,0.5915485380874103,0.0,48.89655172413793,0,0,255.96990810377253,29,3,32,0.90625,false,0,0.0,0.0,0.0,284.08458802768223,148.6270013397301,432.71158936741233
baseline,heuristic,32,9,64,0.0,0.0,11,32,0.7602101400509688,0.0,0.0,0.0,2593.285809397291,0.577429420995401,0.0,70.57142857142857,0,0,244.86462493135377,28,4,32,0.875,false,0,0.0,0.0,0.0,322.3745864762145,101.68524841970087,424.0598348959154
baseline,heuristic,32,10,64,0.0,0.0,14,32,0.6295526345072472,0.0,0.0,0.0,2649.5817584884917,0.623704966753027,0.0,2.6,0,0,265.92997679969375,30,2,32,0.9375,false,0,0.0,0.0,0.0,268.4232552456034,157.9481719118718,426.37142715747524
baseline,heuristic,66,1,98,0.0,0.0,18,66,0.789588354641202,0.0,0.0,0.0,2517.696418785835,0.314818975991106,0.0,32.645161290322584,0,0,274.87693385583384,31,1,32,0.96875,false,0,0.0,0.0,0.0,689.4108757223644,183.7160791902882,873.1269549126526
baseline,heuristic,66,2,98,0.0,0.0,14,66,0.8601618266452938,0.0,0.0,0.0,2471.260196037444,0.31019306526651724,0.0,15.451612903225806,0,0,277.0932686776288,31,1,32,0.96875,false,0,0.0,0.0,0.0,768.3764688036428,124.91645004207953,893.2929188457223
baseline,heuristic,66,3,98,0.0,0.0,16,66,0.8493567482205059,0.0,0.0,0.0,2597.0402546827727,0.3243845624279041,0.0,11.064516129032258,0,0,286.8650693760235,31,1,32,0.96875,false,0,0.0,0.0,0.0,751.1170712922617,133.2193078157315,884.3363791079933
baseline,heuristic,66,4,98,0.0,0.0,17,66,0.8119269563279595,0.0,0.0,0.0,2410.1515322339937,0.2697129251643934,0.0,16.79310344827586,0,0,238.34587975797888,29,3,32,0.90625,false,0,0.0,0.0,0.0,717.5015605472119,166.2005446177673,883.7021051649791
baseline,heuristic,66,5,98,0.0,0.0,15,66,0.8329975547326928,0.0,0.0,0.0,2551.85129076549,0.299000413594642,0.0,9.466666666666667,0,0,263.71364197789876,30,2,32,0.9375,false,0,0.0,0.0,0.0,734.6906857963588,147.29351886570606,881.9842046620648
baseline,heuristic,66,6,98,0.0,0.0,20,66,0.7733669211929254,0.0,0.0,0.0,2555.23220625559,0.3012693437794915,0.0,1.5333333333333334,0,0,271.26910785449843,30,2,32,0.9375,false,0,0.0,0.0,0.0,696.3554675836428,204.06508118964626,900.420548773289
baseline,heuristic,66,7,98,0.0,0.0,17,66,0.8083407701661935,0.0,0.0,0.0,2518.3911904432457,0.3443207238431573,0.0,1.0,0,0,302.4610308975487,32,0,32,1.0,false,0,0.0,0.0,0.0,710.069321219116,168.35887073404615,878.4281919531621
baseline,heuristic,66,8,98,0.0,0.0,17,66,0.8298017300835944,0.0,0.0,0.0,2427.0823845634936,0.30159604269888446,0.0,1.0,0,0,277.09326867762877,31,1,32,0.96875,false,0,0.0,0.0,0.0,762.385579351851,156.3707352138563,918.7563145657073
baseline,heuristic,66,9,98,0.0,0.0,17,66,0.7948772009192006,0.0,0.0,0.0,2617.9748222584963,0.33503155467920337,0.0,15.4375,0,0,300.24469607575355,32,0,32,1.0,false,0,0.0,0.0,0.0,712.343838287258,183.82457296356097,896.168411250819
baseline,heuristic,66,10,98,0.0,0.0,16,66,0.8196580690193578,0.0,0.0,0.0,2605.4998803801195,0.3048834994299031,0.0,13.225806451612904,0,0,274.8769338558337,31,1,32,0.96875,false,0,0.0,0.0,0.0,738.9875058621699,162.5927186164319,901.5802244786018
baseline,heuristic,132,1,164,0.0,0.0,13,132,0.9360043568083515,0.0,0.0,0.0,2343.943747885581,0.14509808298498242,0.0,9.933333333333334,0,0,256.15817610129915,30,2,32,0.9375,false,0,0.0,0.0,0.0,1652.4351247818522,112.97879958964623,1765.4139243714985
baseline,heuristic,132,2,164,0.0,0.0,21,132,0.8811098093307107,0.0,0.0,0.0,2458.1166538875505,0.15682272463453345,0.0,1.0,0,0,274.87693385583367,31,1,32,0.96875,false,0,0.0,0.0,0.0,1544.3983857795477,208.38925705996365,1752.7876428395114
baseline,heuristic,132,3,164,0.0,0.0,20,132,0.8956622868160978,0.0,0.0,0.0,2417.7366906588527,0.13549992133642236,0.0,3.2413793103448274,0,0,240.5622145797739,29,3,32,0.90625,false,0,0.0,0.0,0.0,1590.1300982833031,185.23782966183887,1775.3679279451421
baseline,heuristic,132,4,164,0.0,0.0,20,132,0.8921397657619143,0.0,0.0,0.0,2503.6240005128393,0.14629741518611322,0.0,1.0,0,0,261.49730715610366,30,2,32,0.9375,false,0,0.0,0.0,0.0,1594.642981605885,192.79329553843849,1787.4362771443236
baseline,heuristic,132,5,164,0.0,0.0,16,132,0.9038512634190221,0.0,0.0,0.0,2329.2581089345344,0.13028028076574544,0.0,14.785714285714286,0,0,229.3989227018389,28,4,32,0.875,false,0,0.0,0.0,0.0,1591.5110475071697,169.2997317873334,1760.8107792945032
baseline,heuristic,132,6,164,0.0,0.0,17,132,0.9026890511073178,0.0,0.0,0.0,2314.6053584773313,0.1562109226468175,0.0,2.096774193548387,0,0,279.3096034994239,31,1,32,0.96875,false,0,0.0,0.0,0.0,1614.0338759672052,173.99476355965,1788.0286395268552
baseline,heuristic,132,7,164,0.0,0.0,20,132,0.889507281407203,0.0,0.0,0.0,2422.323957909234,0.15753607829234928,0.0,1.0,0,0,274.87693385583367,31,1,32,0.96875,false,0,0.0,0.0,0.0,1552.057387780768,192.7932955384385,1744.8506833192066
baseline,heuristic,132,8,164,0.0,0.0,21,132,0.885236993113907,0.0,0.0,0.0,2458.4833161437523,0.1534216207522091,0.0,4.451612903225806,0,0,272.6605990340387,31,1,32,0.96875,false,0,0.0,0.0,0.0,1573.2414222071343,203.9565874163735,1777.1980096235077
baseline,heuristic,132,9,164,0.0,0.0,21,132,0.8791582807290442,0.0,0.0,0.0,2381.0666820554443,0.1601374356879863,0.0,1.0,0,0,284.64873455422844,31,1,32,0.96875,false,0,0.0,0.0,0.0,1562.7282340775469,214.79950846006582,1777.5277425376128
baseline,heuristic,132,10,164,0.0,0.0,14,132,0.9206043349482094,0.0,0.0,0.0,2341.7854915432986,0.14920967594008916,0.0,1.0,0,0,263.7136419778987,30,2,32,0.9375,false,0,0.0,0.0,0.0,1627.0789441786155,140.3241435660781,1767.4030877446937
baseline,greedy,6,1,38,0.0,0.0,5,6,0.706813753311191,0.0,0.0,0.0,2498.0786336565266,1.12606113353747,0.0,362.29411764705884,0,0,96.49478456164168,17,15,32,0.53125,false,0,0.0,0.0,0.0,60.56850629122546,25.12380799592846,85.69231428715392
baseline,greedy,6,2,38,0.0,0.0,6,6,0.5819821668332609,0.0,0.0,0.0,2804.6504854799136,1.342417491635964,0.0,674.4,0,0,126.1362375841225,20,12,32,0.625,false,0,0.0,0.0,0.0,54.68421062954209,39.277793270156835,93.96200389969893
baseline,greedy,6,3,38,0.0,0.0,5,6,0.7205946361851918,0.0,0.0,0.0,2720.7403624880367,1.0220283267642174,0.0,803.8666666666667,0,0,71.28424831117812,15,17,32,0.46875,false,0,0.0,0.0,0.0,50.25990535913852,19.48791517032459,69.74782052946311
baseline,greedy,6,4,38,0.0,0.0,6,6,0.6947102796696247,0.0,0.0,0.0,2419.509046626348,0.9699659620052417,0.0,632.9444444444445,0,0,79.47861231155736,18,14,32,0.5625,false,0,0.0,0.0,0.0,56.92427481946765,25.015314222655725,81.93958904212337
baseline,greedy,6,5,38,0.0,0.0,5,6,0.4616757211069303,0.0,0.0,0.0,3272.7576824668936,1.3018887520275113,0.0,379.4,0,0,108.16439279229456,15,17,32,0.46875,false,0,0.0,0.0,0.0,38.35725131099419,44.725418098234144,83.08266940922833
baseline,greedy,6,6,38,0.0,0.0,6,6,0.5704862639035274,0.0,0.0,0.0,2557.1291234924247,1.673429130302207,0.0,212.42857142857142,0,0,150.01329136056205,21,11,32,0.65625,false,0,0.0,0.0,0.0,51.14081055150703,38.50343469565854,89.64424524716557
baseline,greedy,6,7,38,0.0,0.0,5,6,0.665815837956051,0.0,0.0,0.0,2318.5328708399816,1.2835247238623033,0.0,212.0,0,0,96.49478456164168,17,15,32,0.53125,false,0,0.0,0.0,0.0,50.055721285966115,25.12380799592846,75.17952928189457
baseline,greedy,6,8,38,0.0,0.0,6,6,0.5785683003814943,0.0,0.0,0.0,2779.152377742356,1.4954966479811735,0.0,513.85,0,0,136.63366466083195,20,12,32,0.625,false,0,0.0,0.0,0.0,52.8599694585927,38.50343469565854,91.36340415425124
baseline,greedy,6,9,38,0.0,0.0,6,6,0.5606645732749673,0.0,0.0,0.0,2497.9145826872723,1.530099394693956,0.0,297.23809523809524,0,0,156.42354276066422,21,11,32,0.65625,false,0,0.0,0.0,0.0,57.31728223420937,44.91368609576071,102.23096832997008
baseline,greedy,6,10,38,0.0,0.0,6,6,0.4070921060089238,0.0,0.0,0.0,3020.7976720229553,1.9034068671395952,0.0,470.95238095238096,0,0,193.64918120876357,21,11,32,0.65625,false,0,0.0,0.0,0.0,41.416816533633785,60.321379619759306,101.73819615339309
baseline,greedy,13,1,45,0.0,0.0,9,13,0.6823756259615513,0.0,0.0,0.0,3180.280049875238,1.101132585642135,0.0,476.1666666666667,0,0,286.97356314929624,30,2,32,0.9375,false,0,0.0,0.0,0.0,177.8384976902863,82.77822266763965,260.61672035792594
baseline,greedy,13,2,45,0.0,0.0,9,13,0.669928158496166,0.0,0.0,0.0,2525.731145598452,1.0524124516384654,0.0,173.84615384615384,0,0,194.3678535567971,26,6,32,0.8125,false,0,0.0,0.0,0.0,123.72762979137515,60.960277743538896,184.68790753491405
baseline,greedy,13,3,45,0.0,0.0,8,13,0.7564050317955605,0.0,0.0,0.0,2585.394138637045,0.851516716566041,0.0,565.6153846153846,0,0,188.73196073119314,26,6,32,0.8125,false,0,0.0,0.0,0.0,167.65120634791998,53.99090244391097,221.64210879183096
baseline,greedy,13,4,45,0.0,0.0,9,13,0.6016848516326302,0.0,0.0,0.0,3021.974059756146,1.39014955583057,0.0,476.1666666666667,0,0,261.49730715610366,30,2,32,0.9375,false,0,0.0,0.0,0.0,113.18132484281342,74.9259950202407,188.10731986305413
baseline,greedy,13,5,45,0.0,0.0,9,13,0.6070568744001789,0.0,0.0,0.0,3072.6112397213724,1.0998444612595282,0.0,177.125,0,0,191.7749827399488,24,8,32,0.75,false,0,0.0,0.0,0.0,105.84980486871822,68.51574362013855,174.36554848885677
baseline,greedy,13,6,45,0.0,0.0,9,13,0.552288028347733,0.0,0.0,0.0,3404.2549022884873,1.1121220481375675,0.0,210.30434782608697,0,0,180.6116908620138,23,9,32,0.71875,false,0,0.0,0.0,0.0,89.69310050976799,72.70966019844562,162.4027607082136
baseline,greedy,13,7,45,0.0,0.0,12,13,0.5361761087171094,0.0,0.0,0.0,3016.27501445015,1.3663071994066276,0.0,382.51612903225805,0,0,286.86506937602354,31,1,32,0.96875,false,0,0.0,0.0,0.0,112.57365597699993,97.38283806812106,209.956494045121
baseline,greedy,13,8,45,0.0,0.0,9,13,0.6535963832578291,0.0,0.0,0.0,2655.3741028597133,1.0509943801461517,0.0,316.037037037037,0,0,197.67891778733303,27,5,32,0.84375,false,0,0.0,0.0,0.0,122.93331739238766,65.15419432184598,188.08751171423364
baseline,greedy,13,9,45,0.0,0.0,10,13,0.5619809239596164,0.0,0.0,0.0,2707.866750933993,1.1678611248465738,0.0,166.4,0,0,261.4973071561037,30,2,32,0.9375,false,0,0.0,0.0,0.0,125.83388141106676,98.07742241836553,223.91130382943228
baseline,greedy,13,10,45,0.0,0.0,10,13,0.6307880353762968,0.0,0.0,0.0,3015.545845918373,1.0614150118112577,0.0,207.96428571428572,0,0,253.8620670552503,28,4,32,0.875,false,0,0.0,0.0,0.0,150.8676179933492,88.30562171997079,239.17323971332
baseline,greedy,32,1,64,0.0,0.0,13,32,0.8419446910133074,0.0,0.0,0.0,3147.248818388845,0.3818560657574495,0.0,204.48387096774192,0,0,285.8519577362422,31,1,32,0.96875,false,0,0.0,0.0,0.0,630.2676841191287,118.3179306444508,748.5856147635795
baseline,greedy,32,2,64,0.0,0.0,10,32,0.8661539284753981,0.0,0.0,0.0,3210.5701769672078,0.33786243955834033,0.0,276.81481481481484,0,0,233.34656257710319,27,5,32,0.84375,false,0,0.0,0.0,0.0,598.2140013450303,92.44152959276167,690.6555309377919
baseline,greedy,32,3,64,0.0,0.0,10,32,0.8972738153120748,0.0,0.0,0.0,2958.6375857186517,0.26672235986000387,0.0,143.42857142857142,0,0,235.0348155274428,28,4,32,0.875,false,0,0.0,0.0,0.0,790.6745642553915,90.52195654176589,881.1965207971574
baseline,greedy,32,4,64,0.0,0.0,12,32,0.8314826514701841,0.0,0.0,0.0,2738.0846704562214,0.45466320404123733,0.0,90.60714285714286,0,0,209.85532130504942,28,4,32,0.875,false,0,0.0,0.0,0.0,383.7809117450019,77.78122796581539,461.5621397108173
baseline,greedy,32,5,64,0.0,0.0,12,32,0.8193451875910893,0.0,0.0,0.0,2921.041106681357,0.39405729318963073,0.0,107.51724137931035,0,0,252.55035009996374,29,3,32,0.90625,false,0,0.0,0.0,0.0,525.116315711157,115.78122498841303,640.89754069957
baseline,greedy,32,6,64,0.0,0.0,14,32,0.8360224548328734,0.0,0.0,0.0,2991.206587820555,0.4039903013230576,0.0,71.6875,0,0,300.2446960757536,32,0,32,1.0,false,0,0.0,0.0,0.0,621.3300345125764,121.86774794026994,743.1977824528464
baseline,greedy,32,7,64,0.0,0.0,10,32,0.8246072098783691,0.0,0.0,0.0,3114.869217661234,0.537156900644407,0.0,294.16129032258067,0,0,270.4442642122436,31,1,32,0.96875,false,0,0.0,0.0,0.0,415.1678771549422,88.30562171997079,503.47349887491293
baseline,greedy,32,8,64,0.0,0.0,12,32,0.8568465791222436,0.0,0.0,0.0,3192.016175570962,0.37627747058663014,0.0,195.44827586206895,0,0,255.96990810377253,29,3,32,0.90625,false,0,0.0,0.0,0.0,582.8861870869227,97.38283806812106,680.2690251550438
baseline,greedy,32,9,64,0.0,0.0,13,32,0.871428863847636,0.0,0.0,0.0,2938.8119888163546,0.31755860199319963,0.0,117.65517241379311,0,0,238.34587975797888,29,3,32,0.90625,false,0,0.0,0.0,0.0,654.0571658163069,96.49998572035003,750.557151536657
baseline,greedy,32,10,64,0.0,0.0,11,32,0.7554819387114818,0.0,0.0,0.0,2894.4000206778037,0.5144701387065418,0.0,104.35714285714286,0,0,239.1707234002336,28,4,32,0.875,false,0,0.0,0.0,0.0,351.2140903876692,113.6733839398907,464.8874743275599
baseline,greedy,66,1,98,0.0,0.0,13,66,0.8706301873285704,0.0,0.0,0.0,2883.5858890865184,0.28328728891519567,0.0,70.1,0,0,251.72550645770897,30,2,32,0.9375,false,0,0.0,0.0,0.0,773.6309866986714,114.95638134615824,888.5873680448296
baseline,greedy,66,2,98,0.0,0.0,10,66,0.9302542398352199,0.0,0.0,0.0,2710.493501498032,0.21478708637598568,0.0,87.66666666666667,0,0,234.84654752991625,27,5,32,0.84375,false,0,0.0,0.0,0.0,1017.1328278458077,76.25947749426476,1093.3923053400724
baseline,greedy,66,3,98,0.0,0.0,13,66,0.8656717895299847,0.0,0.0,0.0,2842.5241256505146,0.3196939166350918,0.0,34.03225806451613,0,0,286.8650693760235,31,1,32,0.96875,false,0,0.0,0.0,0.0,776.7773643432756,120.53426546624587,897.3116298095215
baseline,greedy,66,4,98,0.0,0.0,11,66,0.911854473729638,0.0,0.0,0.0,3072.7881608322737,0.2258059893750582,0.0,132.25,0,0,215.19445235985404,28,4,32,0.875,false,0,0.0,0.0,0.0,869.0027427935305,84.00321136839098,953.0059541619215
baseline,greedy,66,5,98,0.0,0.0,12,66,0.8996734581459337,0.0,0.0,0.0,3122.3846240988223,0.2549059660420263,0.0,51.733333333333334,0,0,263.71364197789876,30,2,32,0.9375,false,0,0.0,0.0,0.0,930.759557818268,103.79308946822323,1034.5526472864913
baseline,greedy,66,6,98,0.0,0.0,13,66,0.8733515130384752,0.0,0.0,0.0,3089.9988729222564,0.2413437906932892,0.0,75.53333333333333,0,0,271.26910785449843,30,2,32,0.9375,false,0,0.0,0.0,0.0,981.6423497151574,142.35221039034664,1123.994560105504
baseline,greedy,66,7,98,0.0,0.0,13,66,0.9023455499160552,0.0,0.0,0.0,2946.8911904432457,0.24062339063771387,0.0,48.0625,0,0,302.4610308975487,32,0,32,1.0,false,0,0.0,0.0,0.0,1134.2387144080458,122.75060028804094,1256.9893146960867
baseline,greedy,66,8,98,0.0,0.0,11,66,0.910634919589686,0.0,0.0,0.0,2882.5985135957517,0.25780976960614677,0.0,77.74193548387096,0,0,277.09326867762877,31,1,32,0.96875,false,0,0.0,0.0,0.0,978.748039015662,96.04935559409701,1074.797394609759
baseline,greedy,66,9,98,0.0,0.0,12,66,0.9137763533417718,0.0,0.0,0.0,3079.3185722584967,0.24942115817227573,0.0,67.25,0,0,300.24469607575355,32,0,32,1.0,false,0,0.0,0.0,0.0,1099.9728551529379,103.79308946822323,1203.7659446211612
baseline,greedy,66,10,98,0.0,0.0,14,66,0.8680036374689899,0.0,0.0,0.0,3121.5177400342636,0.28662214799221436,0.0,86.06666666666666,0,0,261.49730715610366,30,2,32,0.9375,false,0,0.0,0.0,0.0,791.9158215435929,120.42577169297314,912.341593236566
baseline,greedy,132,1,164,0.0,0.0,11,132,0.9345913830185274,0.0,0.0,0.0,2522.077081218914,0.1473955595105915,0.0,36.63333333333333,0,0,256.15817610129915,30,2,32,0.9375,false,0,0.0,0.0,0.0,1624.222770814298,113.67338393989068,1737.8961547541887
baseline,greedy,132,2,164,0.0,0.0,17,132,0.9199322925892063,0.0,0.0,0.0,2835.1489119520666,0.14818870910143472,0.0,44.774193548387096,0,0,274.87693385583367,31,1,32,0.96875,false,0,0.0,0.0,0.0,1706.3929463667923,148.51850756645737,1854.9114539332497
baseline,greedy,132,3,164,0.0,0.0,14,132,0.9435467535563814,0.0,0.0,0.0,2425.8519497748957,0.11310892893367583,0.0,21.423076923076923,0,0,180.87973308379418,26,6,32,0.8125,false,0,0.0,0.0,0.0,1508.8860494420774,90.27800231777444,1599.1640517598519
baseline,greedy,132,4,164,0.0,0.0,12,132,0.9421839061898959,0.0,0.0,0.0,2878.7573338461725,0.13577861692778428,0.0,34.36666666666667,0,0,261.49730715610366,30,2,32,0.9375,false,0,0.0,0.0,0.0,1814.5607893878941,111.34855534482287,1925.909344732717
baseline,greedy,132,5,164,0.0,0.0,11,132,0.9390652227323847,0.0,0.0,0.0,2610.8652517916776,0.15217794841592985,0.0,21.714285714285715,0,0,229.3989227018389,28,4,32,0.875,false,0,0.0,0.0,0.0,1415.5832213796714,91.85543901578993,1507.4386603954613
baseline,greedy,132,6,164,0.0,0.0,11,132,0.9505685070431252,0.0,0.0,0.0,2708.72122449224,0.14310873603180171,0.0,25.366666666666667,0,0,265.9299767996938,30,2,32,0.9375,false,0,0.0,0.0,0.0,1766.3817600088641,91.85543901578993,1858.237199024654
baseline,greedy,132,7,164,0.0,0.0,14,132,0.9381599697123136,0.0,0.0,0.0,2935.452990167299,0.13245228812908919,0.0,42.03225806451613,0,0,274.87693385583367,31,1,32,0.96875,false,0,0.0,0.0,0.0,1946.9541793756844,128.3360080458883,2075.2901874215727
baseline,greedy,132,8,164,0.0,0.0,15,132,0.934490981562065,0.0,0.0,0.0,2656.4627012953797,0.11825263636827042,0.0,48.43333333333333,0,0,259.2809723343086,30,2,32,0.9375,false,0,0.0,0.0,0.0,2048.9668372591777,143.63520779661417,2192.6020450557917
baseline,greedy,132,9,164,0.0,0.0,13,132,0.9351326219295203,0.0,0.0,0.0,2849.8287179799318,0.1287082338924652,0.0,29.966666666666665,0,0,271.2691078544984,30,2,32,0.9375,false,0,0.0,0.0,0.0,1970.9119176353593,136.71631756474278,2107.628235200102
baseline,greedy,132,10,164,0.0,0.0,12,132,0.9559450267864943,0.0,0.0,0.0,2749.6521582099654,0.11930128207236487,0.0,22.3,0,0,263.7136419778987,30,2,32,0.9375,false,0,0.0,0.0,0.0,2113.1017216697805,97.38283806812106,2210.4845597379017
baseline,pairs,6,1,38,0.0,0.0,6,6,0.549597091820946,0.0,0.0,0.0,2980.682846737667,1.4890920653312052,0.0,334.95454545454544,0,0,220.62366928319625,22,10,32,0.6875,false,0,0.0,0.0,0.0,81.42822720497229,66.73163101986147,148.15985822483376
baseline,pairs,6,2,38,0.0,0.0,6,6,0.6784810919622255,0.0,0.0,0.0,2431.8046427938543,1.1281521254397662,0.0,566.4736842105264,0,0,107.54958266630393,19,13,32,0.59375,false,0,0.0,0.0,0.0,64.68131082860025,30.651207048259593,95.33251787685984
baseline,pairs,6,3,38,0.0,0.0,6,6,0.5833695344102768,0.0,0.0,0.0,3024.5069722774274,1.5943764254128459,0.0,804.5263157894736,0,0,147.34632641251397,19,13,32,0.59375,false,0,0.0,0.0,0.0,53.91283793855348,38.50343469565854,92.41627263421202
baseline,pairs,6,4,38,0.0,0.0,6,6,0.6883586084924911,0.0,0.0,0.0,2560.197852466276,1.1352103263916773,0.0,452.15,0,0,119.72598618402034,20,12,32,0.625,false,0,0.0,0.0,0.0,72.59836466778961,32.86754187005467,105.46590653784429
baseline,pairs,6,5,38,0.0,0.0,5,6,0.6202158438282332,0.0,0.0,0.0,3148.2737628189175,1.1782398822156126,0.0,369.6,0,0,110.842238992105,15,17,32,0.46875,false,0,0.0,0.0,0.0,58.346448652736115,35.72797597433771,94.07442462707382
baseline,pairs,6,6,38,0.0,0.0,6,6,0.525038387370714,0.0,0.0,0.0,3230.8996258527627,1.7070558951408352,0.0,424.72727272727275,0,0,216.80060860688837,22,10,32,0.6875,false,0,0.0,0.0,0.0,66.68126231130758,60.32137961975931,127.00264193106689
baseline,pairs,6,7,38,0.0,0.0,6,6,0.3960891731528791,0.0,0.0,0.0,2708.2323110078128,1.8181288444281802,0.0,171.61904761904762,0,0,181.60303698305756,21,11,32,0.65625,false,0,0.0,0.0,0.0,39.56320091456116,60.321379619759306,99.88458053432046
baseline,pairs,6,8,38,0.0,0.0,6,6,0.560239723079064,0.0,0.0,0.0,2892.746495220001,1.563582679159677,0.0,212.3181818181818,0,0,123.89302675801426,22,10,32,0.6875,false,0,0.0,0.0,0.0,44.39150927384293,34.845123626566675,79.2366329004096
baseline,pairs,6,9,38,0.0,0.0,6,6,0.6261241802659938,0.0,0.0,0.0,2736.9233647873134,1.3267393878523221,0.0,527.95,0,0,136.63366466083198,20,12,32,0.625,false,0,0.0,0.0,0.0,64.4811197027826,38.50343469565854,102.98455439844115
baseline,pairs,6,10,38,0.0,0.0,6,6,0.5603522358977179,0.0,0.0,0.0,2766.65825449769,1.6244912523553456,0.0,331.4,0,0,142.26955748643582,20,12,32,0.625,false,0,0.0,0.0,0.0,49.07448071641866,38.50343469565854,87.5779154120772
baseline,pairs,13,1,45,0.0,0.0,10,13,0.6962621015326093,0.0,0.0,0.0,3385.3351547725388,0.8335312615146288,0.0,582.2413793103449,0,0,248.41444222717283,29,3,32,0.90625,false,0,0.0,0.0,0.0,207.50458870834657,90.52195654176589,298.02654525011246
baseline,pairs,13,2,45,0.0,0.0,11,13,0.713198589145037,0.0,0.0,0.0,2837.6437485530323,0.8720919436812534,0.0,182.1290322580645,0,0,279.3096034994239,31,1,32,0.96875,false,0,0.0,0.0,0.0,228.4199694697064,91.85543901578993,320.2754084854963
baseline,pairs,13,3,45,0.0,0.0,11,13,0.5125728557201693,0.0,0.0,0.0,2928.0277423824905,1.2706209841150558,0.0,358.43333333333334,0,0,256.15817610129915,30,2,32,0.9375,false,0,0.0,0.0,0.0,103.33508534943545,98.2656904158921,201.60077576532754
baseline,pairs,13,4,45,0.0,0.0,10,13,0.6246001803683858,0.0,0.0,0.0,3238.543725148411,1.1503021629831147,0.0,208.09677419354838,0,0,263.79525974685833,31,1,32,0.96875,false,0,0.0,0.0,0.0,143.23763974408132,86.0892868981757,229.326926642257
baseline,pairs,13,5,45,0.0,0.0,9,13,0.6339741853590518,0.0,0.0,0.0,3121.921009554106,0.8376614883919051,0.0,172.24,0,0,211.80361390506417,25,7,32,0.78125,false,0,0.0,0.0,0.0,160.30105889115842,92.5500233660344,252.85108225719281
baseline,pairs,13,6,45,0.0,0.0,9,13,0.6002595955505053,0.0,0.0,0.0,3237.8753128806657,0.9405719331043532,0.0,142.20833333333334,0,0,189.55864791815372,24,8,32,0.75,false,0,0.0,0.0,0.0,120.97362607547382,80.56188784584458,201.5355139213184
baseline,pairs,13,7,45,0.0,0.0,10,13,0.6518984537148014,0.0,0.0,0.0,2816.839012553869,1.1631117639163442,0.0,297.65625,0,0,302.4610308975487,32,0,32,1.0,false,0,0.0,0.0,0.0,169.52272728046995,90.52195654176587,260.0446838222358
baseline,pairs,13,8,45,0.0,0.0,10,13,0.6364129690267535,0.0,0.0,0.0,2925.3770327762118,0.9319988757477538,0.0,285.3448275862069,0,0,226.357744237789,29,3,32,0.90625,false,0,0.0,0.0,0.0,154.5677873881459,88.30562171997079,242.87340910811668
baseline,pairs,13,9,45,0.0,0.0,10,13,0.6450325349704135,0.0,0.0,0.0,2607.159748186915,0.8650301957540283,0.0,219.17857142857142,0,0,215.19445235985404,28,4,32,0.875,false,0,0.0,0.0,0.0,160.4654077956794,88.30562171997079,248.77102951565018
baseline,pairs,13,10,45,0.0,0.0,10,13,0.6401157701851423,0.0,0.0,0.0,2915.681355187718,1.1120242864410426,0.0,119.96774193548387,0,0,266.01159456865344,31,1,32,0.96875,false,0,0.0,0.0,0.0,153.1245484578895,86.0892868981757,239.21383535606518
baseline,pairs,32,1,64,0.0,0.0,13,32,0.8423992200474084,0.0,0.0,0.0,3225.4799740429276,0.3719829455558736,0.0,272.71875,0,0,289.1630219667783,32,0,32,1.0,false,0,0.0,0.0,0.0,654.8437423854347,122.51184722275786,777.3555896081925
baseline,pairs,32,2,64,0.0,0.0,9,32,0.8982486801302008,0.0,0.0,0.0,3057.0888071225145,0.3835500541435119,0.0,198.38709677419354,0,0,282.4323997324334,31,1,32,0.96875,false,0,0.0,0.0,0.0,661.4378685258622,74.9259950202407,736.363863546103
baseline,pairs,32,3,64,0.0,0.0,12,32,0.7713388447242259,0.0,0.0,0.0,2920.3401674853567,0.5250874070702537,0.0,87.41379310344827,0,0,238.34587975797882,29,3,32,0.90625,false,0,0.0,0.0,0.0,350.12349003582403,103.79308946822323,453.91657950404726
baseline,pairs,32,4,64,0.0,0.0,11,32,0.8177713565660116,0.0,0.0,0.0,2616.5216466663346,0.5081828298424471,0.0,38.333333333333336,0,0,256.15817610129903,30,2,32,0.9375,false,0,0.0,0.0,0.0,412.2115247986236,91.85543901578993,504.0669638144135
baseline,pairs,32,5,64,0.0,0.0,12,32,0.8322122395871655,0.0,0.0,0.0,2975.020528560059,0.3900382011746095,0.0,90.2258064516129,0,0,277.0932686776288,31,1,32,0.96875,false,0,0.0,0.0,0.0,591.2251902666942,119.20078299222183,710.425973258916
baseline,pairs,32,6,64,0.0,0.0,15,32,0.8273087050663303,0.0,0.0,0.0,3022.925337820555,0.3449221711767558,0.0,65.15625,0,0,298.02836125395856,32,0,32,1.0,false,0,0.0,0.0,0.0,714.8321512092716,149.21309191670184,864.0452431259735
baseline,pairs,32,7,64,0.0,0.0,11,32,0.769901757548428,0.0,0.0,0.0,2780.228633185769,0.6412462296023574,0.0,93.96666666666667,0,0,261.49730715610366,30,2,32,0.9375,false,0,0.0,0.0,0.0,313.9624485566335,93.83302077230194,407.79546932893544
baseline,pairs,32,8,64,0.0,0.0,10,32,0.8251568869998812,0.0,0.0,0.0,3219.08636727812,0.5136436148754147,0.0,135.46666666666667,0,0,265.92997679969375,30,2,32,0.9375,false,0,0.0,0.0,0.0,427.2105122327084,90.52195654176589,517.7324687744743
baseline,pairs,32,9,64,0.0,0.0,12,32,0.8762270856709845,0.0,0.0,0.0,2980.880954333596,0.28502702037184346,0.0,134.75862068965517,0,0,233.9132101143887,29,3,32,0.90625,false,0,0.0,0.0,0.0,719.0935446438912,101.57675464642814,820.6702992903193
baseline,pairs,32,10,64,0.0,0.0,13,32,0.7756216075411988,0.0,0.0,0.0,2930.948425155158,0.4917010249473596,0.0,64.46666666666667,0,0,259.2809723343085,30,2,32,0.9375,false,0,0.0,0.0,0.0,408.99635014653705,118.31793064445078,527.3142807909878
baseline,pairs,66,1,98,0.0,0.0,12,66,0.9228254676668591,0.0,0.0,0.0,2985.4423747694464,0.17330329705856953,0.0,31.0,0,0,262.7005303381174,30,2,32,0.9375,false,0,0.0,0.0,0.0,1398.8582091642184,116.98444817042673,1515.842657334645
baseline,pairs,66,2,98,0.0,0.0,12,66,0.8993026586069589,0.0,0.0,0.0,2584.4273965336843,0.25560481461593165,0.0,40.93333333333333,0,0,261.4973071561037,30,2,32,0.9375,false,0,0.0,0.0,0.0,920.0344050537574,103.01873089372492,1023.0531359474822
baseline,pairs,66,3,98,0.0,0.0,13,66,0.8616822772788891,0.0,0.0,0.0,2949.3506984710875,0.2510282261055251,0.0,18.928571428571427,0,0,240.07718481144803,28,4,32,0.875,false,0,0.0,0.0,0.0,824.0916112918351,132.2836479211526,956.3752592129877
baseline,pairs,66,4,98,0.0,0.0,12,66,0.904137791191431,0.0,0.0,0.0,3144.151532233994,0.236805844879635,0.0,79.75862068965517,0,0,240.56221457977395,29,3,32,0.90625,false,0,0.0,0.0,0.0,918.4798181177863,97.38283806812106,1015.8626561859073
baseline,pairs,66,5,98,0.0,0.0,13,66,0.8992220926663337,0.0,0.0,0.0,2882.058043106136,0.22906646095311908,0.0,25.862068965517242,0,0,233.91321011438873,29,3,32,0.90625,false,0,0.0,0.0,0.0,918.2484656468708,102.91023712045221,1021.158702767323
baseline,pairs,66,6,98,0.0,0.0,16,66,0.8594396878515204,0.0,0.0,0.0,2934.9988729222573,0.29378190320666564,0.0,48.96666666666667,0,0,269.0527730327033,30,2,32,0.9375,false,0,0.0,0.0,0.0,787.0962395806482,128.72862946662514,915.8248690472734
baseline,pairs,66,7,98,0.0,0.0,13,66,0.8891888699518347,0.0,0.0,0.0,2905.1530867706815,0.26161933974930707,0.0,19.266666666666666,0,0,271.2691078544984,30,2,32,0.9375,false,0,0.0,0.0,0.0,921.986393273216,114.89837264064202,1036.884765913858
baseline,pairs,66,8,98,0.0,0.0,12,66,0.8755511450659264,0.0,0.0,0.0,2730.840483355099,0.2786525077089141,0.0,5.407407407407407,0,0,213.08661131133172,27,5,32,0.84375,false,0,0.0,0.0,0.0,669.5372242145667,95.16650324632599,764.7037274608927
baseline,pairs,66,9,98,0.0,0.0,14,66,0.8862793743471721,0.0,0.0,0.0,3402.5373222584967,0.25394007845517336,0.0,39.96875,0,0,295.81202643216346,32,0,32,1.0,false,0,0.0,0.0,0.0,1032.4171722146914,132.47191591867917,1164.8890881333705
baseline,pairs,66,10,98,0.0,0.0,15,66,0.8670783776318415,0.0,0.0,0.0,3028.757944896249,0.24966794364910336,0.0,46.096774193548384,0,0,268.22792939044854,31,1,32,0.96875,false,0,0.0,0.0,0.0,931.5358409740061,142.80284051659964,1074.3386814906057
baseline,pairs,132,1,164,0.0,0.0,15,132,0.9334513783897811,0.0,0.0,0.0,2876.013008148928,0.11323275800038123,0.0,23.06896551724138,0,0,227.26420564900346,29,3,32,0.90625,false,0,0.0,0.0,0.0,1873.4868757767672,133.56664532742013,2007.0535211041872
baseline,pairs,132,2,164,0.0,0.0,19,132,0.8939799949462309,0.0,0.0,0.0,2897.3788533972356,0.15306829103393355,0.0,25.566666666666666,0,0,252.63196786892328,30,2,32,0.9375,false,0,0.0,0.0,0.0,1475.4716593043327,174.98099919511824,1650.452658499451
baseline,pairs,132,3,164,0.0,0.0,17,132,0.9244970311790603,0.0,0.0,0.0,2621.193823954454,0.12106175131034336,0.0,59.148148148148145,0,0,199.59849083832884,27,5,32,0.84375,false,0,0.0,0.0,0.0,1524.2486599654044,124.48422782056153,1648.7328877859659
baseline,pairs,132,4,164,0.0,0.0,15,132,0.9361261152603224,0.0,0.0,0.0,2921.224000512839,0.12187287531453497,0.0,21.566666666666666,0,0,254.84830269071838,30,2,32,0.9375,false,0,0.0,0.0,0.0,1957.5328059080944,133.56664532742013,2091.0994512355146
baseline,pairs,132,5,164,0.0,0.0,14,132,0.9280174337795091,0.0,0.0,0.0,2946.97239464882,0.13788055307088348,0.0,28.928571428571427,0,0,222.74991823645365,28,4,32,0.875,false,0,0.0,0.0,0.0,1499.238310932202,116.28986382018229,1615.5281747523843
baseline,pairs,132,6,164,0.0,0.0,15,132,0.9294016727876608,0.0,0.0,0.0,2808.554557825573,0.13906998821799166,0.0,14.466666666666667,0,0,254.8483026907184,30,2,32,0.9375,false,0,0.0,0.0,0.0,1703.1456021739089,129.37272874911307,1832.518330923022
baseline,pairs,132,7,164,0.0,0.0,13,132,0.9369667231927201,0.0,0.0,0.0,2950.2916998447186,0.131739649519662,0.0,31.161290322580644,0,0,277.09326867762877,31,1,32,0.96875,false,0,0.0,0.0,0.0,1970.7595467140573,132.5804096919519,2103.339956406009
baseline,pairs,132,8,164,0.0,0.0,13,132,0.9432696342797148,0.0,0.0,0.0,2736.456339277175,0.11068792264583413,0.0,24.379310344827587,0,0,230.38700188201292,29,3,32,0.90625,false,0,0.0,0.0,0.0,1963.3312995076367,118.07917757916769,2081.4104770868043
baseline,pairs,132,9,164,0.0,0.0,10,132,0.9588727286852025,0.0,0.0,0.0,2803.1178075832677,0.11499702489947058,0.0,59.5,0,0,268.0396613929219,30,2,32,0.9375,false,0,0.0,0.0,0.0,2234.9788765437183,95.86108759657043,2330.839964140289
baseline,pairs,132,10,164,0.0,0.0,15,132,0.9423840254811363,0.0,0.0,0.0,2879.7188248766324,0.10887103644523341,0.0,13.566666666666666,0,0,248.19929822533314,30,2,32,0.9375,false,0,0.0,0.0,0.0,2148.40476788189,131.35031050562506,2279.7550783875154
