scenario,drivers,capacity,seed,agents_spawned,cost_per_passenger_served,decision_latency_ms,drivers_active,drivers_total,empty_distance_share,fleet_utilisation,incentive_paid,invalid_action_rate,mean_journey_time_s,mean_occupancy,mean_time_to_pickup_s,mean_wait_s,model_calls,model_decisions,passenger_km,passengers_served,passengers_unserved,riders_total,service_rate,stopped_by_clock,stranded,taxi_km_empty_to_pickup,tokens_per_decision,usd_per_decision,vehicle_km_empty,vehicle_km_loaded,vehicle_km_total
baseline,6,2,1,38,0.0,0.0,6,6,0.19413725028663395,0.0,0.0,0.0,2866.738398767538,0.8058627497133662,0.0,372.1666666666667,0,0,66.73163101986148,6,26,32,0.1875,false,0,0.0,0.0,0.0,16.076056819782394,66.73163101986147,82.80768783964386
baseline,6,2,2,38,0.0,0.0,6,6,0.15414637103391315,0.0,0.0,0.0,2570.0087060579635,0.8458536289660868,0.0,514.5,0,0,64.51529619806638,6,26,32,0.1875,false,0,0.0,0.0,0.0,11.757115468388761,64.51529619806638,76.27241166645514
baseline,6,2,3,38,0.0,0.0,6,6,0.2335301814207252,0.0,0.0,0.0,3476.84481975786,0.7664698185792748,0.0,1178.3333333333333,0,0,66.73163101986147,6,26,32,0.1875,false,0,0.0,0.0,0.0,20.33198114370022,66.73163101986147,87.06361216356169
baseline,6,2,4,38,0.0,0.0,5,6,0.48935300447575336,0.0,0.0,0.0,2835.754108193527,0.5106469955242466,0.0,835.4,0,0,43.58020362173666,5,27,32,0.15625,false,0,0.0,0.0,0.0,41.762908163334785,43.58020362173666,85.34311178507144
baseline,6,2,5,38,0.0,0.0,4,6,0.3919360931591957,0.0,0.0,0.0,2827.1775027845765,0.6080639068408042,0.0,542.75,0,0,51.24416327160903,4,28,32,0.125,false,0,0.0,0.0,0.0,33.0301419372761,51.24416327160904,84.27430520888514
baseline,6,2,6,38,0.0,0.0,4,6,0.5561262667781394,0.0,0.0,0.0,2599.4831999957455,0.44387373322186063,0.0,690.75,0,0,35.83646974761044,4,28,32,0.125,false,0,0.0,0.0,0.0,44.89925995527413,35.83646974761044,80.73572970288457
baseline,6,2,7,38,0.0,0.0,6,6,0.2245465183810295,0.0,0.0,0.0,2608.584095021036,0.7754534816189707,0.0,141.0,0,0,66.73163101986148,6,26,32,0.1875,false,0,0.0,0.0,0.0,19.32334532835351,66.73163101986147,86.05497634821498
baseline,6,2,8,38,0.0,0.0,4,6,0.383497894268256,0.0,0.0,0.0,3082.2975809618792,0.6165021057317441,0.0,846.5,0,0,51.24416327160904,4,28,32,0.125,false,0,0.0,0.0,0.0,31.87666112652642,51.24416327160903,83.12082439813545
baseline,6,2,9,38,0.0,0.0,5,6,0.29486784966611174,0.0,0.0,0.0,2762.407870770718,0.7051321503338882,0.0,510.8,0,0,58.98789714573525,5,27,32,0.15625,false,0,0.0,0.0,0.0,24.667198027281323,58.98789714573525,83.65509517301658
baseline,6,2,10,38,0.0,0.0,6,6,0.25161906775080234,0.0,0.0,0.0,2454.806737684422,0.7483809322491977,0.0,473.0,0,0,66.73163101986147,6,26,32,0.1875,false,0,0.0,0.0,0.0,22.43636905104495,66.73163101986147,89.16800007090642
baseline,6,5,1,38,0.0,0.0,6,6,0.19413725028663395,0.0,0.0,0.0,2814.5411233028763,2.3411403088461094,0.0,158.25,0,0,193.86441588373606,20,12,32,0.625,false,0,0.0,0.0,0.0,16.076056819782394,66.73163101986147,82.80768783964386
baseline,6,5,2,38,0.0,0.0,6,6,0.15414637103391315,0.0,0.0,0.0,2755.898781843364,2.0799798416619395,0.0,514.2352941176471,0,0,158.64507874116762,17,15,32,0.53125,false,0,0.0,0.0,0.0,11.757115468388761,64.51529619806638,76.27241166645514
baseline,6,5,3,38,0.0,0.0,6,6,0.2335301814207252,0.0,0.0,0.0,3011.4046954883797,2.2681374799163065,0.0,732.047619047619,0,0,197.4722418850715,21,11,32,0.65625,false,0,0.0,0.0,0.0,20.33198114370022,66.73163101986147,87.06361216356169
baseline,6,5,4,38,0.0,0.0,5,6,0.48935300447575336,0.0,0.0,0.0,2581.059230381963,1.7290389112961604,0.0,424.3333333333333,0,0,147.56156108748644,18,14,32,0.5625,false,0,0.0,0.0,0.0,41.762908163334785,43.58020362173666,85.34311178507144
baseline,6,5,5,38,0.0,0.0,4,6,0.3919360931591957,0.0,0.0,0.0,3182.5328295960517,1.5652997027238436,0.0,240.5,0,0,131.91454489072638,12,20,32,0.375,false,0,0.0,0.0,0.0,33.0301419372761,51.24416327160904,84.27430520888514
baseline,6,5,6,38,0.0,0.0,4,6,0.5561262667781394,0.0,0.0,0.0,2688.339663802129,1.7754949328874425,0.0,370.125,0,0,143.34587899044175,16,16,32,0.5,false,0,0.0,0.0,0.0,44.89925995527413,35.83646974761044,80.73572970288457
baseline,6,5,7,38,0.0,0.0,6,6,0.2245465183810295,0.0,0.0,0.0,2722.592989310565,2.408274935139936,0.0,37.95238095238095,0,0,207.24404258346615,21,11,32,0.65625,false,0,0.0,0.0,0.0,19.32334532835351,66.73163101986147,86.05497634821498
baseline,6,5,8,38,0.0,0.0,4,6,0.383497894268256,0.0,0.0,0.0,3205.2297749836894,1.7479876149269238,0.0,446.7692307692308,0,0,145.29417159045644,13,19,32,0.40625,false,0,0.0,0.0,0.0,31.87666112652642,51.24416327160903,83.12082439813545
baseline,6,5,9,38,0.0,0.0,5,6,0.29486784966611174,0.0,0.0,0.0,2480.803169017486,1.9902829115693987,0.0,376.88235294117646,0,0,166.49730638856659,17,15,32,0.53125,false,0,0.0,0.0,0.0,24.667198027281323,58.98789714573525,83.65509517301658
baseline,6,5,10,38,0.0,0.0,6,6,0.25161906775080234,0.0,0.0,0.0,2957.551831756434,2.3874028265721767,0.0,164.61904761904762,0,0,212.87993540907001,21,11,32,0.65625,false,0,0.0,0.0,0.0,22.43636905104495,66.73163101986147,89.16800007090642
baseline,13,2,1,45,0.0,0.0,12,13,0.261950984993297,0.0,0.0,0.0,3254.4273143111045,0.7380490150067032,0.0,982.9166666666666,0,0,139.09915486532682,12,20,32,0.375,false,0,0.0,0.0,0.0,49.36956745125741,139.0991548653268,188.4687223165842
baseline,13,2,2,45,0.0,0.0,9,13,0.5131324376448669,0.0,0.0,0.0,2330.162472778508,0.4868675623551331,0.0,545.0,0,0,85.05256619495096,9,23,32,0.28125,false,0,0.0,0.0,0.0,89.64086744339757,85.05256619495096,174.69343363834852
baseline,13,2,3,45,0.0,0.0,13,13,0.1904461677104856,0.0,0.0,0.0,2816.1080308837213,0.8095538322895144,0.0,765.0,0,0,146.84288873945303,13,19,32,0.40625,false,0,0.0,0.0,0.0,34.544540832912645,146.84288873945303,181.38742957236568
baseline,13,2,4,45,0.0,0.0,13,13,0.19885126653775295,0.0,0.0,0.0,2686.4202776480056,0.801148733462247,0.0,575.0,0,0,142.41021909586286,13,19,32,0.40625,false,0,0.0,0.0,0.0,35.347309747030494,142.41021909586286,177.75752884289335
baseline,13,2,5,45,0.0,0.0,11,13,0.28849689305927745,0.0,0.0,0.0,2463.536274401893,0.7115031069407226,0.0,342.1818181818182,0,0,131.3554209912006,11,21,32,0.34375,false,0,0.0,0.0,0.0,53.26137085387592,131.3554209912006,184.6167918450765
baseline,13,2,6,45,0.0,0.0,12,13,0.27421499855138315,0.0,0.0,0.0,2741.762135783904,0.7257850014486167,0.0,405.8333333333333,0,0,136.88282004353172,12,20,32,0.375,false,0,0.0,0.0,0.0,51.71686136394163,136.88282004353175,188.59968140747338
baseline,13,2,7,45,0.0,0.0,13,13,0.20637658750414029,0.0,0.0,0.0,2598.7645392642034,0.7936234124958595,0.0,478.38461538461536,0,0,146.84288873945303,13,19,32,0.40625,false,0,0.0,0.0,0.0,38.18553460008536,146.84288873945306,185.02842333953842
baseline,13,2,8,45,0.0,0.0,12,13,0.34525433703785036,0.0,0.0,0.0,2875.678066789708,0.6547456629621496,0.0,688.5,0,0,119.25879169773805,12,20,32,0.375,false,0,0.0,0.0,0.0,62.886426581672396,119.25879169773805,182.14521827941044
baseline,13,2,9,45,0.0,0.0,11,13,0.25004489803660723,0.0,0.0,0.0,2781.7252090668608,0.7499551019633928,0.0,561.2727272727273,0,0,131.35542099120062,11,21,32,0.34375,false,0,0.0,0.0,0.0,43.79562558120128,131.35542099120062,175.1510465724019
baseline,13,2,10,45,0.0,0.0,13,13,0.23970058295207647,0.0,0.0,0.0,2636.9149856998465,0.7602994170479235,0.0,376.7692307692308,0,0,146.84288873945306,13,19,32,0.40625,false,0,0.0,0.0,0.0,46.29534791685256,146.84288873945306,193.13823665630562
baseline,13,5,1,45,0.0,0.0,9,13,0.5267730742190438,0.0,0.0,0.0,3001.547805090183,1.5977587406662601,0.0,298.4516129032258,0,0,301.1275484235247,31,1,32,0.96875,false,0,0.0,0.0,0.0,99.28024824884238,89.18847406774182,188.4687223165842
baseline,13,5,2,45,0.0,0.0,8,13,0.5897216168777204,0.0,0.0,0.0,2517.297490857086,1.089722734105878,0.0,178.7391304347826,0,0,190.3674061347249,23,9,32,0.71875,false,0,0.0,0.0,0.0,103.02049414312765,71.67293949522087,174.69343363834852
baseline,13,5,3,45,0.0,0.0,10,13,0.46560680544184946,0.0,0.0,0.0,2557.2124159596065,1.4048641310373227,0.0,224.75862068965517,0,0,254.82469362727508,29,3,32,0.90625,false,0,0.0,0.0,0.0,84.45522163049763,96.93220794186804,181.38742957236568
baseline,13,5,4,45,0.0,0.0,10,13,0.4354570149635109,0.0,0.0,0.0,2727.889272533743,1.5388571902547898,0.0,281.06666666666666,0,0,273.54345138180963,30,2,32,0.9375,false,0,0.0,0.0,0.0,77.40576289721653,100.35176594567682,177.75752884289335
baseline,13,5,5,45,0.0,0.0,9,13,0.4334417441317385,0.0,0.0,0.0,2858.776672429627,1.0836469998717564,0.0,134.38095238095238,0,0,200.0594326088657,21,11,32,0.65625,false,0,0.0,0.0,0.0,80.02062425333608,104.59616759174042,184.6167918450765
baseline,13,5,6,45,0.0,0.0,9,13,0.538853201676191,0.0,0.0,0.0,3049.095917528841,1.137624160522959,0.0,41.68,0,0,214.55555423607439,25,7,32,0.78125,false,0,0.0,0.0,0.0,101.62754216152663,86.97213924594675,188.59968140747338
baseline,13,5,7,45,0.0,0.0,11,13,0.40381141096809114,0.0,0.0,0.0,2581.4589485688502,1.585614843677402,0.0,111.13333333333334,0,0,293.3838145493984,30,2,32,0.9375,false,0,0.0,0.0,0.0,74.7165886979403,110.31183464159813,185.02842333953842
baseline,13,5,8,45,0.0,0.0,11,13,0.418710158860226,0.0,0.0,0.0,2842.4622381428194,1.2475792597364448,0.0,381.64285714285717,0,0,227.24059658556,28,4,32,0.875,false,0,0.0,0.0,0.0,76.26605328140249,105.87916499800795,182.14521827941044
baseline,13,5,9,45,0.0,0.0,9,13,0.4586137579592007,0.0,0.0,0.0,2589.071491416066,1.3664618657022312,0.0,287.81481481481484,0,0,239.33722587902267,27,5,32,0.84375,false,0,0.0,0.0,0.0,80.32667967905621,94.82436689334568,175.1510465724019
baseline,13,5,10,45,0.0,0.0,9,13,0.538214309026467,0.0,0.0,0.0,2590.5559948588666,1.3991656537289354,0.0,110.51724137931035,0,0,270.2323871512737,29,3,32,0.90625,false,0,0.0,0.0,0.0,103.9497625885638,89.18847406774182,193.13823665630562
baseline,32,2,1,64,0.0,0.0,28,32,0.3362887701858238,0.0,0.0,0.0,2487.8187197035636,0.6637112298141763,0.0,468.64285714285717,0,0,284.0678451359651,28,4,32,0.875,false,0,0.0,0.0,0.0,143.9313092786702,284.06784513596506,427.99915441463526
baseline,32,2,2,64,0.0,0.0,25,32,0.36886266190615324,0.0,0.0,0.0,2621.722326088741,0.6311373380938468,0.0,290.76,0,0,259.6334203315727,25,7,32,0.78125,false,0,0.0,0.0,0.0,151.74046718982538,259.6334203315727,411.3738875213981
baseline,32,2,3,64,0.0,0.0,25,32,0.4444177267974067,0.0,0.0,0.0,2192.6789200520934,0.5555822732025932,0.0,113.32,0,0,234.4539261091794,25,7,32,0.78125,false,0,0.0,0.0,0.0,187.54284631787337,234.45392610917943,421.9967724270528
baseline,32,2,4,64,0.0,0.0,23,32,0.46956981468831394,0.0,0.0,0.0,2424.706082963192,0.5304301853116861,0.0,286.9130434782609,0,0,221.182793182722,23,9,32,0.71875,false,0,0.0,0.0,0.0,195.80477522414154,221.182793182722,416.98756840686355
baseline,32,2,5,64,0.0,0.0,23,32,0.4291114605428527,0.0,0.0,0.0,2212.818782392839,0.5708885394571475,0.0,260.0869565217391,0,0,243.00073810682284,23,9,32,0.71875,false,0,0.0,0.0,0.0,182.6528200078487,243.00073810682275,425.65355811467145
baseline,32,2,6,64,0.0,0.0,24,32,0.39151774351681706,0.0,0.0,0.0,2659.367072117709,0.6084822564831831,0.0,227.70833333333334,0,0,257.52557928305043,24,8,32,0.75,false,0,0.0,0.0,0.0,165.7005321428755,257.5255792830504,423.22611142592586
baseline,32,2,7,64,0.0,0.0,26,32,0.38718438804956057,0.0,0.0,0.0,2359.1409450190777,0.6128156119504394,0.0,249.03846153846155,0,0,255.38901868550917,26,6,32,0.8125,false,0,0.0,0.0,0.0,161.3579011141832,255.38901868550917,416.74691979969236
baseline,32,2,8,64,0.0,0.0,22,32,0.4892798561086132,0.0,0.0,0.0,2358.7664205920996,0.5107201438913868,0.0,169.4090909090909,0,0,220.9945251851955,22,10,32,0.6875,false,0,0.0,0.0,0.0,211.71706418221683,220.9945251851955,432.71158936741233
baseline,32,2,9,64,0.0,0.0,22,32,0.48678710413515,0.0,0.0,0.0,2365.149331383711,0.5132128958648501,0.0,259.8636363636364,0,0,217.63297588690295,22,10,32,0.6875,false,0,0.0,0.0,0.0,206.42685900901247,217.63297588690293,424.0598348959154
baseline,32,2,10,64,0.0,0.0,24,32,0.4401634055391742,0.0,0.0,0.0,2311.267828346206,0.5598365944608258,0.0,217.95833333333334,0,0,238.69832775524299,24,8,32,0.75,false,0,0.0,0.0,0.0,187.67309940223225,238.69832775524299,426.37142715747524
baseline,32,5,1,64,0.0,0.0,13,32,0.6954104382555316,0.0,0.0,0.0,2739.8237240429276,0.6859725973335452,0.0,158.53125,0,0,293.5956916103684,32,0,32,1.0,false,0,0.0,0.0,0.0,297.63507954447846,130.36407487015683,427.99915441463526
baseline,32,5,2,64,0.0,0.0,12,32,0.7339914233420198,0.0,0.0,0.0,2897.9920329289653,0.6973341723375719,0.0,80.61290322580645,0,0,286.86506937602354,31,1,32,0.96875,false,0,0.0,0.0,0.0,301.944905227571,109.42898229382709,411.3738875213981
baseline,32,5,3,64,0.0,0.0,13,32,0.7089821130923789,0.0,0.0,0.0,2599.8038461172464,0.6017625201704615,0.0,39.46666666666667,0,0,253.94184127950402,30,2,32,0.9375,false,0,0.0,0.0,0.0,299.1881634334956,122.80860899355717,421.9967724270528
baseline,32,5,4,64,0.0,0.0,14,32,0.6600231504382627,0.0,0.0,0.0,2554.621646666334,0.6143065057789927,0.0,1.0,0,0,256.15817610129903,30,2,32,0.9375,false,0,0.0,0.0,0.0,275.2214485934886,141.7661198133749,416.98756840686355
baseline,32,5,5,64,0.0,0.0,15,32,0.648752252066872,0.0,0.0,0.0,2550.9560124310265,0.656189988723594,0.0,39.16129032258065,0,0,279.30960349942393,31,1,32,0.96875,false,0,0.0,0.0,0.0,276.1437044271703,149.50985368750113,425.65355811467145
baseline,32,5,6,64,0.0,0.0,14,32,0.6320363208087805,0.0,0.0,0.0,2672.4253378205544,0.7094191212923383,0.0,9.4375,0,0,300.2446960757536,32,0,32,1.0,false,0,0.0,0.0,0.0,267.4942743358491,155.7318370900767,423.22611142592586
baseline,32,5,7,64,0.0,0.0,13,32,0.7241578140483642,0.0,0.0,0.0,2626.3208305644594,0.6489412431463956,0.0,78.38709677419355,0,0,270.4442642122436,31,1,32,0.96875,false,0,0.0,0.0,0.0,301.79053845353417,114.95638134615822,416.74691979969236
baseline,32,5,8,64,0.0,0.0,16,32,0.6565217919006742,0.0,0.0,0.0,2826.119623846824,0.5915485380874103,0.0,48.89655172413793,0,0,255.96990810377253,29,3,32,0.90625,false,0,0.0,0.0,0.0,284.08458802768223,148.6270013397301,432.71158936741233
baseline,32,5,9,64,0.0,0.0,11,32,0.7602101400509688,0.0,0.0,0.0,2593.285809397291,0.577429420995401,0.0,70.57142857142857,0,0,244.86462493135377,28,4,32,0.875,false,0,0.0,0.0,0.0,322.3745864762145,101.68524841970087,424.0598348959154
baseline,32,5,10,64,0.0,0.0,14,32,0.6295526345072472,0.0,0.0,0.0,2649.5817584884917,0.623704966753027,0.0,2.6,0,0,265.92997679969375,30,2,32,0.9375,false,0,0.0,0.0,0.0,268.4232552456034,157.9481719118718,426.37142715747524
baseline,66,2,1,98,0.0,0.0,31,66,0.6851810240088941,0.0,0.0,0.0,2126.5351284632534,0.314818975991106,0.0,105.06451612903226,0,0,274.87693385583384,31,1,32,0.96875,false,0,0.0,0.0,0.0,598.2500210568189,274.8769338558338,873.1269549126526
baseline,66,2,2,98,0.0,0.0,31,66,0.6898069347334829,0.0,0.0,0.0,2060.5827766826055,0.31019306526651724,0.0,102.51612903225806,0,0,277.0932686776288,31,1,32,0.96875,false,0,0.0,0.0,0.0,616.1996501680935,277.09326867762877,893.2929188457223
baseline,66,2,3,98,0.0,0.0,31,66,0.6756154375720957,0.0,0.0,0.0,2166.2338030698697,0.3243845624279041,0.0,11.064516129032258,0,0,286.8650693760235,31,1,32,0.96875,false,0,0.0,0.0,0.0,597.4713097319697,286.8650693760236,884.3363791079933
baseline,66,2,4,98,0.0,0.0,29,66,0.7302870748356067,0.0,0.0,0.0,2137.9791184408905,0.2697129251643934,0.0,28.862068965517242,0,0,238.34587975797888,29,3,32,0.90625,false,0,0.0,0.0,0.0,645.3562254070004,238.3458797579788,883.7021051649791
baseline,66,2,5,98,0.0,0.0,30,66,0.700999586405358,0.0,0.0,0.0,2121.6179574321563,0.299000413594642,0.0,70.13333333333334,0,0,263.71364197789876,30,2,32,0.9375,false,0,0.0,0.0,0.0,618.2705626841661,263.71364197789876,881.9842046620648
baseline,66,2,6,98,0.0,0.0,30,66,0.6987306562205085,0.0,0.0,0.0,2129.8655395889227,0.3012693437794915,0.0,21.433333333333334,0,0,271.26910785449843,30,2,32,0.9375,false,0,0.0,0.0,0.0,629.1514409187906,271.26910785449843,900.420548773289
baseline,66,2,7,98,0.0,0.0,32,66,0.6556792761568426,0.0,0.0,0.0,2178.8286904432457,0.3443207238431573,0.0,1.0,0,0,302.4610308975487,32,0,32,1.0,false,0,0.0,0.0,0.0,575.9671610556134,302.4610308975487,878.4281919531621
baseline,66,2,8,98,0.0,0.0,31,66,0.6984039573011154,0.0,0.0,0.0,2042.8565781118812,0.30159604269888446,0.0,1.0,0,0,277.09326867762877,31,1,32,0.96875,false,0,0.0,0.0,0.0,641.6630458880784,277.0932686776289,918.7563145657073
baseline,66,2,9,98,0.0,0.0,32,66,0.6649684453207966,0.0,0.0,0.0,2240.818572258496,0.33503155467920337,0.0,37.34375,0,0,300.24469607575355,32,0,32,1.0,false,0,0.0,0.0,0.0,595.9237151750654,300.24469607575367,896.168411250819
baseline,66,2,10,98,0.0,0.0,31,66,0.6951165005700968,0.0,0.0,0.0,2195.4031061865708,0.3048834994299031,0.0,36.45161290322581,0,0,274.8769338558337,31,1,32,0.96875,false,0,0.0,0.0,0.0,626.703290622768,274.8769338558338,901.5802244786018
baseline,66,5,1,98,0.0,0.0,18,66,0.789588354641202,0.0,0.0,0.0,2517.696418785835,0.314818975991106,0.0,32.645161290322584,0,0,274.87693385583384,31,1,32,0.96875,false,0,0.0,0.0,0.0,689.4108757223644,183.7160791902882,873.1269549126526
baseline,66,5,2,98,0.0,0.0,14,66,0.8601618266452938,0.0,0.0,0.0,2471.260196037444,0.31019306526651724,0.0,15.451612903225806,0,0,277.0932686776288,31,1,32,0.96875,false,0,0.0,0.0,0.0,768.3764688036428,124.91645004207953,893.2929188457223
baseline,66,5,3,98,0.0,0.0,16,66,0.8493567482205059,0.0,0.0,0.0,2597.0402546827727,0.3243845624279041,0.0,11.064516129032258,0,0,286.8650693760235,31,1,32,0.96875,false,0,0.0,0.0,0.0,751.1170712922617,133.2193078157315,884.3363791079933
baseline,66,5,4,98,0.0,0.0,17,66,0.8119269563279595,0.0,0.0,0.0,2410.1515322339937,0.2697129251643934,0.0,16.79310344827586,0,0,238.34587975797888,29,3,32,0.90625,false,0,0.0,0.0,0.0,717.5015605472119,166.2005446177673,883.7021051649791
baseline,66,5,5,98,0.0,0.0,15,66,0.8329975547326928,0.0,0.0,0.0,2551.85129076549,0.299000413594642,0.0,9.466666666666667,0,0,263.71364197789876,30,2,32,0.9375,false,0,0.0,0.0,0.0,734.6906857963588,147.29351886570606,881.9842046620648
baseline,66,5,6,98,0.0,0.0,20,66,0.7733669211929254,0.0,0.0,0.0,2555.23220625559,0.3012693437794915,0.0,1.5333333333333334,0,0,271.26910785449843,30,2,32,0.9375,false,0,0.0,0.0,0.0,696.3554675836428,204.06508118964626,900.420548773289
baseline,66,5,7,98,0.0,0.0,17,66,0.8083407701661935,0.0,0.0,0.0,2518.3911904432457,0.3443207238431573,0.0,1.0,0,0,302.4610308975487,32,0,32,1.0,false,0,0.0,0.0,0.0,710.069321219116,168.35887073404615,878.4281919531621
baseline,66,5,8,98,0.0,0.0,17,66,0.8298017300835944,0.0,0.0,0.0,2427.0823845634936,0.30159604269888446,0.0,1.0,0,0,277.09326867762877,31,1,32,0.96875,false,0,0.0,0.0,0.0,762.385579351851,156.3707352138563,918.7563145657073
baseline,66,5,9,98,0.0,0.0,17,66,0.7948772009192006,0.0,0.0,0.0,2617.9748222584963,0.33503155467920337,0.0,15.4375,0,0,300.24469607575355,32,0,32,1.0,false,0,0.0,0.0,0.0,712.343838287258,183.82457296356097,896.168411250819
baseline,66,5,10,98,0.0,0.0,16,66,0.8196580690193578,0.0,0.0,0.0,2605.4998803801195,0.3048834994299031,0.0,13.225806451612904,0,0,274.8769338558337,31,1,32,0.96875,false,0,0.0,0.0,0.0,738.9875058621699,162.5927186164319,901.5802244786018
baseline,132,2,1,164,0.0,0.0,30,132,0.8549019170150177,0.0,0.0,0.0,2033.2104145522471,0.14509808298498242,0.0,49.43333333333333,0,0,256.15817610129915,30,2,32,0.9375,false,0,0.0,0.0,0.0,1509.2557482701995,256.1581761012991,1765.4139243714985
baseline,132,2,2,164,0.0,0.0,31,132,0.8431772753654665,0.0,0.0,0.0,2085.2134280810983,0.15682272463453345,0.0,1.0,0,0,274.87693385583367,31,1,32,0.96875,false,0,0.0,0.0,0.0,1477.9107089836775,274.8769338558338,1752.7876428395114
baseline,132,2,3,164,0.0,0.0,29,132,0.8645000786635777,0.0,0.0,0.0,2062.2194492795425,0.13549992133642236,0.0,3.2413793103448274,0,0,240.5622145797739,29,3,32,0.90625,false,0,0.0,0.0,0.0,1534.8057133653683,240.56221457977392,1775.3679279451421
baseline,132,2,4,164,0.0,0.0,30,132,0.8537025848138867,0.0,0.0,0.0,2121.9573338461732,0.14629741518611322,0.0,1.0,0,0,261.49730715610366,30,2,32,0.9375,false,0,0.0,0.0,0.0,1525.93896998822,261.4973071561036,1787.4362771443236
baseline,132,2,5,164,0.0,0.0,28,132,0.8697197192342545,0.0,0.0,0.0,2028.22239464882,0.13028028076574544,0.0,14.785714285714286,0,0,229.3989227018389,28,4,32,0.875,false,0,0.0,0.0,0.0,1531.4118565926642,229.39892270183896,1760.8107792945032
baseline,132,2,6,164,0.0,0.0,31,132,0.8437890773531825,0.0,0.0,0.0,2014.9279391224927,0.1562109226468175,0.0,2.096774193548387,0,0,279.3096034994239,31,1,32,0.96875,false,0,0.0,0.0,0.0,1508.7190360274312,279.3096034994239,1788.0286395268552
baseline,132,2,7,164,0.0,0.0,31,132,0.8424639217076506,0.0,0.0,0.0,2078.7755708124596,0.15753607829234928,0.0,1.0,0,0,274.87693385583367,31,1,32,0.96875,false,0,0.0,0.0,0.0,1469.9737494633728,274.8769338558337,1744.8506833192066
baseline,132,2,8,164,0.0,0.0,31,132,0.8465783792477908,0.0,0.0,0.0,2028.1607354985906,0.1534216207522091,0.0,13.290322580645162,0,0,272.6605990340387,31,1,32,0.96875,false,0,0.0,0.0,0.0,1504.537410589469,272.6605990340387,1777.1980096235077
baseline,132,2,9,164,0.0,0.0,31,132,0.8398625643120137,0.0,0.0,0.0,2061.0989401199604,0.1601374356879863,0.0,1.0,0,0,284.64873455422844,31,1,32,0.96875,false,0,0.0,0.0,0.0,1492.8790079833843,284.6487345542285,1777.5277425376128
baseline,132,2,10,164,0.0,0.0,30,132,0.8507903240599108,0.0,0.0,0.0,2111.985491543299,0.14920967594008916,0.0,21.366666666666667,0,0,263.7136419778987,30,2,32,0.9375,false,0,0.0,0.0,0.0,1503.689445766795,263.71364197789876,1767.4030877446937
baseline,132,5,1,164,0.0,0.0,13,132,0.9360043568083515,0.0,0.0,0.0,2343.943747885581,0.14509808298498242,0.0,9.933333333333334,0,0,256.15817610129915,30,2,32,0.9375,false,0,0.0,0.0,0.0,1652.4351247818522,112.97879958964623,1765.4139243714985
baseline,132,5,2,164,0.0,0.0,21,132,0.8811098093307107,0.0,0.0,0.0,2458.1166538875505,0.15682272463453345,0.0,1.0,0,0,274.87693385583367,31,1,32,0.96875,false,0,0.0,0.0,0.0,1544.3983857795477,208.38925705996365,1752.7876428395114
baseline,132,5,3,164,0.0,0.0,20,132,0.8956622868160978,0.0,0.0,0.0,2417.7366906588527,0.13549992133642236,0.0,3.2413793103448274,0,0,240.5622145797739,29,3,32,0.90625,false,0,0.0,0.0,0.0,1590.1300982833031,185.23782966183887,1775.3679279451421
baseline,132,5,4,164,0.0,0.0,20,132,0.8921397657619143,0.0,0.0,0.0,2503.6240005128393,0.14629741518611322,0.0,1.0,0,0,261.49730715610366,30,2,32,0.9375,false,0,0.0,0.0,0.0,1594.642981605885,192.79329553843849,1787.4362771443236
baseline,132,5,5,164,0.0,0.0,16,132,0.9038512634190221,0.0,0.0,0.0,2329.2581089345344,0.13028028076574544,0.0,14.785714285714286,0,0,229.3989227018389,28,4,32,0.875,false,0,0.0,0.0,0.0,1591.5110475071697,169.2997317873334,1760.8107792945032
baseline,132,5,6,164,0.0,0.0,17,132,0.9026890511073178,0.0,0.0,0.0,2314.6053584773313,0.1562109226468175,0.0,2.096774193548387,0,0,279.3096034994239,31,1,32,0.96875,false,0,0.0,0.0,0.0,1614.0338759672052,173.99476355965,1788.0286395268552
baseline,132,5,7,164,0.0,0.0,20,132,0.889507281407203,0.0,0.0,0.0,2422.323957909234,0.15753607829234928,0.0,1.0,0,0,274.87693385583367,31,1,32,0.96875,false,0,0.0,0.0,0.0,1552.057387780768,192.7932955384385,1744.8506833192066
baseline,132,5,8,164,0.0,0.0,21,132,0.885236993113907,0.0,0.0,0.0,2458.4833161437523,0.1534216207522091,0.0,4.451612903225806,0,0,272.6605990340387,31,1,32,0.96875,false,0,0.0,0.0,0.0,1573.2414222071343,203.9565874163735,1777.1980096235077
baseline,132,5,9,164,0.0,0.0,21,132,0.8791582807290442,0.0,0.0,0.0,2381.0666820554443,0.1601374356879863,0.0,1.0,0,0,284.64873455422844,31,1,32,0.96875,false,0,0.0,0.0,0.0,1562.7282340775469,214.79950846006582,1777.5277425376128
baseline,132,5,10,164,0.0,0.0,14,132,0.9206043349482094,0.0,0.0,0.0,2341.7854915432986,0.14920967594008916,0.0,1.0,0,0,263.7136419778987,30,2,32,0.9375,false,0,0.0,0.0,0.0,1627.0789441786155,140.3241435660781,1767.4030877446937
