scenario,max_walk_s,drivers,seed,agents_spawned,cost_per_passenger_served,decision_latency_ms,drivers_active,drivers_total,empty_distance_share,fleet_utilisation,incentive_paid,invalid_action_rate,mean_journey_time_s,mean_occupancy,mean_time_to_pickup_s,mean_wait_s,model_calls,model_decisions,passenger_km,passengers_served,passengers_unserved,riders_total,service_rate,stopped_by_clock,stranded,taxi_km_empty_to_pickup,tokens_per_decision,usd_per_decision,vehicle_km_empty,vehicle_km_loaded,vehicle_km_total
baseline,1200,6,1,38,0.0,0.0,4,6,0.6352925952903111,0.0,0.0,0.0,2210.3313857005596,0.754869463492127,0.0,69.22222222222223,0,0,62.5089948925355,9,23,32,0.28125,false,0,0.0,0.0,0.0,52.607110917637286,30.200576922006572,82.80768783964386
baseline,1200,6,2,38,0.0,0.0,5,6,0.22661555001441866,0.0,0.0,0.0,2453.005821133284,1.4536181054031792,0.0,260.3333333333333,0,0,110.87095854112387,12,20,32,0.375,false,0,0.0,0.0,0.0,17.284514520719895,58.987897145735246,76.27241166645514
baseline,1200,6,3,38,0.0,0.0,3,6,0.7420639634651053,0.0,0.0,0.0,2393.0854989216864,0.5707148010236939,0.0,509.44444444444446,0,0,49.68849209233116,9,23,32,0.28125,false,0,0.0,0.0,0.0,64.60676911568133,22.456843047880355,87.06361216356169
baseline,1200,6,4,38,0.0,0.0,3,6,0.8029020752765794,0.0,0.0,0.0,2519.5782422387174,0.60691873142964,0.0,703.1,0,0,51.79633314085352,10,22,32,0.3125,false,0,0.0,0.0,0.0,68.52216156279496,16.820950222276487,85.34311178507144
baseline,1200,6,5,38,0.0,0.0,2,6,0.8254140554788826,0.0,0.0,0.0,2752.6753755318837,0.33334876868877905,0.0,111.0,0,0,28.09273587348422,3,29,32,0.09375,false,0,0.0,0.0,0.0,69.561196035131,14.713109173754136,84.27430520888514
baseline,1200,6,6,38,0.0,0.0,4,6,0.5561262667781394,0.0,0.0,0.0,2783.2718463757274,0.5728215839502397,0.0,201.85714285714286,0,0,46.24716856978476,7,25,32,0.21875,false,0,0.0,0.0,0.0,44.89925995527413,35.83646974761044,80.73572970288457
baseline,1200,6,7,38,0.0,0.0,4,6,0.6490548460579175,0.0,0.0,0.0,2031.5052961952606,1.0928252877326698,0.0,12.571428571428571,0,0,94.04305428856613,14,18,32,0.4375,false,0,0.0,0.0,0.0,55.85439942620841,30.20057692200657,86.05497634821498
baseline,1200,6,8,38,0.0,0.0,2,6,0.8229912987474631,0.0,0.0,0.0,4687.686293201492,0.4989407031692602,0.0,1386.5,0,0,41.472362573214305,4,28,32,0.125,false,0,0.0,0.0,0.0,68.40771522438132,14.713109173754136,83.12082439813545
baseline,1200,6,9,38,0.0,0.0,4,6,0.5716164129214966,0.0,0.0,0.0,2678.8282995582417,0.8886476584542544,0.0,401.4,0,0,74.33990444326898,10,22,32,0.3125,false,0,0.0,0.0,0.0,47.81862542540614,35.83646974761044,83.65509517301658
baseline,1200,6,10,38,0.0,0.0,5,6,0.5112573615301266,0.0,0.0,0.0,2988.1653236550205,1.064329591805712,0.0,51.54545454545455,0,0,94.90414111759954,11,21,32,0.34375,false,0,0.0,0.0,0.0,45.58779644916976,43.58020362173666,89.16800007090642
baseline,1200,13,1,45,0.0,0.0,4,13,0.8397581489873076,0.0,0.0,0.0,2445.1637048322546,0.36568002077750145,0.0,96.88888888888889,0,0,68.91924629263767,9,23,32,0.28125,false,0,0.0,0.0,0.0,158.26814539457763,30.20057692200657,188.4687223165842
baseline,1200,13,2,45,0.0,0.0,6,13,0.7428999753434276,0.0,0.0,0.0,2708.313572056331,0.639549461092911,0.0,164.57142857142858,0,0,111.72509133987602,14,18,32,0.4375,false,0,0.0,0.0,0.0,129.7797475425878,44.91368609576071,174.69343363834852
baseline,1200,13,3,45,0.0,0.0,7,13,0.6247528637769768,0.0,0.0,0.0,2487.0585564713533,0.672902285596927,0.0,158.0,0,0,122.05601593779649,15,17,32,0.46875,false,0,0.0,0.0,0.0,113.32231607848016,68.06511349388552,181.38742957236568
baseline,1200,13,4,45,0.0,0.0,7,13,0.6612639349880687,0.0,0.0,0.0,3042.020874344878,0.8470433904520561,0.0,436.94444444444446,0,0,150.56833990946353,18,14,32,0.5625,false,0,0.0,0.0,0.0,117.54464299640678,60.21288584648657,177.75752884289335
baseline,1200,13,5,45,0.0,0.0,2,13,0.9203045994532241,0.0,0.0,0.0,2501.161766323595,0.24630917665087335,0.0,141.28571428571428,0,0,45.47280999528646,7,25,32,0.21875,false,0,0.0,0.0,0.0,169.90368267132237,14.713109173754136,184.6167918450765
baseline,1200,13,6,45,0.0,0.0,5,13,0.8327989784463069,0.0,0.0,0.0,2184.0512755796894,0.17427146018896872,0.0,1.0,0,0,32.86754187005468,6,26,32,0.1875,false,0,0.0,0.0,0.0,157.06562201144277,31.534059396030624,188.59968140747338
baseline,1200,13,7,45,0.0,0.0,6,13,0.6698034978002099,0.0,0.0,0.0,2621.6432156031615,0.6024956199959767,0.0,166.30769230769232,0,0,111.47881463683325,13,19,32,0.40625,false,0,0.0,0.0,0.0,123.93268514528083,61.0957381942576,185.02842333953842
baseline,1200,13,8,45,0.0,0.0,4,13,0.8341950603628862,0.0,0.0,0.0,3073.8626107923196,0.423958997088966,0.0,429.8181818181818,0,0,77.22210406628965,11,21,32,0.34375,false,0,0.0,0.0,0.0,151.94464135740387,30.200576922006572,182.14521827941044
baseline,1200,13,9,45,0.0,0.0,7,13,0.6113919110055128,0.0,0.0,0.0,2401.6401506370435,0.62047239434075,0.0,78.64285714285714,0,0,108.67638923806642,14,18,32,0.4375,false,0,0.0,0.0,0.0,107.08593307851638,68.06511349388552,175.1510465724019
baseline,1200,13,10,45,0.0,0.0,6,13,0.7674531627018748,0.0,0.0,0.0,2476.5555850576056,0.6477470241288011,0.0,119.6,0,0,125.1047180396061,15,17,32,0.46875,false,0,0.0,0.0,0.0,148.2245505605449,44.9136860957607,193.13823665630562
baseline,1200,32,1,64,0.0,0.0,8,32,0.8508858926716617,0.0,0.0,0.0,2449.9975718918135,0.23882209045484157,0.0,195.33333333333334,0,0,102.21565277020773,15,17,32,0.46875,false,0,0.0,0.0,0.0,364.1784425668133,63.820711847821926,427.99915441463526
baseline,1200,32,2,64,0.0,0.0,6,32,0.9045204509532371,0.0,0.0,0.0,2142.2499876194242,0.17401739247963843,0.0,1.0,0,0,71.58621124068577,11,21,32,0.34375,false,0,0.0,0.0,0.0,372.09609425124125,39.277793270156835,411.3738875213981
baseline,1200,32,3,64,0.0,0.0,6,32,0.8802133517973703,0.0,0.0,0.0,2205.7099293409515,0.18115718054456503,0.0,91.9090909090909,0,0,76.44774549179132,11,21,32,0.34375,false,0,0.0,0.0,0.0,371.44719350568823,50.54957892136457,421.9967724270528
baseline,1200,32,4,64,0.0,0.0,8,32,0.8335715469095331,0.0,0.0,0.0,2463.008187493579,0.203569770773926,0.0,1.0,0,0,84.886063716162,10,22,32,0.3125,false,0,0.0,0.0,0.0,347.588972438954,69.39859596790957,416.98756840686355
baseline,1200,32,5,64,0.0,0.0,10,32,0.7722744093313689,0.0,0.0,0.0,2123.0406369327884,0.35456795205531966,0.0,8.5,0,0,150.92311038577904,18,14,32,0.5625,false,0,0.0,0.0,0.0,328.7213501728034,96.93220794186804,425.65355811467145
baseline,1200,32,6,64,0.0,0.0,3,32,0.96549216835588,0.0,0.0,0.0,2584.4272551040667,0.05910626387954792,0.0,27.5,0,0,25.015314222655725,6,26,32,0.1875,false,0,0.0,0.0,0.0,408.62149602544446,14.604615400481402,423.22611142592586
baseline,1200,32,7,64,0.0,0.0,7,32,0.8501987232484213,0.0,0.0,0.0,2492.6465569938305,0.16579998496836623,0.0,164.83333333333334,0,0,69.09663303840192,12,20,32,0.375,false,0,0.0,0.0,0.0,354.3176991314107,62.42922066828166,416.74691979969236
baseline,1200,32,8,64,0.0,0.0,7,32,0.85751511258592,0.0,0.0,0.0,2558.577763444659,0.2023357608521769,0.0,64.0,0,0,87.5530286642101,12,20,32,0.375,false,0,0.0,0.0,0.0,371.05672727362895,61.65486209378336,432.71158936741233
baseline,1200,32,9,64,0.0,0.0,5,32,0.954044421172055,0.0,0.0,0.0,2328.04916124566,0.14354943448946322,0.0,117.16666666666667,0,0,60.87354948900379,12,20,32,0.375,false,0,0.0,0.0,0.0,404.5719197255908,19.48791517032459,424.0598348959154
baseline,1200,32,10,64,0.0,0.0,8,32,0.8504526826119713,0.0,0.0,0.0,2709.799865498212,0.23854087647593283,0.0,4.6923076923076925,0,0,101.7070139384385,13,19,32,0.40625,false,0,0.0,0.0,0.0,362.6087240151695,63.7627031423057,426.37142715747524
baseline,1800,6,1,38,0.0,0.0,5,6,0.47371790278543674,0.0,0.0,0.0,2536.188306531695,1.297254926333881,0.0,210.66666666666666,0,0,107.42268098829622,15,17,32,0.46875,false,0,0.0,0.0,0.0,39.227484217907204,43.58020362173666,82.80768783964386
baseline,1800,6,2,38,0.0,0.0,6,6,0.15414637103391315,0.0,0.0,0.0,2755.898781843364,2.0799798416619395,0.0,514.2352941176471,0,0,158.64507874116762,17,15,32,0.53125,false,0,0.0,0.0,0.0,11.757115468388761,64.51529619806638,76.27241166645514
baseline,1800,6,3,38,0.0,0.0,6,6,0.2335301814207252,0.0,0.0,0.0,2997.321406735443,1.8071081348004214,0.0,789.3888888888889,0,0,157.33336178588124,18,14,32,0.5625,false,0,0.0,0.0,0.0,20.33198114370022,66.73163101986147,87.06361216356169
baseline,1800,6,4,38,0.0,0.0,5,6,0.48935300447575336,0.0,0.0,0.0,2541.220582932736,1.2587153050949218,0.0,509.0,0,0,107.42268098829622,15,17,32,0.46875,false,0,0.0,0.0,0.0,41.762908163334785,43.58020362173666,85.34311178507144
baseline,1800,6,5,38,0.0,0.0,3,6,0.666651231311221,0.0,0.0,0.0,2435.993181030608,0.8571066022521313,0.0,100.0,0,0,72.23206339474663,9,23,32,0.28125,false,0,0.0,0.0,0.0,56.18156933540092,28.09273587348422,84.27430520888514
baseline,1800,6,6,38,0.0,0.0,4,6,0.5561262667781394,0.0,0.0,0.0,2520.2790679883324,1.444052416693722,0.0,422.85714285714283,0,0,116.58662559098158,14,18,32,0.4375,false,0,0.0,0.0,0.0,44.89925995527413,35.83646974761044,80.73572970288457
baseline,1800,6,7,38,0.0,0.0,4,6,0.6490548460579175,0.0,0.0,0.0,2396.317402084157,1.2483029517505,0.0,31.266666666666666,0,0,107.42268098829622,15,17,32,0.46875,false,0,0.0,0.0,0.0,55.85439942620841,30.20057692200657,86.05497634821498
baseline,1800,6,8,38,0.0,0.0,4,6,0.383497894268256,0.0,0.0,0.0,2885.234162650103,1.3084942104477162,0.0,504.8181818181818,0,0,108.76311749260152,11,21,32,0.34375,false,0,0.0,0.0,0.0,31.87666112652642,51.24416327160903,83.12082439813545
baseline,1800,6,9,38,0.0,0.0,4,6,0.5716164129214966,0.0,0.0,0.0,2327.8522784879196,1.713534348314014,0.0,371.125,0,0,143.34587899044178,16,16,32,0.5,false,0,0.0,0.0,0.0,47.81862542540614,35.83646974761044,83.65509517301658
baseline,1800,6,10,38,0.0,0.0,6,6,0.25161906775080234,0.0,0.0,0.0,3078.239921081811,1.9777148884239013,0.0,181.8421052631579,0,0,176.3488813112151,19,13,32,0.59375,false,0,0.0,0.0,0.0,22.43636905104495,66.73163101986147,89.16800007090642
baseline,1800,13,1,45,0.0,0.0,8,13,0.5977643057362575,0.0,0.0,0.0,2690.663373643402,1.0681145622147659,0.0,209.16,0,0,201.3061868283546,25,7,32,0.78125,false,0,0.0,0.0,0.0,112.65987494857247,75.80884736801174,188.4687223165842
baseline,1800,13,2,45,0.0,0.0,7,13,0.666310796110574,0.0,0.0,0.0,2331.471021579748,0.9365443756401706,0.0,195.66666666666666,0,0,163.6081527352647,21,11,32,0.65625,false,0,0.0,0.0,0.0,116.40012084285773,58.29331279549079,174.69343363834852
baseline,1800,13,3,45,0.0,0.0,10,13,0.46560680544184946,0.0,0.0,0.0,2500.66412903267,1.2573387294009077,0.0,241.33333333333334,0,0,228.0654402278149,27,5,32,0.84375,false,0,0.0,0.0,0.0,84.45522163049763,96.93220794186804,181.38742957236568
baseline,1800,13,4,45,0.0,0.0,9,13,0.5107259883050301,0.0,0.0,0.0,2899.822744268198,1.2694868052983455,0.0,302.8076923076923,0,0,225.66083740849317,26,6,32,0.8125,false,0,0.0,0.0,0.0,90.78538959694662,86.97213924594674,177.75752884289335
baseline,1800,13,5,45,0.0,0.0,7,13,0.6313167788604884,0.0,0.0,0.0,2769.7316264498195,0.8785489901324612,0.0,156.61111111111111,0,0,162.19489603698676,18,14,32,0.5625,false,0,0.0,0.0,0.0,116.55167835119099,68.06511349388552,184.6167918450765
baseline,1800,13,6,45,0.0,0.0,8,13,0.6097951385865888,0.0,0.0,0.0,2813.9785945635354,0.8020440204877533,0.0,49.42857142857143,0,0,151.26524673875932,21,11,32,0.65625,false,0,0.0,0.0,0.0,115.00716886125673,73.59251254621665,188.59968140747338
baseline,1800,13,7,45,0.0,0.0,11,13,0.40381141096809114,0.0,0.0,0.0,2472.7893107740783,1.440992450444578,0.0,119.0,0,0,266.6245611499382,28,4,32,0.875,false,0,0.0,0.0,0.0,74.7165886979403,110.31183464159813,185.02842333953842
baseline,1800,13,8,45,0.0,0.0,10,13,0.545814387106342,0.0,0.0,0.0,2628.8492880959566,0.9735633878455774,0.0,418.0,0,0,177.329915787975,25,7,32,0.78125,false,0,0.0,0.0,0.0,99.4174806795273,82.72773759988314,182.14521827941044
baseline,1800,13,9,45,0.0,0.0,8,13,0.5350028344823567,0.0,0.0,0.0,2417.798244672566,1.1372946361327625,0.0,323.6666666666667,0,0,199.19834577983235,24,8,32,0.75,false,0,0.0,0.0,0.0,93.7063063787863,81.4447401936156,175.1510465724019
baseline,1800,13,10,45,0.0,0.0,8,13,0.6580840344569802,0.0,0.0,0.0,2246.1935412331413,0.8317318602404474,0.0,139.08695652173913,0,0,160.63922485770885,23,9,32,0.71875,false,0,0.0,0.0,0.0,127.10118998668861,66.03704666961701,193.13823665630562
baseline,1800,32,1,64,0.0,0.0,12,32,0.7495026652128219,0.0,0.0,0.0,2540.6945382797776,0.48400552799747537,0.0,183.96296296296296,0,0,207.15395671492854,27,5,32,0.84375,false,0,0.0,0.0,0.0,320.78650694260324,107.21264747203202,427.99915441463526
baseline,1800,32,2,64,0.0,0.0,10,32,0.7990399210983785,0.0,0.0,0.0,2588.2065222931833,0.3470539189278175,0.0,70.5,0,0,142.76891980887243,22,10,32,0.6875,false,0,0.0,0.0,0.0,328.7041586270312,82.66972889436693,411.3738875213981
baseline,1800,32,3,64,0.0,0.0,12,32,0.7406876321246195,0.0,0.0,0.0,2531.5494753352677,0.5034860278297925,0.0,45.38461538461539,0,0,212.46947870628972,26,6,32,0.8125,false,0,0.0,0.0,0.0,312.5677901332257,109.42898229382709,421.9967724270528
baseline,1800,32,4,64,0.0,0.0,12,32,0.7476302084554234,0.0,0.0,0.0,2469.485372235088,0.45747173778891426,0.0,1.0,0,0,190.76002755546162,25,7,32,0.78125,false,0,0.0,0.0,0.0,311.7525026913435,105.23506571552001,416.98756840686355
baseline,1800,32,5,64,0.0,0.0,13,32,0.7345756955725725,0.0,0.0,0.0,2375.9377167357407,0.489307696734613,0.0,46.5,0,0,208.27556212798262,26,6,32,0.8125,false,0,0.0,0.0,0.0,312.6747585250252,112.97879958964624,425.65355811467145
baseline,1800,32,6,64,0.0,0.0,10,32,0.827756543776645,0.0,0.0,0.0,2258.6240011289465,0.36415635879618596,0.0,12.25,0,0,154.12047968433404,24,8,32,0.75,false,0,0.0,0.0,0.0,350.32818322995365,72.8979281959722,423.22611142592586
baseline,1800,32,7,64,0.0,0.0,12,32,0.7562627344786362,0.0,0.0,0.0,2491.543003973836,0.5291786764030725,0.0,86.67857142857143,0,0,220.5335834146586,28,4,32,0.875,false,0,0.0,0.0,0.0,315.17016515326424,101.57675464642814,416.74691979969236
baseline,1800,32,8,64,0.0,0.0,12,32,0.8027862069348084,0.0,0.0,0.0,2663.3629923258627,0.32994013406848777,0.0,64.13636363636364,0,0,142.76891980887245,22,10,32,0.6875,false,0,0.0,0.0,0.0,347.3748955249973,85.33669384241503,432.71158936741233
baseline,1800,32,9,64,0.0,0.0,10,32,0.7917614108828647,0.0,0.0,0.0,2438.668528939152,0.41967306683592137,0.0,85.69565217391305,0,0,177.9664914327033,23,9,32,0.71875,false,0,0.0,0.0,0.0,335.75421317594464,88.30562171997079,424.0598348959154
baseline,1800,32,10,64,0.0,0.0,12,32,0.7152315796030748,0.0,0.0,0.0,2533.2563369435684,0.4752655933192637,0.0,2.8461538461538463,0,0,202.6396693023787,26,6,32,0.8125,false,0,0.0,0.0,0.0,304.95430934345836,121.4171178140169,426.37142715747524
baseline,2400,6,1,38,0.0,0.0,6,6,0.19413725028663395,0.0,0.0,0.0,2814.5411233028763,2.3411403088461094,0.0,158.25,0,0,193.86441588373606,20,12,32,0.625,false,0,0.0,0.0,0.0,16.076056819782394,66.73163101986147,82.80768783964386
baseline,2400,6,2,38,0.0,0.0,6,6,0.15414637103391315,0.0,0.0,0.0,2755.898781843364,2.0799798416619395,0.0,514.2352941176471,0,0,158.64507874116762,17,15,32,0.53125,false,0,0.0,0.0,0.0,11.757115468388761,64.51529619806638,76.27241166645514
baseline,2400,6,3,38,0.0,0.0,6,6,0.2335301814207252,0.0,0.0,0.0,3011.4046954883797,2.2681374799163065,0.0,732.047619047619,0,0,197.4722418850715,21,11,32,0.65625,false,0,0.0,0.0,0.0,20.33198114370022,66.73163101986147,87.06361216356169
baseline,2400,6,4,38,0.0,0.0,5,6,0.48935300447575336,0.0,0.0,0.0,2581.059230381963,1.7290389112961604,0.0,424.3333333333333,0,0,147.56156108748644,18,14,32,0.5625,false,0,0.0,0.0,0.0,41.762908163334785,43.58020362173666,85.34311178507144
baseline,2400,6,5,38,0.0,0.0,4,6,0.3919360931591957,0.0,0.0,0.0,3182.5328295960517,1.5652997027238436,0.0,240.5,0,0,131.91454489072638,12,20,32,0.375,false,0,0.0,0.0,0.0,33.0301419372761,51.24416327160904,84.27430520888514
baseline,2400,6,6,38,0.0,0.0,4,6,0.5561262667781394,0.0,0.0,0.0,2688.339663802129,1.7754949328874425,0.0,370.125,0,0,143.34587899044175,16,16,32,0.5,false,0,0.0,0.0,0.0,44.89925995527413,35.83646974761044,80.73572970288457
baseline,2400,6,7,38,0.0,0.0,6,6,0.2245465183810295,0.0,0.0,0.0,2722.592989310565,2.408274935139936,0.0,37.95238095238095,0,0,207.24404258346615,21,11,32,0.65625,false,0,0.0,0.0,0.0,19.32334532835351,66.73163101986147,86.05497634821498
baseline,2400,6,8,38,0.0,0.0,4,6,0.383497894268256,0.0,0.0,0.0,3205.2297749836894,1.7479876149269238,0.0,446.7692307692308,0,0,145.29417159045644,13,19,32,0.40625,false,0,0.0,0.0,0.0,31.87666112652642,51.24416327160903,83.12082439813545
baseline,2400,6,9,38,0.0,0.0,5,6,0.29486784966611174,0.0,0.0,0.0,2480.803169017486,1.9902829115693987,0.0,376.88235294117646,0,0,166.49730638856659,17,15,32,0.53125,false,0,0.0,0.0,0.0,24.667198027281323,58.98789714573525,83.65509517301658
baseline,2400,6,10,38,0.0,0.0,6,6,0.25161906775080234,0.0,0.0,0.0,2957.551831756434,2.3874028265721767,0.0,164.61904761904762,0,0,212.87993540907001,21,11,32,0.65625,false,0,0.0,0.0,0.0,22.43636905104495,66.73163101986147,89.16800007090642
baseline,2400,13,1,45,0.0,0.0,9,13,0.5267730742190438,0.0,0.0,0.0,3001.547805090183,1.5977587406662601,0.0,298.4516129032258,0,0,301.1275484235247,31,1,32,0.96875,false,0,0.0,0.0,0.0,99.28024824884238,89.18847406774182,188.4687223165842
baseline,2400,13,2,45,0.0,0.0,8,13,0.5897216168777204,0.0,0.0,0.0,2517.297490857086,1.089722734105878,0.0,178.7391304347826,0,0,190.3674061347249,23,9,32,0.71875,false,0,0.0,0.0,0.0,103.02049414312765,71.67293949522087,174.69343363834852
baseline,2400,13,3,45,0.0,0.0,10,13,0.46560680544184946,0.0,0.0,0.0,2557.2124159596065,1.4048641310373227,0.0,224.75862068965517,0,0,254.82469362727508,29,3,32,0.90625,false,0,0.0,0.0,0.0,84.45522163049763,96.93220794186804,181.38742957236568
baseline,2400,13,4,45,0.0,0.0,10,13,0.4354570149635109,0.0,0.0,0.0,2727.889272533743,1.5388571902547898,0.0,281.06666666666666,0,0,273.54345138180963,30,2,32,0.9375,false,0,0.0,0.0,0.0,77.40576289721653,100.35176594567682,177.75752884289335
baseline,2400,13,5,45,0.0,0.0,9,13,0.4334417441317385,0.0,0.0,0.0,2858.776672429627,1.0836469998717564,0.0,134.38095238095238,0,0,200.0594326088657,21,11,32,0.65625,false,0,0.0,0.0,0.0,80.02062425333608,104.59616759174042,184.6167918450765
baseline,2400,13,6,45,0.0,0.0,9,13,0.538853201676191,0.0,0.0,0.0,3049.095917528841,1.137624160522959,0.0,41.68,0,0,214.55555423607439,25,7,32,0.78125,false,0,0.0,0.0,0.0,101.62754216152663,86.97213924594675,188.59968140747338
baseline,2400,13,7,45,0.0,0.0,11,13,0.40381141096809114,0.0,0.0,0.0,2581.4589485688502,1.585614843677402,0.0,111.13333333333334,0,0,293.3838145493984,30,2,32,0.9375,false,0,0.0,0.0,0.0,74.7165886979403,110.31183464159813,185.02842333953842
baseline,2400,13,8,45,0.0,0.0,11,13,0.418710158860226,0.0,0.0,0.0,2842.4622381428194,1.2475792597364448,0.0,381.64285714285717,0,0,227.24059658556,28,4,32,0.875,false,0,0.0,0.0,0.0,76.26605328140249,105.87916499800795,182.14521827941044
baseline,2400,13,9,45,0.0,0.0,9,13,0.4586137579592007,0.0,0.0,0.0,2589.071491416066,1.3664618657022312,0.0,287.81481481481484,0,0,239.33722587902267,27,5,32,0.84375,false,0,0.0,0.0,0.0,80.32667967905621,94.82436689334568,175.1510465724019
baseline,2400,13,10,45,0.0,0.0,9,13,0.538214309026467,0.0,0.0,0.0,2590.5559948588666,1.3991656537289354,0.0,110.51724137931035,0,0,270.2323871512737,29,3,32,0.90625,false,0,0.0,0.0,0.0,103.9497625885638,89.18847406774182,193.13823665630562
baseline,2400,32,1,64,0.0,0.0,13,32,0.6954104382555316,0.0,0.0,0.0,2739.8237240429276,0.6859725973335452,0.0,158.53125,0,0,293.5956916103684,32,0,32,1.0,false,0,0.0,0.0,0.0,297.63507954447846,130.36407487015683,427.99915441463526
baseline,2400,32,2,64,0.0,0.0,12,32,0.7339914233420198,0.0,0.0,0.0,2897.9920329289653,0.6973341723375719,0.0,80.61290322580645,0,0,286.86506937602354,31,1,32,0.96875,false,0,0.0,0.0,0.0,301.944905227571,109.42898229382709,411.3738875213981
baseline,2400,32,3,64,0.0,0.0,13,32,0.7089821130923789,0.0,0.0,0.0,2599.8038461172464,0.6017625201704615,0.0,39.46666666666667,0,0,253.94184127950402,30,2,32,0.9375,false,0,0.0,0.0,0.0,299.1881634334956,122.80860899355717,421.9967724270528
baseline,2400,32,4,64,0.0,0.0,14,32,0.6600231504382627,0.0,0.0,0.0,2554.621646666334,0.6143065057789927,0.0,1.0,0,0,256.15817610129903,30,2,32,0.9375,false,0,0.0,0.0,0.0,275.2214485934886,141.7661198133749,416.98756840686355
baseline,2400,32,5,64,0.0,0.0,15,32,0.648752252066872,0.0,0.0,0.0,2550.9560124310265,0.656189988723594,0.0,39.16129032258065,0,0,279.30960349942393,31,1,32,0.96875,false,0,0.0,0.0,0.0,276.1437044271703,149.50985368750113,425.65355811467145
baseline,2400,32,6,64,0.0,0.0,14,32,0.6320363208087805,0.0,0.0,0.0,2672.4253378205544,0.7094191212923383,0.0,9.4375,0,0,300.2446960757536,32,0,32,1.0,false,0,0.0,0.0,0.0,267.4942743358491,155.7318370900767,423.22611142592586
baseline,2400,32,7,64,0.0,0.0,13,32,0.7241578140483642,0.0,0.0,0.0,2626.3208305644594,0.6489412431463956,0.0,78.38709677419355,0,0,270.4442642122436,31,1,32,0.96875,false,0,0.0,0.0,0.0,301.79053845353417,114.95638134615822,416.74691979969236
baseline,2400,32,8,64,0.0,0.0,16,32,0.6565217919006742,0.0,0.0,0.0,2826.119623846824,0.5915485380874103,0.0,48.89655172413793,0,0,255.96990810377253,29,3,32,0.90625,false,0,0.0,0.0,0.0,284.08458802768223,148.6270013397301,432.71158936741233
baseline,2400,32,9,64,0.0,0.0,11,32,0.7602101400509688,0.0,0.0,0.0,2593.285809397291,0.577429420995401,0.0,70.57142857142857,0,0,244.86462493135377,28,4,32,0.875,false,0,0.0,0.0,0.0,322.3745864762145,101.68524841970087,424.0598348959154
baseline,2400,32,10,64,0.0,0.0,14,32,0.6295526345072472,0.0,0.0,0.0,2649.5817584884917,0.623704966753027,0.0,2.6,0,0,265.92997679969375,30,2,32,0.9375,false,0,0.0,0.0,0.0,268.4232552456034,157.9481719118718,426.37142715747524
baseline,3000,6,1,38,0.0,0.0,6,6,0.19413725028663395,0.0,0.0,0.0,2814.5411233028763,2.3411403088461094,0.0,158.25,0,0,193.86441588373606,20,12,32,0.625,false,0,0.0,0.0,0.0,16.076056819782394,66.73163101986147,82.80768783964386
baseline,3000,6,2,38,0.0,0.0,6,6,0.15414637103391315,0.0,0.0,0.0,2755.898781843364,2.0799798416619395,0.0,514.2352941176471,0,0,158.64507874116762,17,15,32,0.53125,false,0,0.0,0.0,0.0,11.757115468388761,64.51529619806638,76.27241166645514
baseline,3000,6,3,38,0.0,0.0,6,6,0.2335301814207252,0.0,0.0,0.0,3102.4901975224902,2.5340514113832375,0.0,698.8181818181819,0,0,220.6236692831963,22,10,32,0.6875,false,0,0.0,0.0,0.0,20.33198114370022,66.73163101986147,87.06361216356169
baseline,3000,6,4,38,0.0,0.0,5,6,0.48935300447575336,0.0,0.0,0.0,2581.059230381963,1.7290389112961604,0.0,424.3333333333333,0,0,147.56156108748644,18,14,32,0.5625,false,0,0.0,0.0,0.0,41.762908163334785,43.58020362173666,85.34311178507144
baseline,3000,6,5,38,0.0,0.0,4,6,0.3919360931591957,0.0,0.0,0.0,3182.5328295960517,1.5652997027238436,0.0,240.5,0,0,131.91454489072638,12,20,32,0.375,false,0,0.0,0.0,0.0,33.0301419372761,51.24416327160904,84.27430520888514
baseline,3000,6,6,38,0.0,0.0,5,6,0.2693706075015794,0.0,0.0,0.0,2819.17470072051,2.0622505921640024,0.0,348.4117647058824,0,0,166.49730638856656,17,15,32,0.53125,false,0,0.0,0.0,0.0,21.747832557149323,58.987897145735246,80.73572970288457
baseline,3000,6,7,38,0.0,0.0,6,6,0.2245465183810295,0.0,0.0,0.0,2860.6915293158036,2.677305598798994,0.0,36.27272727272727,0,0,230.39546998159096,22,10,32,0.6875,false,0,0.0,0.0,0.0,19.32334532835351,66.73163101986147,86.05497634821498
baseline,3000,6,8,38,0.0,0.0,4,6,0.383497894268256,0.0,0.0,0.0,3270.2976547438725,2.466008422926977,0.0,388.8125,0,0,204.9766530864362,16,16,32,0.5,false,0,0.0,0.0,0.0,31.87666112652642,51.24416327160903,83.12082439813545
baseline,3000,6,9,38,0.0,0.0,5,6,0.29486784966611174,0.0,0.0,0.0,2480.803169017486,1.9902829115693987,0.0,376.88235294117646,0,0,166.49730638856659,17,15,32,0.53125,false,0,0.0,0.0,0.0,24.667198027281323,58.98789714573525,83.65509517301658
baseline,3000,6,10,38,0.0,0.0,6,6,0.25161906775080234,0.0,0.0,0.0,3118.6567458527493,2.9066794141308256,0.0,157.0,0,0,259.1827902053197,23,9,32,0.71875,false,0,0.0,0.0,0.0,22.43636905104495,66.73163101986147,89.16800007090642
baseline,3000,13,1,45,0.0,0.0,9,13,0.5267730742190438,0.0,0.0,0.0,3001.547805090183,1.5977587406662601,0.0,298.4516129032258,0,0,301.1275484235247,31,1,32,0.96875,false,0,0.0,0.0,0.0,99.28024824884238,89.18847406774182,188.4687223165842
baseline,3000,13,2,45,0.0,0.0,8,13,0.5897216168777204,0.0,0.0,0.0,2517.297490857086,1.089722734105878,0.0,178.7391304347826,0,0,190.3674061347249,23,9,32,0.71875,false,0,0.0,0.0,0.0,103.02049414312765,71.67293949522087,174.69343363834852
baseline,3000,13,3,45,0.0,0.0,11,13,0.3379715693469005,0.0,0.0,0.0,2731.9698365431896,1.6601346032272202,0.0,210.32258064516128,0,0,301.1275484235246,31,1,32,0.96875,false,0,0.0,0.0,0.0,61.30379423237281,120.08363533999287,181.38742957236568
baseline,3000,13,4,45,0.0,0.0,10,13,0.4354570149635109,0.0,0.0,0.0,2726.4886285096013,1.6690988039227357,0.0,272.03225806451616,0,0,296.69487877993447,31,1,32,0.96875,false,0,0.0,0.0,0.0,77.40576289721653,100.35176594567682,177.75752884289335
baseline,3000,13,5,45,0.0,0.0,9,13,0.4334417441317385,0.0,0.0,0.0,3116.4780880632843,1.4069246437930256,0.0,117.70833333333333,0,0,259.7419141048454,24,8,32,0.75,false,0,0.0,0.0,0.0,80.02062425333608,104.59616759174042,184.6167918450765
baseline,3000,13,6,45,0.0,0.0,9,13,0.538853201676191,0.0,0.0,0.0,3123.3345909037375,1.4540747560413814,0.0,37.32142857142857,0,0,274.23803573205413,28,4,32,0.875,false,0,0.0,0.0,0.0,101.62754216152663,86.97213924594675,188.59968140747338
baseline,3000,13,7,45,0.0,0.0,11,13,0.40381141096809114,0.0,0.0,0.0,2581.4589485688502,1.585614843677402,0.0,111.13333333333334,0,0,293.3838145493984,30,2,32,0.9375,false,0,0.0,0.0,0.0,74.7165886979403,110.31183464159813,185.02842333953842
baseline,3000,13,8,45,0.0,0.0,12,13,0.29160593061411,0.0,0.0,0.0,3007.879128217455,1.501787716228677,0.0,360.5,0,0,273.5434513818097,30,2,32,0.9375,false,0,0.0,0.0,0.0,53.11462588327768,129.03059239613276,182.14521827941044
baseline,3000,13,9,45,0.0,0.0,9,13,0.4586137579592007,0.0,0.0,0.0,2589.071491416066,1.3664618657022312,0.0,287.81481481481484,0,0,239.33722587902267,27,5,32,0.84375,false,0,0.0,0.0,0.0,80.32667967905621,94.82436689334568,175.1510465724019
baseline,3000,13,10,45,0.0,0.0,9,13,0.538214309026467,0.0,0.0,0.0,2652.202273991082,1.5190353791594486,0.0,106.86666666666666,0,0,293.38381454939855,30,2,32,0.9375,false,0,0.0,0.0,0.0,103.9497625885638,89.18847406774182,193.13823665630562
baseline,3000,32,1,64,0.0,0.0,13,32,0.6954104382555316,0.0,0.0,0.0,2739.8237240429276,0.6859725973335452,0.0,158.53125,0,0,293.5956916103684,32,0,32,1.0,false,0,0.0,0.0,0.0,297.63507954447846,130.36407487015683,427.99915441463526
baseline,3000,32,2,64,0.0,0.0,13,32,0.7014671744638407,0.0,0.0,0.0,2915.2619663874316,0.7298584212157512,0.0,78.125,0,0,300.2446960757536,32,0,32,1.0,false,0,0.0,0.0,0.0,288.5652785278409,122.80860899355717,411.3738875213981
baseline,3000,32,3,64,0.0,0.0,14,32,0.6541204911302659,0.0,0.0,0.0,2761.5978726799963,0.7114857640946877,0.0,37.0625,0,0,300.24469607575367,32,0,32,1.0,false,0,0.0,0.0,0.0,276.03673603537084,145.960036391682,421.9967724270528
baseline,3000,32,4,64,0.0,0.0,15,32,0.6045024847105606,0.0,0.0,0.0,2628.255441786381,0.6698271715066949,0.0,1.0,0,0,279.3096034994239,31,1,32,0.96875,false,0,0.0,0.0,0.0,252.07002119536384,164.9175472114997,416.98756840686355
baseline,3000,32,5,64,0.0,0.0,15,32,0.648752252066872,0.0,0.0,0.0,2626.0220837485376,0.7105802950108676,0.0,37.96875,0,0,302.4610308975487,32,0,32,1.0,false,0,0.0,0.0,0.0,276.1437044271703,149.50985368750113,425.65355811467145
baseline,3000,32,6,64,0.0,0.0,14,32,0.6320363208087805,0.0,0.0,0.0,2672.4253378205544,0.7094191212923383,0.0,9.4375,0,0,300.2446960757536,32,0,32,1.0,false,0,0.0,0.0,0.0,267.4942743358491,155.7318370900767,423.22611142592586
baseline,3000,32,7,64,0.0,0.0,13,32,0.7241578140483642,0.0,0.0,0.0,2661.694287205203,0.7044939690291746,0.0,75.96875,0,0,293.59569161036836,32,0,32,1.0,false,0,0.0,0.0,0.0,301.79053845353417,114.95638134615822,416.74691979969236
baseline,3000,32,8,64,0.0,0.0,18,32,0.572098228965232,0.0,0.0,0.0,2906.3510593228307,0.675972101022852,0.0,45.806451612903224,0,0,292.5009622016273,31,1,32,0.96875,false,0,0.0,0.0,0.0,247.5535339298273,185.15805543758503,432.71158936741233
baseline,3000,32,9,64,0.0,0.0,12,32,0.7056154213509359,0.0,0.0,0.0,2754.1769036822775,0.6866188583954662,0.0,65.93333333333334,0,0,291.16747972760334,30,2,32,0.9375,false,0,0.0,0.0,0.0,299.2231590780897,124.8366758178257,424.0598348959154
baseline,3000,32,10,64,0.0,0.0,15,32,0.5981724203382793,0.0,0.0,0.0,2752.230798771848,0.7093839118488545,0.0,2.5,0,0,302.4610308975487,32,0,32,1.0,false,0,0.0,0.0,0.0,255.04362854587333,171.3277986116019,426.37142715747524
baseline,3600,6,1,38,0.0,0.0,6,6,0.19413725028663395,0.0,0.0,0.0,2814.5411233028763,2.3411403088461094,0.0,158.25,0,0,193.86441588373606,20,12,32,0.625,false,0,0.0,0.0,0.0,16.076056819782394,66.73163101986147,82.80768783964386
baseline,3600,6,2,38,0.0,0.0,6,6,0.15414637103391315,0.0,0.0,0.0,2755.898781843364,2.0799798416619395,0.0,514.2352941176471,0,0,158.64507874116762,17,15,32,0.53125,false,0,0.0,0.0,0.0,11.757115468388761,64.51529619806638,76.27241166645514
baseline,3600,6,3,38,0.0,0.0,6,6,0.2335301814207252,0.0,0.0,0.0,3102.4901975224902,2.5340514113832375,0.0,698.8181818181819,0,0,220.6236692831963,22,10,32,0.6875,false,0,0.0,0.0,0.0,20.33198114370022,66.73163101986147,87.06361216356169
baseline,3600,6,4,38,0.0,0.0,5,6,0.48935300447575336,0.0,0.0,0.0,2581.059230381963,1.7290389112961604,0.0,424.3333333333333,0,0,147.56156108748644,18,14,32,0.5625,false,0,0.0,0.0,0.0,41.762908163334785,43.58020362173666,85.34311178507144
baseline,3600,6,5,38,0.0,0.0,4,6,0.3919360931591957,0.0,0.0,0.0,3416.208229701197,1.8400148408758692,0.0,222.07692307692307,0,0,155.0659722888512,13,19,32,0.40625,false,0,0.0,0.0,0.0,33.0301419372761,51.24416327160904,84.27430520888514
baseline,3600,6,6,38,0.0,0.0,5,6,0.2693706075015794,0.0,0.0,0.0,2819.17470072051,2.0622505921640024,0.0,348.4117647058824,0,0,166.49730638856656,17,15,32,0.53125,false,0,0.0,0.0,0.0,21.747832557149323,58.987897145735246,80.73572970288457
baseline,3600,6,7,38,0.0,0.0,6,6,0.2245465183810295,0.0,0.0,0.0,2860.6915293158036,2.677305598798994,0.0,36.27272727272727,0,0,230.39546998159096,22,10,32,0.6875,false,0,0.0,0.0,0.0,19.32334532835351,66.73163101986147,86.05497634821498
baseline,3600,6,8,38,0.0,0.0,4,6,0.383497894268256,0.0,0.0,0.0,3270.2976547438725,2.466008422926977,0.0,388.8125,0,0,204.9766530864362,16,16,32,0.5,false,0,0.0,0.0,0.0,31.87666112652642,51.24416327160903,83.12082439813545
baseline,3600,6,9,38,0.0,0.0,5,6,0.29486784966611174,0.0,0.0,0.0,2480.803169017486,1.9902829115693987,0.0,376.88235294117646,0,0,166.49730638856659,17,15,32,0.53125,false,0,0.0,0.0,0.0,24.667198027281323,58.98789714573525,83.65509517301658
baseline,3600,6,10,38,0.0,0.0,6,6,0.25161906775080234,0.0,0.0,0.0,3118.6567458527493,2.9066794141308256,0.0,157.0,0,0,259.1827902053197,23,9,32,0.71875,false,0,0.0,0.0,0.0,22.43636905104495,66.73163101986147,89.16800007090642
baseline,3600,13,1,45,0.0,0.0,9,13,0.5267730742190438,0.0,0.0,0.0,3001.547805090183,1.5977587406662601,0.0,298.4516129032258,0,0,301.1275484235247,31,1,32,0.96875,false,0,0.0,0.0,0.0,99.28024824884238,89.18847406774182,188.4687223165842
baseline,3600,13,2,45,0.0,0.0,8,13,0.5897216168777204,0.0,0.0,0.0,2517.297490857086,1.089722734105878,0.0,178.7391304347826,0,0,190.3674061347249,23,9,32,0.71875,false,0,0.0,0.0,0.0,103.02049414312765,71.67293949522087,174.69343363834852
baseline,3600,13,3,45,0.0,0.0,11,13,0.3379715693469005,0.0,0.0,0.0,2731.9698365431896,1.6601346032272202,0.0,210.32258064516128,0,0,301.1275484235246,31,1,32,0.96875,false,0,0.0,0.0,0.0,61.30379423237281,120.08363533999287,181.38742957236568
baseline,3600,13,4,45,0.0,0.0,10,13,0.4354570149635109,0.0,0.0,0.0,2726.4886285096013,1.6690988039227357,0.0,272.03225806451616,0,0,296.69487877993447,31,1,32,0.96875,false,0,0.0,0.0,0.0,77.40576289721653,100.35176594567682,177.75752884289335
baseline,3600,13,5,45,0.0,0.0,9,13,0.4334417441317385,0.0,0.0,0.0,3116.4780880632843,1.4069246437930256,0.0,117.70833333333333,0,0,259.7419141048454,24,8,32,0.75,false,0,0.0,0.0,0.0,80.02062425333608,104.59616759174042,184.6167918450765
baseline,3600,13,6,45,0.0,0.0,9,13,0.538853201676191,0.0,0.0,0.0,3123.3345909037375,1.4540747560413814,0.0,37.32142857142857,0,0,274.23803573205413,28,4,32,0.875,false,0,0.0,0.0,0.0,101.62754216152663,86.97213924594675,188.59968140747338
baseline,3600,13,7,45,0.0,0.0,11,13,0.40381141096809114,0.0,0.0,0.0,2581.4589485688502,1.585614843677402,0.0,111.13333333333334,0,0,293.3838145493984,30,2,32,0.9375,false,0,0.0,0.0,0.0,74.7165886979403,110.31183464159813,185.02842333953842
baseline,3600,13,8,45,0.0,0.0,12,13,0.29160593061411,0.0,0.0,0.0,3007.879128217455,1.501787716228677,0.0,360.5,0,0,273.5434513818097,30,2,32,0.9375,false,0,0.0,0.0,0.0,53.11462588327768,129.03059239613276,182.14521827941044
baseline,3600,13,9,45,0.0,0.0,9,13,0.4586137579592007,0.0,0.0,0.0,2589.071491416066,1.3664618657022312,0.0,287.81481481481484,0,0,239.33722587902267,27,5,32,0.84375,false,0,0.0,0.0,0.0,80.32667967905621,94.82436689334568,175.1510465724019
baseline,3600,13,10,45,0.0,0.0,9,13,0.538214309026467,0.0,0.0,0.0,2652.202273991082,1.5190353791594486,0.0,106.86666666666666,0,0,293.38381454939855,30,2,32,0.9375,false,0,0.0,0.0,0.0,103.9497625885638,89.18847406774182,193.13823665630562
baseline,3600,32,1,64,0.0,0.0,13,32,0.6954104382555316,0.0,0.0,0.0,2739.8237240429276,0.6859725973335452,0.0,158.53125,0,0,293.5956916103684,32,0,32,1.0,false,0,0.0,0.0,0.0,297.63507954447846,130.36407487015683,427.99915441463526
baseline,3600,32,2,64,0.0,0.0,13,32,0.7014671744638407,0.0,0.0,0.0,2915.2619663874316,0.7298584212157512,0.0,78.125,0,0,300.2446960757536,32,0,32,1.0,false,0,0.0,0.0,0.0,288.5652785278409,122.80860899355717,411.3738875213981
baseline,3600,32,3,64,0.0,0.0,14,32,0.6541204911302659,0.0,0.0,0.0,2761.5978726799963,0.7114857640946877,0.0,37.0625,0,0,300.24469607575367,32,0,32,1.0,false,0,0.0,0.0,0.0,276.03673603537084,145.960036391682,421.9967724270528
baseline,3600,32,4,64,0.0,0.0,15,32,0.6045024847105606,0.0,0.0,0.0,2628.255441786381,0.6698271715066949,0.0,1.0,0,0,279.3096034994239,31,1,32,0.96875,false,0,0.0,0.0,0.0,252.07002119536384,164.9175472114997,416.98756840686355
baseline,3600,32,5,64,0.0,0.0,15,32,0.648752252066872,0.0,0.0,0.0,2626.0220837485376,0.7105802950108676,0.0,37.96875,0,0,302.4610308975487,32,0,32,1.0,false,0,0.0,0.0,0.0,276.1437044271703,149.50985368750113,425.65355811467145
baseline,3600,32,6,64,0.0,0.0,14,32,0.6320363208087805,0.0,0.0,0.0,2672.4253378205544,0.7094191212923383,0.0,9.4375,0,0,300.2446960757536,32,0,32,1.0,false,0,0.0,0.0,0.0,267.4942743358491,155.7318370900767,423.22611142592586
baseline,3600,32,7,64,0.0,0.0,13,32,0.7241578140483642,0.0,0.0,0.0,2661.694287205203,0.7044939690291746,0.0,75.96875,0,0,293.59569161036836,32,0,32,1.0,false,0,0.0,0.0,0.0,301.79053845353417,114.95638134615822,416.74691979969236
baseline,3600,32,8,64,0.0,0.0,18,32,0.572098228965232,0.0,0.0,0.0,2906.3510593228307,0.675972101022852,0.0,45.806451612903224,0,0,292.5009622016273,31,1,32,0.96875,false,0,0.0,0.0,0.0,247.5535339298273,185.15805543758503,432.71158936741233
baseline,3600,32,9,64,0.0,0.0,12,32,0.7056154213509359,0.0,0.0,0.0,2754.1769036822775,0.6866188583954662,0.0,65.93333333333334,0,0,291.16747972760334,30,2,32,0.9375,false,0,0.0,0.0,0.0,299.2231590780897,124.8366758178257,424.0598348959154
baseline,3600,32,10,64,0.0,0.0,15,32,0.5981724203382793,0.0,0.0,0.0,2752.230798771848,0.7093839118488545,0.0,2.5,0,0,302.4610308975487,32,0,32,1.0,false,0,0.0,0.0,0.0,255.04362854587333,171.3277986116019,426.37142715747524
